stem,class,split,path,n_boxes
crazing_101,crazing,test,C:\Users\anmol\OneDrive\Desktop\MobileNetV2\NEU-DET\IMAGES\crazing\crazing_101.jpg,1
crazing_109,crazing,test,C:\Users\anmol\OneDrive\Desktop\MobileNetV2\NEU-DET\IMAGES\crazing\crazing_109.jpg,3
crazing_11,crazing,test,C:\Users\anmol\OneDrive\Desktop\MobileNetV2\NEU-DET\IMAGES\crazing\crazing_11.jpg,3
crazing_110,crazing,test,C:\Users\anmol\OneDrive\Desktop\MobileNetV2\NEU-DET\IMAGES\crazing\crazing_110.jpg,2
crazing_112,crazing,test,C:\Users\anmol\OneDrive\Desktop\MobileNetV2\NEU-DET\IMAGES\crazing\crazing_112.jpg,3
crazing_113,crazing,test,C:\Users\anmol\OneDrive\Desktop\MobileNetV2\NEU-DET\IMAGES\crazing\crazing_113.jpg,2
crazing_114,crazing,test,C:\Users\anmol\OneDrive\Desktop\MobileNetV2\NEU-DET\IMAGES\crazing\crazing_114.jpg,3
crazing_117,crazing,test,C:\Users\anmol\OneDrive\Desktop\MobileNetV2\NEU-DET\IMAGES\crazing\crazing_117.jpg,2
crazing_119,crazing,test,C:\Users\anmol\OneDrive\Desktop\MobileNetV2\NEU-DET\IMAGES\crazing\crazing_119.jpg,4
crazing_121,crazing,test,C:\Users\anmol\OneDrive\Desktop\MobileNetV2\NEU-DET\IMAGES\crazing\crazing_121.jpg,2
crazing_135,crazing,test,C:\Users\anmol\OneDrive\Desktop\MobileNetV2\NEU-DET\IMAGES\crazing\crazing_135.jpg,2
crazing_139,crazing,test,C:\Users\anmol\OneDrive\Desktop\MobileNetV2\NEU-DET\IMAGES\crazing\crazing_139.jpg,2
crazing_141,crazing,test,C:\Users\anmol\OneDrive\Desktop\MobileNetV2\NEU-DET\IMAGES\crazing\crazing_141.jpg,2
crazing_143,crazing,test,C:\Users\anmol\OneDrive\Desktop\MobileNetV2\NEU-DET\IMAGES\crazing\crazing_143.jpg,2
crazing_146,crazing,test,C:\Users\anmol\OneDrive\Desktop\MobileNetV2\NEU-DET\IMAGES\crazing\crazing_146.jpg,1
crazing_150,crazing,test,C:\Users\anmol\OneDrive\Desktop\MobileNetV2\NEU-DET\IMAGES\crazing\crazing_150.jpg,1
crazing_151,crazing,test,C:\Users\anmol\OneDrive\Desktop\MobileNetV2\NEU-DET\IMAGES\crazing\crazing_151.jpg,1
crazing_152,crazing,test,C:\Users\anmol\OneDrive\Desktop\MobileNetV2\NEU-DET\IMAGES\crazing\crazing_152.jpg,3
crazing_156,crazing,test,C:\Users\anmol\OneDrive\Desktop\MobileNetV2\NEU-DET\IMAGES\crazing\crazing_156.jpg,3
crazing_163,crazing,test,C:\Users\anmol\OneDrive\Desktop\MobileNetV2\NEU-DET\IMAGES\crazing\crazing_163.jpg,3
crazing_166,crazing,test,C:\Users\anmol\OneDrive\Desktop\MobileNetV2\NEU-DET\IMAGES\crazing\crazing_166.jpg,2
crazing_170,crazing,test,C:\Users\anmol\OneDrive\Desktop\MobileNetV2\NEU-DET\IMAGES\crazing\crazing_170.jpg,2
crazing_172,crazing,test,C:\Users\anmol\OneDrive\Desktop\MobileNetV2\NEU-DET\IMAGES\crazing\crazing_172.jpg,2
crazing_187,crazing,test,C:\Users\anmol\OneDrive\Desktop\MobileNetV2\NEU-DET\IMAGES\crazing\crazing_187.jpg,1
crazing_190,crazing,test,C:\Users\anmol\OneDrive\Desktop\MobileNetV2\NEU-DET\IMAGES\crazing\crazing_190.jpg,4
crazing_199,crazing,test,C:\Users\anmol\OneDrive\Desktop\MobileNetV2\NEU-DET\IMAGES\crazing\crazing_199.jpg,2
crazing_2,crazing,test,C:\Users\anmol\OneDrive\Desktop\MobileNetV2\NEU-DET\IMAGES\crazing\crazing_2.jpg,2
crazing_20,crazing,test,C:\Users\anmol\OneDrive\Desktop\MobileNetV2\NEU-DET\IMAGES\crazing\crazing_20.jpg,3
crazing_201,crazing,test,C:\Users\anmol\OneDrive\Desktop\MobileNetV2\NEU-DET\IMAGES\crazing\crazing_201.jpg,2
crazing_206,crazing,test,C:\Users\anmol\OneDrive\Desktop\MobileNetV2\NEU-DET\IMAGES\crazing\crazing_206.jpg,2
crazing_211,crazing,test,C:\Users\anmol\OneDrive\Desktop\MobileNetV2\NEU-DET\IMAGES\crazing\crazing_211.jpg,3
crazing_220,crazing,test,C:\Users\anmol\OneDrive\Desktop\MobileNetV2\NEU-DET\IMAGES\crazing\crazing_220.jpg,2
crazing_225,crazing,test,C:\Users\anmol\OneDrive\Desktop\MobileNetV2\NEU-DET\IMAGES\crazing\crazing_225.jpg,2
crazing_227,crazing,test,C:\Users\anmol\OneDrive\Desktop\MobileNetV2\NEU-DET\IMAGES\crazing\crazing_227.jpg,3
crazing_231,crazing,test,C:\Users\anmol\OneDrive\Desktop\MobileNetV2\NEU-DET\IMAGES\crazing\crazing_231.jpg,3
crazing_234,crazing,test,C:\Users\anmol\OneDrive\Desktop\MobileNetV2\NEU-DET\IMAGES\crazing\crazing_234.jpg,2
crazing_251,crazing,test,C:\Users\anmol\OneDrive\Desktop\MobileNetV2\NEU-DET\IMAGES\crazing\crazing_251.jpg,3
crazing_254,crazing,test,C:\Users\anmol\OneDrive\Desktop\MobileNetV2\NEU-DET\IMAGES\crazing\crazing_254.jpg,1
crazing_256,crazing,test,C:\Users\anmol\OneDrive\Desktop\MobileNetV2\NEU-DET\IMAGES\crazing\crazing_256.jpg,3
crazing_258,crazing,test,C:\Users\anmol\OneDrive\Desktop\MobileNetV2\NEU-DET\IMAGES\crazing\crazing_258.jpg,2
crazing_261,crazing,test,C:\Users\anmol\OneDrive\Desktop\MobileNetV2\NEU-DET\IMAGES\crazing\crazing_261.jpg,3
crazing_264,crazing,test,C:\Users\anmol\OneDrive\Desktop\MobileNetV2\NEU-DET\IMAGES\crazing\crazing_264.jpg,2
crazing_266,crazing,test,C:\Users\anmol\OneDrive\Desktop\MobileNetV2\NEU-DET\IMAGES\crazing\crazing_266.jpg,2
crazing_273,crazing,test,C:\Users\anmol\OneDrive\Desktop\MobileNetV2\NEU-DET\IMAGES\crazing\crazing_273.jpg,3
crazing_274,crazing,test,C:\Users\anmol\OneDrive\Desktop\MobileNetV2\NEU-DET\IMAGES\crazing\crazing_274.jpg,4
crazing_277,crazing,test,C:\Users\anmol\OneDrive\Desktop\MobileNetV2\NEU-DET\IMAGES\crazing\crazing_277.jpg,2
crazing_292,crazing,test,C:\Users\anmol\OneDrive\Desktop\MobileNetV2\NEU-DET\IMAGES\crazing\crazing_292.jpg,3
crazing_294,crazing,test,C:\Users\anmol\OneDrive\Desktop\MobileNetV2\NEU-DET\IMAGES\crazing\crazing_294.jpg,2
crazing_296,crazing,test,C:\Users\anmol\OneDrive\Desktop\MobileNetV2\NEU-DET\IMAGES\crazing\crazing_296.jpg,2
crazing_299,crazing,test,C:\Users\anmol\OneDrive\Desktop\MobileNetV2\NEU-DET\IMAGES\crazing\crazing_299.jpg,4
crazing_35,crazing,test,C:\Users\anmol\OneDrive\Desktop\MobileNetV2\NEU-DET\IMAGES\crazing\crazing_35.jpg,3
crazing_40,crazing,test,C:\Users\anmol\OneDrive\Desktop\MobileNetV2\NEU-DET\IMAGES\crazing\crazing_40.jpg,2
crazing_61,crazing,test,C:\Users\anmol\OneDrive\Desktop\MobileNetV2\NEU-DET\IMAGES\crazing\crazing_61.jpg,2
crazing_68,crazing,test,C:\Users\anmol\OneDrive\Desktop\MobileNetV2\NEU-DET\IMAGES\crazing\crazing_68.jpg,2
crazing_79,crazing,test,C:\Users\anmol\OneDrive\Desktop\MobileNetV2\NEU-DET\IMAGES\crazing\crazing_79.jpg,2
crazing_80,crazing,test,C:\Users\anmol\OneDrive\Desktop\MobileNetV2\NEU-DET\IMAGES\crazing\crazing_80.jpg,1
crazing_88,crazing,test,C:\Users\anmol\OneDrive\Desktop\MobileNetV2\NEU-DET\IMAGES\crazing\crazing_88.jpg,2
crazing_90,crazing,test,C:\Users\anmol\OneDrive\Desktop\MobileNetV2\NEU-DET\IMAGES\crazing\crazing_90.jpg,1
crazing_92,crazing,test,C:\Users\anmol\OneDrive\Desktop\MobileNetV2\NEU-DET\IMAGES\crazing\crazing_92.jpg,2
crazing_93,crazing,test,C:\Users\anmol\OneDrive\Desktop\MobileNetV2\NEU-DET\IMAGES\crazing\crazing_93.jpg,2
inclusion_102,inclusion,test,C:\Users\anmol\OneDrive\Desktop\MobileNetV2\NEU-DET\IMAGES\inclusion\inclusion_102.jpg,2
inclusion_114,inclusion,test,C:\Users\anmol\OneDrive\Desktop\MobileNetV2\NEU-DET\IMAGES\inclusion\inclusion_114.jpg,6
inclusion_115,inclusion,test,C:\Users\anmol\OneDrive\Desktop\MobileNetV2\NEU-DET\IMAGES\inclusion\inclusion_115.jpg,7
inclusion_117,inclusion,test,C:\Users\anmol\OneDrive\Desktop\MobileNetV2\NEU-DET\IMAGES\inclusion\inclusion_117.jpg,4
inclusion_121,inclusion,test,C:\Users\anmol\OneDrive\Desktop\MobileNetV2\NEU-DET\IMAGES\inclusion\inclusion_121.jpg,3
inclusion_125,inclusion,test,C:\Users\anmol\OneDrive\Desktop\MobileNetV2\NEU-DET\IMAGES\inclusion\inclusion_125.jpg,9
inclusion_127,inclusion,test,C:\Users\anmol\OneDrive\Desktop\MobileNetV2\NEU-DET\IMAGES\inclusion\inclusion_127.jpg,3
inclusion_129,inclusion,test,C:\Users\anmol\OneDrive\Desktop\MobileNetV2\NEU-DET\IMAGES\inclusion\inclusion_129.jpg,4
inclusion_13,inclusion,test,C:\Users\anmol\OneDrive\Desktop\MobileNetV2\NEU-DET\IMAGES\inclusion\inclusion_13.jpg,5
inclusion_130,inclusion,test,C:\Users\anmol\OneDrive\Desktop\MobileNetV2\NEU-DET\IMAGES\inclusion\inclusion_130.jpg,9
inclusion_132,inclusion,test,C:\Users\anmol\OneDrive\Desktop\MobileNetV2\NEU-DET\IMAGES\inclusion\inclusion_132.jpg,1
inclusion_135,inclusion,test,C:\Users\anmol\OneDrive\Desktop\MobileNetV2\NEU-DET\IMAGES\inclusion\inclusion_135.jpg,2
inclusion_136,inclusion,test,C:\Users\anmol\OneDrive\Desktop\MobileNetV2\NEU-DET\IMAGES\inclusion\inclusion_136.jpg,2
inclusion_145,inclusion,test,C:\Users\anmol\OneDrive\Desktop\MobileNetV2\NEU-DET\IMAGES\inclusion\inclusion_145.jpg,3
inclusion_148,inclusion,test,C:\Users\anmol\OneDrive\Desktop\MobileNetV2\NEU-DET\IMAGES\inclusion\inclusion_148.jpg,3
inclusion_154,inclusion,test,C:\Users\anmol\OneDrive\Desktop\MobileNetV2\NEU-DET\IMAGES\inclusion\inclusion_154.jpg,5
inclusion_155,inclusion,test,C:\Users\anmol\OneDrive\Desktop\MobileNetV2\NEU-DET\IMAGES\inclusion\inclusion_155.jpg,3
inclusion_16,inclusion,test,C:\Users\anmol\OneDrive\Desktop\MobileNetV2\NEU-DET\IMAGES\inclusion\inclusion_16.jpg,3
inclusion_164,inclusion,test,C:\Users\anmol\OneDrive\Desktop\MobileNetV2\NEU-DET\IMAGES\inclusion\inclusion_164.jpg,5
inclusion_170,inclusion,test,C:\Users\anmol\OneDrive\Desktop\MobileNetV2\NEU-DET\IMAGES\inclusion\inclusion_170.jpg,1
inclusion_171,inclusion,test,C:\Users\anmol\OneDrive\Desktop\MobileNetV2\NEU-DET\IMAGES\inclusion\inclusion_171.jpg,2
inclusion_18,inclusion,test,C:\Users\anmol\OneDrive\Desktop\MobileNetV2\NEU-DET\IMAGES\inclusion\inclusion_18.jpg,9
inclusion_184,inclusion,test,C:\Users\anmol\OneDrive\Desktop\MobileNetV2\NEU-DET\IMAGES\inclusion\inclusion_184.jpg,1
inclusion_185,inclusion,test,C:\Users\anmol\OneDrive\Desktop\MobileNetV2\NEU-DET\IMAGES\inclusion\inclusion_185.jpg,1
inclusion_187,inclusion,test,C:\Users\anmol\OneDrive\Desktop\MobileNetV2\NEU-DET\IMAGES\inclusion\inclusion_187.jpg,1
inclusion_193,inclusion,test,C:\Users\anmol\OneDrive\Desktop\MobileNetV2\NEU-DET\IMAGES\inclusion\inclusion_193.jpg,3
inclusion_2,inclusion,test,C:\Users\anmol\OneDrive\Desktop\MobileNetV2\NEU-DET\IMAGES\inclusion\inclusion_2.jpg,3
inclusion_207,inclusion,test,C:\Users\anmol\OneDrive\Desktop\MobileNetV2\NEU-DET\IMAGES\inclusion\inclusion_207.jpg,4
inclusion_209,inclusion,test,C:\Users\anmol\OneDrive\Desktop\MobileNetV2\NEU-DET\IMAGES\inclusion\inclusion_209.jpg,2
inclusion_212,inclusion,test,C:\Users\anmol\OneDrive\Desktop\MobileNetV2\NEU-DET\IMAGES\inclusion\inclusion_212.jpg,2
inclusion_215,inclusion,test,C:\Users\anmol\OneDrive\Desktop\MobileNetV2\NEU-DET\IMAGES\inclusion\inclusion_215.jpg,3
inclusion_219,inclusion,test,C:\Users\anmol\OneDrive\Desktop\MobileNetV2\NEU-DET\IMAGES\inclusion\inclusion_219.jpg,2
inclusion_220,inclusion,test,C:\Users\anmol\OneDrive\Desktop\MobileNetV2\NEU-DET\IMAGES\inclusion\inclusion_220.jpg,2
inclusion_222,inclusion,test,C:\Users\anmol\OneDrive\Desktop\MobileNetV2\NEU-DET\IMAGES\inclusion\inclusion_222.jpg,2
inclusion_235,inclusion,test,C:\Users\anmol\OneDrive\Desktop\MobileNetV2\NEU-DET\IMAGES\inclusion\inclusion_235.jpg,1
inclusion_237,inclusion,test,C:\Users\anmol\OneDrive\Desktop\MobileNetV2\NEU-DET\IMAGES\inclusion\inclusion_237.jpg,1
inclusion_243,inclusion,test,C:\Users\anmol\OneDrive\Desktop\MobileNetV2\NEU-DET\IMAGES\inclusion\inclusion_243.jpg,3
inclusion_244,inclusion,test,C:\Users\anmol\OneDrive\Desktop\MobileNetV2\NEU-DET\IMAGES\inclusion\inclusion_244.jpg,3
inclusion_281,inclusion,test,C:\Users\anmol\OneDrive\Desktop\MobileNetV2\NEU-DET\IMAGES\inclusion\inclusion_281.jpg,2
inclusion_285,inclusion,test,C:\Users\anmol\OneDrive\Desktop\MobileNetV2\NEU-DET\IMAGES\inclusion\inclusion_285.jpg,1
inclusion_292,inclusion,test,C:\Users\anmol\OneDrive\Desktop\MobileNetV2\NEU-DET\IMAGES\inclusion\inclusion_292.jpg,7
inclusion_31,inclusion,test,C:\Users\anmol\OneDrive\Desktop\MobileNetV2\NEU-DET\IMAGES\inclusion\inclusion_31.jpg,7
inclusion_4,inclusion,test,C:\Users\anmol\OneDrive\Desktop\MobileNetV2\NEU-DET\IMAGES\inclusion\inclusion_4.jpg,2
inclusion_43,inclusion,test,C:\Users\anmol\OneDrive\Desktop\MobileNetV2\NEU-DET\IMAGES\inclusion\inclusion_43.jpg,8
inclusion_49,inclusion,test,C:\Users\anmol\OneDrive\Desktop\MobileNetV2\NEU-DET\IMAGES\inclusion\inclusion_49.jpg,1
inclusion_50,inclusion,test,C:\Users\anmol\OneDrive\Desktop\MobileNetV2\NEU-DET\IMAGES\inclusion\inclusion_50.jpg,1
inclusion_53,inclusion,test,C:\Users\anmol\OneDrive\Desktop\MobileNetV2\NEU-DET\IMAGES\inclusion\inclusion_53.jpg,1
inclusion_60,inclusion,test,C:\Users\anmol\OneDrive\Desktop\MobileNetV2\NEU-DET\IMAGES\inclusion\inclusion_60.jpg,5
inclusion_63,inclusion,test,C:\Users\anmol\OneDrive\Desktop\MobileNetV2\NEU-DET\IMAGES\inclusion\inclusion_63.jpg,2
inclusion_65,inclusion,test,C:\Users\anmol\OneDrive\Desktop\MobileNetV2\NEU-DET\IMAGES\inclusion\inclusion_65.jpg,3
inclusion_7,inclusion,test,C:\Users\anmol\OneDrive\Desktop\MobileNetV2\NEU-DET\IMAGES\inclusion\inclusion_7.jpg,2
inclusion_71,inclusion,test,C:\Users\anmol\OneDrive\Desktop\MobileNetV2\NEU-DET\IMAGES\inclusion\inclusion_71.jpg,2
inclusion_73,inclusion,test,C:\Users\anmol\OneDrive\Desktop\MobileNetV2\NEU-DET\IMAGES\inclusion\inclusion_73.jpg,2
inclusion_79,inclusion,test,C:\Users\anmol\OneDrive\Desktop\MobileNetV2\NEU-DET\IMAGES\inclusion\inclusion_79.jpg,1
inclusion_82,inclusion,test,C:\Users\anmol\OneDrive\Desktop\MobileNetV2\NEU-DET\IMAGES\inclusion\inclusion_82.jpg,2
inclusion_83,inclusion,test,C:\Users\anmol\OneDrive\Desktop\MobileNetV2\NEU-DET\IMAGES\inclusion\inclusion_83.jpg,3
inclusion_85,inclusion,test,C:\Users\anmol\OneDrive\Desktop\MobileNetV2\NEU-DET\IMAGES\inclusion\inclusion_85.jpg,6
inclusion_9,inclusion,test,C:\Users\anmol\OneDrive\Desktop\MobileNetV2\NEU-DET\IMAGES\inclusion\inclusion_9.jpg,1
inclusion_90,inclusion,test,C:\Users\anmol\OneDrive\Desktop\MobileNetV2\NEU-DET\IMAGES\inclusion\inclusion_90.jpg,1
inclusion_93,inclusion,test,C:\Users\anmol\OneDrive\Desktop\MobileNetV2\NEU-DET\IMAGES\inclusion\inclusion_93.jpg,5
patches_10,patches,test,C:\Users\anmol\OneDrive\Desktop\MobileNetV2\NEU-DET\IMAGES\patches\patches_10.jpg,2
patches_108,patches,test,C:\Users\anmol\OneDrive\Desktop\MobileNetV2\NEU-DET\IMAGES\patches\patches_108.jpg,3
patches_127,patches,test,C:\Users\anmol\OneDrive\Desktop\MobileNetV2\NEU-DET\IMAGES\patches\patches_127.jpg,4
patches_128,patches,test,C:\Users\anmol\OneDrive\Desktop\MobileNetV2\NEU-DET\IMAGES\patches\patches_128.jpg,5
patches_134,patches,test,C:\Users\anmol\OneDrive\Desktop\MobileNetV2\NEU-DET\IMAGES\patches\patches_134.jpg,2
patches_136,patches,test,C:\Users\anmol\OneDrive\Desktop\MobileNetV2\NEU-DET\IMAGES\patches\patches_136.jpg,1
patches_162,patches,test,C:\Users\anmol\OneDrive\Desktop\MobileNetV2\NEU-DET\IMAGES\patches\patches_162.jpg,1
patches_168,patches,test,C:\Users\anmol\OneDrive\Desktop\MobileNetV2\NEU-DET\IMAGES\patches\patches_168.jpg,7
patches_169,patches,test,C:\Users\anmol\OneDrive\Desktop\MobileNetV2\NEU-DET\IMAGES\patches\patches_169.jpg,2
patches_17,patches,test,C:\Users\anmol\OneDrive\Desktop\MobileNetV2\NEU-DET\IMAGES\patches\patches_17.jpg,3
patches_172,patches,test,C:\Users\anmol\OneDrive\Desktop\MobileNetV2\NEU-DET\IMAGES\patches\patches_172.jpg,6
patches_180,patches,test,C:\Users\anmol\OneDrive\Desktop\MobileNetV2\NEU-DET\IMAGES\patches\patches_180.jpg,3
patches_189,patches,test,C:\Users\anmol\OneDrive\Desktop\MobileNetV2\NEU-DET\IMAGES\patches\patches_189.jpg,4
patches_194,patches,test,C:\Users\anmol\OneDrive\Desktop\MobileNetV2\NEU-DET\IMAGES\patches\patches_194.jpg,2
patches_196,patches,test,C:\Users\anmol\OneDrive\Desktop\MobileNetV2\NEU-DET\IMAGES\patches\patches_196.jpg,2
patches_198,patches,test,C:\Users\anmol\OneDrive\Desktop\MobileNetV2\NEU-DET\IMAGES\patches\patches_198.jpg,5
patches_205,patches,test,C:\Users\anmol\OneDrive\Desktop\MobileNetV2\NEU-DET\IMAGES\patches\patches_205.jpg,3
patches_207,patches,test,C:\Users\anmol\OneDrive\Desktop\MobileNetV2\NEU-DET\IMAGES\patches\patches_207.jpg,2
patches_209,patches,test,C:\Users\anmol\OneDrive\Desktop\MobileNetV2\NEU-DET\IMAGES\patches\patches_209.jpg,3
patches_212,patches,test,C:\Users\anmol\OneDrive\Desktop\MobileNetV2\NEU-DET\IMAGES\patches\patches_212.jpg,4
patches_218,patches,test,C:\Users\anmol\OneDrive\Desktop\MobileNetV2\NEU-DET\IMAGES\patches\patches_218.jpg,4
patches_222,patches,test,C:\Users\anmol\OneDrive\Desktop\MobileNetV2\NEU-DET\IMAGES\patches\patches_222.jpg,3
patches_224,patches,test,C:\Users\anmol\OneDrive\Desktop\MobileNetV2\NEU-DET\IMAGES\patches\patches_224.jpg,4
patches_225,patches,test,C:\Users\anmol\OneDrive\Desktop\MobileNetV2\NEU-DET\IMAGES\patches\patches_225.jpg,1
patches_226,patches,test,C:\Users\anmol\OneDrive\Desktop\MobileNetV2\NEU-DET\IMAGES\patches\patches_226.jpg,2
patches_230,patches,test,C:\Users\anmol\OneDrive\Desktop\MobileNetV2\NEU-DET\IMAGES\patches\patches_230.jpg,5
patches_245,patches,test,C:\Users\anmol\OneDrive\Desktop\MobileNetV2\NEU-DET\IMAGES\patches\patches_245.jpg,7
patches_246,patches,test,C:\Users\anmol\OneDrive\Desktop\MobileNetV2\NEU-DET\IMAGES\patches\patches_246.jpg,5
patches_251,patches,test,C:\Users\anmol\OneDrive\Desktop\MobileNetV2\NEU-DET\IMAGES\patches\patches_251.jpg,1
patches_253,patches,test,C:\Users\anmol\OneDrive\Desktop\MobileNetV2\NEU-DET\IMAGES\patches\patches_253.jpg,3
patches_269,patches,test,C:\Users\anmol\OneDrive\Desktop\MobileNetV2\NEU-DET\IMAGES\patches\patches_269.jpg,3
patches_271,patches,test,C:\Users\anmol\OneDrive\Desktop\MobileNetV2\NEU-DET\IMAGES\patches\patches_271.jpg,2
patches_272,patches,test,C:\Users\anmol\OneDrive\Desktop\MobileNetV2\NEU-DET\IMAGES\patches\patches_272.jpg,1
patches_274,patches,test,C:\Users\anmol\OneDrive\Desktop\MobileNetV2\NEU-DET\IMAGES\patches\patches_274.jpg,2
patches_276,patches,test,C:\Users\anmol\OneDrive\Desktop\MobileNetV2\NEU-DET\IMAGES\patches\patches_276.jpg,4
patches_279,patches,test,C:\Users\anmol\OneDrive\Desktop\MobileNetV2\NEU-DET\IMAGES\patches\patches_279.jpg,3
patches_287,patches,test,C:\Users\anmol\OneDrive\Desktop\MobileNetV2\NEU-DET\IMAGES\patches\patches_287.jpg,2
patches_290,patches,test,C:\Users\anmol\OneDrive\Desktop\MobileNetV2\NEU-DET\IMAGES\patches\patches_290.jpg,5
patches_291,patches,test,C:\Users\anmol\OneDrive\Desktop\MobileNetV2\NEU-DET\IMAGES\patches\patches_291.jpg,4
patches_293,patches,test,C:\Users\anmol\OneDrive\Desktop\MobileNetV2\NEU-DET\IMAGES\patches\patches_293.jpg,2
patches_296,patches,test,C:\Users\anmol\OneDrive\Desktop\MobileNetV2\NEU-DET\IMAGES\patches\patches_296.jpg,3
patches_31,patches,test,C:\Users\anmol\OneDrive\Desktop\MobileNetV2\NEU-DET\IMAGES\patches\patches_31.jpg,2
patches_32,patches,test,C:\Users\anmol\OneDrive\Desktop\MobileNetV2\NEU-DET\IMAGES\patches\patches_32.jpg,3
patches_34,patches,test,C:\Users\anmol\OneDrive\Desktop\MobileNetV2\NEU-DET\IMAGES\patches\patches_34.jpg,3
patches_36,patches,test,C:\Users\anmol\OneDrive\Desktop\MobileNetV2\NEU-DET\IMAGES\patches\patches_36.jpg,2
patches_42,patches,test,C:\Users\anmol\OneDrive\Desktop\MobileNetV2\NEU-DET\IMAGES\patches\patches_42.jpg,2
patches_43,patches,test,C:\Users\anmol\OneDrive\Desktop\MobileNetV2\NEU-DET\IMAGES\patches\patches_43.jpg,2
patches_46,patches,test,C:\Users\anmol\OneDrive\Desktop\MobileNetV2\NEU-DET\IMAGES\patches\patches_46.jpg,3
patches_48,patches,test,C:\Users\anmol\OneDrive\Desktop\MobileNetV2\NEU-DET\IMAGES\patches\patches_48.jpg,2
patches_49,patches,test,C:\Users\anmol\OneDrive\Desktop\MobileNetV2\NEU-DET\IMAGES\patches\patches_49.jpg,3
patches_52,patches,test,C:\Users\anmol\OneDrive\Desktop\MobileNetV2\NEU-DET\IMAGES\patches\patches_52.jpg,1
patches_61,patches,test,C:\Users\anmol\OneDrive\Desktop\MobileNetV2\NEU-DET\IMAGES\patches\patches_61.jpg,1
patches_68,patches,test,C:\Users\anmol\OneDrive\Desktop\MobileNetV2\NEU-DET\IMAGES\patches\patches_68.jpg,3
patches_69,patches,test,C:\Users\anmol\OneDrive\Desktop\MobileNetV2\NEU-DET\IMAGES\patches\patches_69.jpg,2
patches_73,patches,test,C:\Users\anmol\OneDrive\Desktop\MobileNetV2\NEU-DET\IMAGES\patches\patches_73.jpg,3
patches_81,patches,test,C:\Users\anmol\OneDrive\Desktop\MobileNetV2\NEU-DET\IMAGES\patches\patches_81.jpg,5
patches_83,patches,test,C:\Users\anmol\OneDrive\Desktop\MobileNetV2\NEU-DET\IMAGES\patches\patches_83.jpg,1
patches_87,patches,test,C:\Users\anmol\OneDrive\Desktop\MobileNetV2\NEU-DET\IMAGES\patches\patches_87.jpg,4
patches_91,patches,test,C:\Users\anmol\OneDrive\Desktop\MobileNetV2\NEU-DET\IMAGES\patches\patches_91.jpg,4
patches_93,patches,test,C:\Users\anmol\OneDrive\Desktop\MobileNetV2\NEU-DET\IMAGES\patches\patches_93.jpg,5
pitted_surface_10,pitted_surface,test,C:\Users\anmol\OneDrive\Desktop\MobileNetV2\NEU-DET\IMAGES\pitted_surface\pitted_surface_10.jpg,1
pitted_surface_113,pitted_surface,test,C:\Users\anmol\OneDrive\Desktop\MobileNetV2\NEU-DET\IMAGES\pitted_surface\pitted_surface_113.jpg,2
pitted_surface_123,pitted_surface,test,C:\Users\anmol\OneDrive\Desktop\MobileNetV2\NEU-DET\IMAGES\pitted_surface\pitted_surface_123.jpg,1
pitted_surface_125,pitted_surface,test,C:\Users\anmol\OneDrive\Desktop\MobileNetV2\NEU-DET\IMAGES\pitted_surface\pitted_surface_125.jpg,2
pitted_surface_126,pitted_surface,test,C:\Users\anmol\OneDrive\Desktop\MobileNetV2\NEU-DET\IMAGES\pitted_surface\pitted_surface_126.jpg,2
pitted_surface_129,pitted_surface,test,C:\Users\anmol\OneDrive\Desktop\MobileNetV2\NEU-DET\IMAGES\pitted_surface\pitted_surface_129.jpg,3
pitted_surface_131,pitted_surface,test,C:\Users\anmol\OneDrive\Desktop\MobileNetV2\NEU-DET\IMAGES\pitted_surface\pitted_surface_131.jpg,1
pitted_surface_132,pitted_surface,test,C:\Users\anmol\OneDrive\Desktop\MobileNetV2\NEU-DET\IMAGES\pitted_surface\pitted_surface_132.jpg,1
pitted_surface_133,pitted_surface,test,C:\Users\anmol\OneDrive\Desktop\MobileNetV2\NEU-DET\IMAGES\pitted_surface\pitted_surface_133.jpg,1
pitted_surface_136,pitted_surface,test,C:\Users\anmol\OneDrive\Desktop\MobileNetV2\NEU-DET\IMAGES\pitted_surface\pitted_surface_136.jpg,1
pitted_surface_138,pitted_surface,test,C:\Users\anmol\OneDrive\Desktop\MobileNetV2\NEU-DET\IMAGES\pitted_surface\pitted_surface_138.jpg,1
pitted_surface_144,pitted_surface,test,C:\Users\anmol\OneDrive\Desktop\MobileNetV2\NEU-DET\IMAGES\pitted_surface\pitted_surface_144.jpg,1
pitted_surface_152,pitted_surface,test,C:\Users\anmol\OneDrive\Desktop\MobileNetV2\NEU-DET\IMAGES\pitted_surface\pitted_surface_152.jpg,1
pitted_surface_153,pitted_surface,test,C:\Users\anmol\OneDrive\Desktop\MobileNetV2\NEU-DET\IMAGES\pitted_surface\pitted_surface_153.jpg,1
pitted_surface_16,pitted_surface,test,C:\Users\anmol\OneDrive\Desktop\MobileNetV2\NEU-DET\IMAGES\pitted_surface\pitted_surface_16.jpg,1
pitted_surface_168,pitted_surface,test,C:\Users\anmol\OneDrive\Desktop\MobileNetV2\NEU-DET\IMAGES\pitted_surface\pitted_surface_168.jpg,2
pitted_surface_169,pitted_surface,test,C:\Users\anmol\OneDrive\Desktop\MobileNetV2\NEU-DET\IMAGES\pitted_surface\pitted_surface_169.jpg,1
pitted_surface_171,pitted_surface,test,C:\Users\anmol\OneDrive\Desktop\MobileNetV2\NEU-DET\IMAGES\pitted_surface\pitted_surface_171.jpg,4
pitted_surface_179,pitted_surface,test,C:\Users\anmol\OneDrive\Desktop\MobileNetV2\NEU-DET\IMAGES\pitted_surface\pitted_surface_179.jpg,1
pitted_surface_195,pitted_surface,test,C:\Users\anmol\OneDrive\Desktop\MobileNetV2\NEU-DET\IMAGES\pitted_surface\pitted_surface_195.jpg,2
pitted_surface_197,pitted_surface,test,C:\Users\anmol\OneDrive\Desktop\MobileNetV2\NEU-DET\IMAGES\pitted_surface\pitted_surface_197.jpg,3
pitted_surface_202,pitted_surface,test,C:\Users\anmol\OneDrive\Desktop\MobileNetV2\NEU-DET\IMAGES\pitted_surface\pitted_surface_202.jpg,1
pitted_surface_205,pitted_surface,test,C:\Users\anmol\OneDrive\Desktop\MobileNetV2\NEU-DET\IMAGES\pitted_surface\pitted_surface_205.jpg,2
pitted_surface_209,pitted_surface,test,C:\Users\anmol\OneDrive\Desktop\MobileNetV2\NEU-DET\IMAGES\pitted_surface\pitted_surface_209.jpg,2
pitted_surface_213,pitted_surface,test,C:\Users\anmol\OneDrive\Desktop\MobileNetV2\NEU-DET\IMAGES\pitted_surface\pitted_surface_213.jpg,2
pitted_surface_220,pitted_surface,test,C:\Users\anmol\OneDrive\Desktop\MobileNetV2\NEU-DET\IMAGES\pitted_surface\pitted_surface_220.jpg,2
pitted_surface_224,pitted_surface,test,C:\Users\anmol\OneDrive\Desktop\MobileNetV2\NEU-DET\IMAGES\pitted_surface\pitted_surface_224.jpg,1
pitted_surface_229,pitted_surface,test,C:\Users\anmol\OneDrive\Desktop\MobileNetV2\NEU-DET\IMAGES\pitted_surface\pitted_surface_229.jpg,2
pitted_surface_231,pitted_surface,test,C:\Users\anmol\OneDrive\Desktop\MobileNetV2\NEU-DET\IMAGES\pitted_surface\pitted_surface_231.jpg,2
pitted_surface_233,pitted_surface,test,C:\Users\anmol\OneDrive\Desktop\MobileNetV2\NEU-DET\IMAGES\pitted_surface\pitted_surface_233.jpg,2
pitted_surface_234,pitted_surface,test,C:\Users\anmol\OneDrive\Desktop\MobileNetV2\NEU-DET\IMAGES\pitted_surface\pitted_surface_234.jpg,1
pitted_surface_236,pitted_surface,test,C:\Users\anmol\OneDrive\Desktop\MobileNetV2\NEU-DET\IMAGES\pitted_surface\pitted_surface_236.jpg,4
pitted_surface_239,pitted_surface,test,C:\Users\anmol\OneDrive\Desktop\MobileNetV2\NEU-DET\IMAGES\pitted_surface\pitted_surface_239.jpg,2
pitted_surface_24,pitted_surface,test,C:\Users\anmol\OneDrive\Desktop\MobileNetV2\NEU-DET\IMAGES\pitted_surface\pitted_surface_24.jpg,1
pitted_surface_243,pitted_surface,test,C:\Users\anmol\OneDrive\Desktop\MobileNetV2\NEU-DET\IMAGES\pitted_surface\pitted_surface_243.jpg,1
pitted_surface_251,pitted_surface,test,C:\Users\anmol\OneDrive\Desktop\MobileNetV2\NEU-DET\IMAGES\pitted_surface\pitted_surface_251.jpg,1
pitted_surface_257,pitted_surface,test,C:\Users\anmol\OneDrive\Desktop\MobileNetV2\NEU-DET\IMAGES\pitted_surface\pitted_surface_257.jpg,1
pitted_surface_274,pitted_surface,test,C:\Users\anmol\OneDrive\Desktop\MobileNetV2\NEU-DET\IMAGES\pitted_surface\pitted_surface_274.jpg,1
pitted_surface_280,pitted_surface,test,C:\Users\anmol\OneDrive\Desktop\MobileNetV2\NEU-DET\IMAGES\pitted_surface\pitted_surface_280.jpg,3
pitted_surface_281,pitted_surface,test,C:\Users\anmol\OneDrive\Desktop\MobileNetV2\NEU-DET\IMAGES\pitted_surface\pitted_surface_281.jpg,2
pitted_surface_284,pitted_surface,test,C:\Users\anmol\OneDrive\Desktop\MobileNetV2\NEU-DET\IMAGES\pitted_surface\pitted_surface_284.jpg,2
pitted_surface_288,pitted_surface,test,C:\Users\anmol\OneDrive\Desktop\MobileNetV2\NEU-DET\IMAGES\pitted_surface\pitted_surface_288.jpg,1
pitted_surface_291,pitted_surface,test,C:\Users\anmol\OneDrive\Desktop\MobileNetV2\NEU-DET\IMAGES\pitted_surface\pitted_surface_291.jpg,2
pitted_surface_297,pitted_surface,test,C:\Users\anmol\OneDrive\Desktop\MobileNetV2\NEU-DET\IMAGES\pitted_surface\pitted_surface_297.jpg,1
pitted_surface_32,pitted_surface,test,C:\Users\anmol\OneDrive\Desktop\MobileNetV2\NEU-DET\IMAGES\pitted_surface\pitted_surface_32.jpg,1
pitted_surface_36,pitted_surface,test,C:\Users\anmol\OneDrive\Desktop\MobileNetV2\NEU-DET\IMAGES\pitted_surface\pitted_surface_36.jpg,1
pitted_surface_38,pitted_surface,test,C:\Users\anmol\OneDrive\Desktop\MobileNetV2\NEU-DET\IMAGES\pitted_surface\pitted_surface_38.jpg,1
pitted_surface_41,pitted_surface,test,C:\Users\anmol\OneDrive\Desktop\MobileNetV2\NEU-DET\IMAGES\pitted_surface\pitted_surface_41.jpg,2
pitted_surface_44,pitted_surface,test,C:\Users\anmol\OneDrive\Desktop\MobileNetV2\NEU-DET\IMAGES\pitted_surface\pitted_surface_44.jpg,1
pitted_surface_45,pitted_surface,test,C:\Users\anmol\OneDrive\Desktop\MobileNetV2\NEU-DET\IMAGES\pitted_surface\pitted_surface_45.jpg,1
pitted_surface_55,pitted_surface,test,C:\Users\anmol\OneDrive\Desktop\MobileNetV2\NEU-DET\IMAGES\pitted_surface\pitted_surface_55.jpg,2
pitted_surface_7,pitted_surface,test,C:\Users\anmol\OneDrive\Desktop\MobileNetV2\NEU-DET\IMAGES\pitted_surface\pitted_surface_7.jpg,2
pitted_surface_72,pitted_surface,test,C:\Users\anmol\OneDrive\Desktop\MobileNetV2\NEU-DET\IMAGES\pitted_surface\pitted_surface_72.jpg,1
pitted_surface_75,pitted_surface,test,C:\Users\anmol\OneDrive\Desktop\MobileNetV2\NEU-DET\IMAGES\pitted_surface\pitted_surface_75.jpg,2
pitted_surface_77,pitted_surface,test,C:\Users\anmol\OneDrive\Desktop\MobileNetV2\NEU-DET\IMAGES\pitted_surface\pitted_surface_77.jpg,1
pitted_surface_82,pitted_surface,test,C:\Users\anmol\OneDrive\Desktop\MobileNetV2\NEU-DET\IMAGES\pitted_surface\pitted_surface_82.jpg,2
pitted_surface_86,pitted_surface,test,C:\Users\anmol\OneDrive\Desktop\MobileNetV2\NEU-DET\IMAGES\pitted_surface\pitted_surface_86.jpg,1
pitted_surface_89,pitted_surface,test,C:\Users\anmol\OneDrive\Desktop\MobileNetV2\NEU-DET\IMAGES\pitted_surface\pitted_surface_89.jpg,1
pitted_surface_95,pitted_surface,test,C:\Users\anmol\OneDrive\Desktop\MobileNetV2\NEU-DET\IMAGES\pitted_surface\pitted_surface_95.jpg,1
pitted_surface_98,pitted_surface,test,C:\Users\anmol\OneDrive\Desktop\MobileNetV2\NEU-DET\IMAGES\pitted_surface\pitted_surface_98.jpg,1
rolled-in_scale_102,rolled-in_scale,test,C:\Users\anmol\OneDrive\Desktop\MobileNetV2\NEU-DET\IMAGES\rolled-in_scale\rolled-in_scale_102.jpg,4
rolled-in_scale_109,rolled-in_scale,test,C:\Users\anmol\OneDrive\Desktop\MobileNetV2\NEU-DET\IMAGES\rolled-in_scale\rolled-in_scale_109.jpg,2
rolled-in_scale_120,rolled-in_scale,test,C:\Users\anmol\OneDrive\Desktop\MobileNetV2\NEU-DET\IMAGES\rolled-in_scale\rolled-in_scale_120.jpg,1
rolled-in_scale_121,rolled-in_scale,test,C:\Users\anmol\OneDrive\Desktop\MobileNetV2\NEU-DET\IMAGES\rolled-in_scale\rolled-in_scale_121.jpg,1
rolled-in_scale_130,rolled-in_scale,test,C:\Users\anmol\OneDrive\Desktop\MobileNetV2\NEU-DET\IMAGES\rolled-in_scale\rolled-in_scale_130.jpg,2
rolled-in_scale_132,rolled-in_scale,test,C:\Users\anmol\OneDrive\Desktop\MobileNetV2\NEU-DET\IMAGES\rolled-in_scale\rolled-in_scale_132.jpg,1
rolled-in_scale_135,rolled-in_scale,test,C:\Users\anmol\OneDrive\Desktop\MobileNetV2\NEU-DET\IMAGES\rolled-in_scale\rolled-in_scale_135.jpg,2
rolled-in_scale_148,rolled-in_scale,test,C:\Users\anmol\OneDrive\Desktop\MobileNetV2\NEU-DET\IMAGES\rolled-in_scale\rolled-in_scale_148.jpg,2
rolled-in_scale_157,rolled-in_scale,test,C:\Users\anmol\OneDrive\Desktop\MobileNetV2\NEU-DET\IMAGES\rolled-in_scale\rolled-in_scale_157.jpg,2
rolled-in_scale_165,rolled-in_scale,test,C:\Users\anmol\OneDrive\Desktop\MobileNetV2\NEU-DET\IMAGES\rolled-in_scale\rolled-in_scale_165.jpg,2
rolled-in_scale_171,rolled-in_scale,test,C:\Users\anmol\OneDrive\Desktop\MobileNetV2\NEU-DET\IMAGES\rolled-in_scale\rolled-in_scale_171.jpg,2
rolled-in_scale_178,rolled-in_scale,test,C:\Users\anmol\OneDrive\Desktop\MobileNetV2\NEU-DET\IMAGES\rolled-in_scale\rolled-in_scale_178.jpg,3
rolled-in_scale_18,rolled-in_scale,test,C:\Users\anmol\OneDrive\Desktop\MobileNetV2\NEU-DET\IMAGES\rolled-in_scale\rolled-in_scale_18.jpg,2
rolled-in_scale_187,rolled-in_scale,test,C:\Users\anmol\OneDrive\Desktop\MobileNetV2\NEU-DET\IMAGES\rolled-in_scale\rolled-in_scale_187.jpg,2
rolled-in_scale_190,rolled-in_scale,test,C:\Users\anmol\OneDrive\Desktop\MobileNetV2\NEU-DET\IMAGES\rolled-in_scale\rolled-in_scale_190.jpg,3
rolled-in_scale_20,rolled-in_scale,test,C:\Users\anmol\OneDrive\Desktop\MobileNetV2\NEU-DET\IMAGES\rolled-in_scale\rolled-in_scale_20.jpg,3
rolled-in_scale_204,rolled-in_scale,test,C:\Users\anmol\OneDrive\Desktop\MobileNetV2\NEU-DET\IMAGES\rolled-in_scale\rolled-in_scale_204.jpg,2
rolled-in_scale_205,rolled-in_scale,test,C:\Users\anmol\OneDrive\Desktop\MobileNetV2\NEU-DET\IMAGES\rolled-in_scale\rolled-in_scale_205.jpg,3
rolled-in_scale_208,rolled-in_scale,test,C:\Users\anmol\OneDrive\Desktop\MobileNetV2\NEU-DET\IMAGES\rolled-in_scale\rolled-in_scale_208.jpg,2
rolled-in_scale_21,rolled-in_scale,test,C:\Users\anmol\OneDrive\Desktop\MobileNetV2\NEU-DET\IMAGES\rolled-in_scale\rolled-in_scale_21.jpg,3
rolled-in_scale_214,rolled-in_scale,test,C:\Users\anmol\OneDrive\Desktop\MobileNetV2\NEU-DET\IMAGES\rolled-in_scale\rolled-in_scale_214.jpg,4
rolled-in_scale_216,rolled-in_scale,test,C:\Users\anmol\OneDrive\Desktop\MobileNetV2\NEU-DET\IMAGES\rolled-in_scale\rolled-in_scale_216.jpg,2
rolled-in_scale_225,rolled-in_scale,test,C:\Users\anmol\OneDrive\Desktop\MobileNetV2\NEU-DET\IMAGES\rolled-in_scale\rolled-in_scale_225.jpg,2
rolled-in_scale_230,rolled-in_scale,test,C:\Users\anmol\OneDrive\Desktop\MobileNetV2\NEU-DET\IMAGES\rolled-in_scale\rolled-in_scale_230.jpg,2
rolled-in_scale_231,rolled-in_scale,test,C:\Users\anmol\OneDrive\Desktop\MobileNetV2\NEU-DET\IMAGES\rolled-in_scale\rolled-in_scale_231.jpg,3
rolled-in_scale_235,rolled-in_scale,test,C:\Users\anmol\OneDrive\Desktop\MobileNetV2\NEU-DET\IMAGES\rolled-in_scale\rolled-in_scale_235.jpg,2
rolled-in_scale_237,rolled-in_scale,test,C:\Users\anmol\OneDrive\Desktop\MobileNetV2\NEU-DET\IMAGES\rolled-in_scale\rolled-in_scale_237.jpg,2
rolled-in_scale_238,rolled-in_scale,test,C:\Users\anmol\OneDrive\Desktop\MobileNetV2\NEU-DET\IMAGES\rolled-in_scale\rolled-in_scale_238.jpg,2
rolled-in_scale_241,rolled-in_scale,test,C:\Users\anmol\OneDrive\Desktop\MobileNetV2\NEU-DET\IMAGES\rolled-in_scale\rolled-in_scale_241.jpg,2
rolled-in_scale_243,rolled-in_scale,test,C:\Users\anmol\OneDrive\Desktop\MobileNetV2\NEU-DET\IMAGES\rolled-in_scale\rolled-in_scale_243.jpg,1
rolled-in_scale_248,rolled-in_scale,test,C:\Users\anmol\OneDrive\Desktop\MobileNetV2\NEU-DET\IMAGES\rolled-in_scale\rolled-in_scale_248.jpg,2
rolled-in_scale_250,rolled-in_scale,test,C:\Users\anmol\OneDrive\Desktop\MobileNetV2\NEU-DET\IMAGES\rolled-in_scale\rolled-in_scale_250.jpg,3
rolled-in_scale_255,rolled-in_scale,test,C:\Users\anmol\OneDrive\Desktop\MobileNetV2\NEU-DET\IMAGES\rolled-in_scale\rolled-in_scale_255.jpg,4
rolled-in_scale_256,rolled-in_scale,test,C:\Users\anmol\OneDrive\Desktop\MobileNetV2\NEU-DET\IMAGES\rolled-in_scale\rolled-in_scale_256.jpg,1
rolled-in_scale_258,rolled-in_scale,test,C:\Users\anmol\OneDrive\Desktop\MobileNetV2\NEU-DET\IMAGES\rolled-in_scale\rolled-in_scale_258.jpg,1
rolled-in_scale_261,rolled-in_scale,test,C:\Users\anmol\OneDrive\Desktop\MobileNetV2\NEU-DET\IMAGES\rolled-in_scale\rolled-in_scale_261.jpg,1
rolled-in_scale_264,rolled-in_scale,test,C:\Users\anmol\OneDrive\Desktop\MobileNetV2\NEU-DET\IMAGES\rolled-in_scale\rolled-in_scale_264.jpg,3
rolled-in_scale_265,rolled-in_scale,test,C:\Users\anmol\OneDrive\Desktop\MobileNetV2\NEU-DET\IMAGES\rolled-in_scale\rolled-in_scale_265.jpg,2
rolled-in_scale_273,rolled-in_scale,test,C:\Users\anmol\OneDrive\Desktop\MobileNetV2\NEU-DET\IMAGES\rolled-in_scale\rolled-in_scale_273.jpg,2
rolled-in_scale_275,rolled-in_scale,test,C:\Users\anmol\OneDrive\Desktop\MobileNetV2\NEU-DET\IMAGES\rolled-in_scale\rolled-in_scale_275.jpg,3
rolled-in_scale_276,rolled-in_scale,test,C:\Users\anmol\OneDrive\Desktop\MobileNetV2\NEU-DET\IMAGES\rolled-in_scale\rolled-in_scale_276.jpg,2
rolled-in_scale_281,rolled-in_scale,test,C:\Users\anmol\OneDrive\Desktop\MobileNetV2\NEU-DET\IMAGES\rolled-in_scale\rolled-in_scale_281.jpg,3
rolled-in_scale_292,rolled-in_scale,test,C:\Users\anmol\OneDrive\Desktop\MobileNetV2\NEU-DET\IMAGES\rolled-in_scale\rolled-in_scale_292.jpg,4
rolled-in_scale_295,rolled-in_scale,test,C:\Users\anmol\OneDrive\Desktop\MobileNetV2\NEU-DET\IMAGES\rolled-in_scale\rolled-in_scale_295.jpg,3
rolled-in_scale_32,rolled-in_scale,test,C:\Users\anmol\OneDrive\Desktop\MobileNetV2\NEU-DET\IMAGES\rolled-in_scale\rolled-in_scale_32.jpg,1
rolled-in_scale_37,rolled-in_scale,test,C:\Users\anmol\OneDrive\Desktop\MobileNetV2\NEU-DET\IMAGES\rolled-in_scale\rolled-in_scale_37.jpg,4
rolled-in_scale_39,rolled-in_scale,test,C:\Users\anmol\OneDrive\Desktop\MobileNetV2\NEU-DET\IMAGES\rolled-in_scale\rolled-in_scale_39.jpg,3
rolled-in_scale_40,rolled-in_scale,test,C:\Users\anmol\OneDrive\Desktop\MobileNetV2\NEU-DET\IMAGES\rolled-in_scale\rolled-in_scale_40.jpg,4
rolled-in_scale_41,rolled-in_scale,test,C:\Users\anmol\OneDrive\Desktop\MobileNetV2\NEU-DET\IMAGES\rolled-in_scale\rolled-in_scale_41.jpg,2
rolled-in_scale_43,rolled-in_scale,test,C:\Users\anmol\OneDrive\Desktop\MobileNetV2\NEU-DET\IMAGES\rolled-in_scale\rolled-in_scale_43.jpg,3
rolled-in_scale_49,rolled-in_scale,test,C:\Users\anmol\OneDrive\Desktop\MobileNetV2\NEU-DET\IMAGES\rolled-in_scale\rolled-in_scale_49.jpg,3
rolled-in_scale_51,rolled-in_scale,test,C:\Users\anmol\OneDrive\Desktop\MobileNetV2\NEU-DET\IMAGES\rolled-in_scale\rolled-in_scale_51.jpg,3
rolled-in_scale_58,rolled-in_scale,test,C:\Users\anmol\OneDrive\Desktop\MobileNetV2\NEU-DET\IMAGES\rolled-in_scale\rolled-in_scale_58.jpg,1
rolled-in_scale_7,rolled-in_scale,test,C:\Users\anmol\OneDrive\Desktop\MobileNetV2\NEU-DET\IMAGES\rolled-in_scale\rolled-in_scale_7.jpg,2
rolled-in_scale_75,rolled-in_scale,test,C:\Users\anmol\OneDrive\Desktop\MobileNetV2\NEU-DET\IMAGES\rolled-in_scale\rolled-in_scale_75.jpg,2
rolled-in_scale_80,rolled-in_scale,test,C:\Users\anmol\OneDrive\Desktop\MobileNetV2\NEU-DET\IMAGES\rolled-in_scale\rolled-in_scale_80.jpg,2
rolled-in_scale_88,rolled-in_scale,test,C:\Users\anmol\OneDrive\Desktop\MobileNetV2\NEU-DET\IMAGES\rolled-in_scale\rolled-in_scale_88.jpg,2
rolled-in_scale_90,rolled-in_scale,test,C:\Users\anmol\OneDrive\Desktop\MobileNetV2\NEU-DET\IMAGES\rolled-in_scale\rolled-in_scale_90.jpg,2
rolled-in_scale_94,rolled-in_scale,test,C:\Users\anmol\OneDrive\Desktop\MobileNetV2\NEU-DET\IMAGES\rolled-in_scale\rolled-in_scale_94.jpg,1
rolled-in_scale_96,rolled-in_scale,test,C:\Users\anmol\OneDrive\Desktop\MobileNetV2\NEU-DET\IMAGES\rolled-in_scale\rolled-in_scale_96.jpg,2
scratches_101,scratches,test,C:\Users\anmol\OneDrive\Desktop\MobileNetV2\NEU-DET\IMAGES\scratches\scratches_101.jpg,1
scratches_105,scratches,test,C:\Users\anmol\OneDrive\Desktop\MobileNetV2\NEU-DET\IMAGES\scratches\scratches_105.jpg,1
scratches_110,scratches,test,C:\Users\anmol\OneDrive\Desktop\MobileNetV2\NEU-DET\IMAGES\scratches\scratches_110.jpg,3
scratches_111,scratches,test,C:\Users\anmol\OneDrive\Desktop\MobileNetV2\NEU-DET\IMAGES\scratches\scratches_111.jpg,4
scratches_114,scratches,test,C:\Users\anmol\OneDrive\Desktop\MobileNetV2\NEU-DET\IMAGES\scratches\scratches_114.jpg,3
scratches_12,scratches,test,C:\Users\anmol\OneDrive\Desktop\MobileNetV2\NEU-DET\IMAGES\scratches\scratches_12.jpg,2
scratches_122,scratches,test,C:\Users\anmol\OneDrive\Desktop\MobileNetV2\NEU-DET\IMAGES\scratches\scratches_122.jpg,2
scratches_126,scratches,test,C:\Users\anmol\OneDrive\Desktop\MobileNetV2\NEU-DET\IMAGES\scratches\scratches_126.jpg,1
scratches_13,scratches,test,C:\Users\anmol\OneDrive\Desktop\MobileNetV2\NEU-DET\IMAGES\scratches\scratches_13.jpg,2
scratches_131,scratches,test,C:\Users\anmol\OneDrive\Desktop\MobileNetV2\NEU-DET\IMAGES\scratches\scratches_131.jpg,4
scratches_138,scratches,test,C:\Users\anmol\OneDrive\Desktop\MobileNetV2\NEU-DET\IMAGES\scratches\scratches_138.jpg,2
scratches_140,scratches,test,C:\Users\anmol\OneDrive\Desktop\MobileNetV2\NEU-DET\IMAGES\scratches\scratches_140.jpg,4
scratches_141,scratches,test,C:\Users\anmol\OneDrive\Desktop\MobileNetV2\NEU-DET\IMAGES\scratches\scratches_141.jpg,5
scratches_143,scratches,test,C:\Users\anmol\OneDrive\Desktop\MobileNetV2\NEU-DET\IMAGES\scratches\scratches_143.jpg,3
scratches_147,scratches,test,C:\Users\anmol\OneDrive\Desktop\MobileNetV2\NEU-DET\IMAGES\scratches\scratches_147.jpg,2
scratches_149,scratches,test,C:\Users\anmol\OneDrive\Desktop\MobileNetV2\NEU-DET\IMAGES\scratches\scratches_149.jpg,1
scratches_151,scratches,test,C:\Users\anmol\OneDrive\Desktop\MobileNetV2\NEU-DET\IMAGES\scratches\scratches_151.jpg,2
scratches_155,scratches,test,C:\Users\anmol\OneDrive\Desktop\MobileNetV2\NEU-DET\IMAGES\scratches\scratches_155.jpg,3
scratches_159,scratches,test,C:\Users\anmol\OneDrive\Desktop\MobileNetV2\NEU-DET\IMAGES\scratches\scratches_159.jpg,2
scratches_165,scratches,test,C:\Users\anmol\OneDrive\Desktop\MobileNetV2\NEU-DET\IMAGES\scratches\scratches_165.jpg,2
scratches_170,scratches,test,C:\Users\anmol\OneDrive\Desktop\MobileNetV2\NEU-DET\IMAGES\scratches\scratches_170.jpg,1
scratches_182,scratches,test,C:\Users\anmol\OneDrive\Desktop\MobileNetV2\NEU-DET\IMAGES\scratches\scratches_182.jpg,1
scratches_186,scratches,test,C:\Users\anmol\OneDrive\Desktop\MobileNetV2\NEU-DET\IMAGES\scratches\scratches_186.jpg,3
scratches_191,scratches,test,C:\Users\anmol\OneDrive\Desktop\MobileNetV2\NEU-DET\IMAGES\scratches\scratches_191.jpg,1
scratches_196,scratches,test,C:\Users\anmol\OneDrive\Desktop\MobileNetV2\NEU-DET\IMAGES\scratches\scratches_196.jpg,1
scratches_197,scratches,test,C:\Users\anmol\OneDrive\Desktop\MobileNetV2\NEU-DET\IMAGES\scratches\scratches_197.jpg,2
scratches_201,scratches,test,C:\Users\anmol\OneDrive\Desktop\MobileNetV2\NEU-DET\IMAGES\scratches\scratches_201.jpg,1
scratches_202,scratches,test,C:\Users\anmol\OneDrive\Desktop\MobileNetV2\NEU-DET\IMAGES\scratches\scratches_202.jpg,2
scratches_203,scratches,test,C:\Users\anmol\OneDrive\Desktop\MobileNetV2\NEU-DET\IMAGES\scratches\scratches_203.jpg,1
scratches_220,scratches,test,C:\Users\anmol\OneDrive\Desktop\MobileNetV2\NEU-DET\IMAGES\scratches\scratches_220.jpg,3
scratches_221,scratches,test,C:\Users\anmol\OneDrive\Desktop\MobileNetV2\NEU-DET\IMAGES\scratches\scratches_221.jpg,3
scratches_224,scratches,test,C:\Users\anmol\OneDrive\Desktop\MobileNetV2\NEU-DET\IMAGES\scratches\scratches_224.jpg,4
scratches_227,scratches,test,C:\Users\anmol\OneDrive\Desktop\MobileNetV2\NEU-DET\IMAGES\scratches\scratches_227.jpg,1
scratches_229,scratches,test,C:\Users\anmol\OneDrive\Desktop\MobileNetV2\NEU-DET\IMAGES\scratches\scratches_229.jpg,2
scratches_231,scratches,test,C:\Users\anmol\OneDrive\Desktop\MobileNetV2\NEU-DET\IMAGES\scratches\scratches_231.jpg,4
scratches_241,scratches,test,C:\Users\anmol\OneDrive\Desktop\MobileNetV2\NEU-DET\IMAGES\scratches\scratches_241.jpg,2
scratches_242,scratches,test,C:\Users\anmol\OneDrive\Desktop\MobileNetV2\NEU-DET\IMAGES\scratches\scratches_242.jpg,3
scratches_245,scratches,test,C:\Users\anmol\OneDrive\Desktop\MobileNetV2\NEU-DET\IMAGES\scratches\scratches_245.jpg,2
scratches_250,scratches,test,C:\Users\anmol\OneDrive\Desktop\MobileNetV2\NEU-DET\IMAGES\scratches\scratches_250.jpg,2
scratches_255,scratches,test,C:\Users\anmol\OneDrive\Desktop\MobileNetV2\NEU-DET\IMAGES\scratches\scratches_255.jpg,1
scratches_260,scratches,test,C:\Users\anmol\OneDrive\Desktop\MobileNetV2\NEU-DET\IMAGES\scratches\scratches_260.jpg,3
scratches_261,scratches,test,C:\Users\anmol\OneDrive\Desktop\MobileNetV2\NEU-DET\IMAGES\scratches\scratches_261.jpg,1
scratches_262,scratches,test,C:\Users\anmol\OneDrive\Desktop\MobileNetV2\NEU-DET\IMAGES\scratches\scratches_262.jpg,2
scratches_269,scratches,test,C:\Users\anmol\OneDrive\Desktop\MobileNetV2\NEU-DET\IMAGES\scratches\scratches_269.jpg,3
scratches_27,scratches,test,C:\Users\anmol\OneDrive\Desktop\MobileNetV2\NEU-DET\IMAGES\scratches\scratches_27.jpg,4
scratches_270,scratches,test,C:\Users\anmol\OneDrive\Desktop\MobileNetV2\NEU-DET\IMAGES\scratches\scratches_270.jpg,2
scratches_271,scratches,test,C:\Users\anmol\OneDrive\Desktop\MobileNetV2\NEU-DET\IMAGES\scratches\scratches_271.jpg,4
scratches_289,scratches,test,C:\Users\anmol\OneDrive\Desktop\MobileNetV2\NEU-DET\IMAGES\scratches\scratches_289.jpg,1
scratches_294,scratches,test,C:\Users\anmol\OneDrive\Desktop\MobileNetV2\NEU-DET\IMAGES\scratches\scratches_294.jpg,3
scratches_297,scratches,test,C:\Users\anmol\OneDrive\Desktop\MobileNetV2\NEU-DET\IMAGES\scratches\scratches_297.jpg,2
scratches_299,scratches,test,C:\Users\anmol\OneDrive\Desktop\MobileNetV2\NEU-DET\IMAGES\scratches\scratches_299.jpg,1
scratches_50,scratches,test,C:\Users\anmol\OneDrive\Desktop\MobileNetV2\NEU-DET\IMAGES\scratches\scratches_50.jpg,1
scratches_62,scratches,test,C:\Users\anmol\OneDrive\Desktop\MobileNetV2\NEU-DET\IMAGES\scratches\scratches_62.jpg,1
scratches_65,scratches,test,C:\Users\anmol\OneDrive\Desktop\MobileNetV2\NEU-DET\IMAGES\scratches\scratches_65.jpg,1
scratches_73,scratches,test,C:\Users\anmol\OneDrive\Desktop\MobileNetV2\NEU-DET\IMAGES\scratches\scratches_73.jpg,1
scratches_74,scratches,test,C:\Users\anmol\OneDrive\Desktop\MobileNetV2\NEU-DET\IMAGES\scratches\scratches_74.jpg,2
scratches_85,scratches,test,C:\Users\anmol\OneDrive\Desktop\MobileNetV2\NEU-DET\IMAGES\scratches\scratches_85.jpg,2
scratches_88,scratches,test,C:\Users\anmol\OneDrive\Desktop\MobileNetV2\NEU-DET\IMAGES\scratches\scratches_88.jpg,2
scratches_89,scratches,test,C:\Users\anmol\OneDrive\Desktop\MobileNetV2\NEU-DET\IMAGES\scratches\scratches_89.jpg,2
scratches_9,scratches,test,C:\Users\anmol\OneDrive\Desktop\MobileNetV2\NEU-DET\IMAGES\scratches\scratches_9.jpg,2
crazing_1,crazing,train,C:\Users\anmol\OneDrive\Desktop\MobileNetV2\NEU-DET\IMAGES\crazing\crazing_1.jpg,1
crazing_10,crazing,train,C:\Users\anmol\OneDrive\Desktop\MobileNetV2\NEU-DET\IMAGES\crazing\crazing_10.jpg,2
crazing_100,crazing,train,C:\Users\anmol\OneDrive\Desktop\MobileNetV2\NEU-DET\IMAGES\crazing\crazing_100.jpg,4
crazing_102,crazing,train,C:\Users\anmol\OneDrive\Desktop\MobileNetV2\NEU-DET\IMAGES\crazing\crazing_102.jpg,2
crazing_103,crazing,train,C:\Users\anmol\OneDrive\Desktop\MobileNetV2\NEU-DET\IMAGES\crazing\crazing_103.jpg,3
crazing_104,crazing,train,C:\Users\anmol\OneDrive\Desktop\MobileNetV2\NEU-DET\IMAGES\crazing\crazing_104.jpg,4
crazing_105,crazing,train,C:\Users\anmol\OneDrive\Desktop\MobileNetV2\NEU-DET\IMAGES\crazing\crazing_105.jpg,4
crazing_106,crazing,train,C:\Users\anmol\OneDrive\Desktop\MobileNetV2\NEU-DET\IMAGES\crazing\crazing_106.jpg,3
crazing_107,crazing,train,C:\Users\anmol\OneDrive\Desktop\MobileNetV2\NEU-DET\IMAGES\crazing\crazing_107.jpg,3
crazing_108,crazing,train,C:\Users\anmol\OneDrive\Desktop\MobileNetV2\NEU-DET\IMAGES\crazing\crazing_108.jpg,2
crazing_111,crazing,train,C:\Users\anmol\OneDrive\Desktop\MobileNetV2\NEU-DET\IMAGES\crazing\crazing_111.jpg,2
crazing_116,crazing,train,C:\Users\anmol\OneDrive\Desktop\MobileNetV2\NEU-DET\IMAGES\crazing\crazing_116.jpg,2
crazing_118,crazing,train,C:\Users\anmol\OneDrive\Desktop\MobileNetV2\NEU-DET\IMAGES\crazing\crazing_118.jpg,4
crazing_12,crazing,train,C:\Users\anmol\OneDrive\Desktop\MobileNetV2\NEU-DET\IMAGES\crazing\crazing_12.jpg,2
crazing_120,crazing,train,C:\Users\anmol\OneDrive\Desktop\MobileNetV2\NEU-DET\IMAGES\crazing\crazing_120.jpg,5
crazing_122,crazing,train,C:\Users\anmol\OneDrive\Desktop\MobileNetV2\NEU-DET\IMAGES\crazing\crazing_122.jpg,2
crazing_123,crazing,train,C:\Users\anmol\OneDrive\Desktop\MobileNetV2\NEU-DET\IMAGES\crazing\crazing_123.jpg,1
crazing_124,crazing,train,C:\Users\anmol\OneDrive\Desktop\MobileNetV2\NEU-DET\IMAGES\crazing\crazing_124.jpg,2
crazing_125,crazing,train,C:\Users\anmol\OneDrive\Desktop\MobileNetV2\NEU-DET\IMAGES\crazing\crazing_125.jpg,3
crazing_126,crazing,train,C:\Users\anmol\OneDrive\Desktop\MobileNetV2\NEU-DET\IMAGES\crazing\crazing_126.jpg,2
crazing_127,crazing,train,C:\Users\anmol\OneDrive\Desktop\MobileNetV2\NEU-DET\IMAGES\crazing\crazing_127.jpg,2
crazing_128,crazing,train,C:\Users\anmol\OneDrive\Desktop\MobileNetV2\NEU-DET\IMAGES\crazing\crazing_128.jpg,3
crazing_129,crazing,train,C:\Users\anmol\OneDrive\Desktop\MobileNetV2\NEU-DET\IMAGES\crazing\crazing_129.jpg,2
crazing_13,crazing,train,C:\Users\anmol\OneDrive\Desktop\MobileNetV2\NEU-DET\IMAGES\crazing\crazing_13.jpg,3
crazing_130,crazing,train,C:\Users\anmol\OneDrive\Desktop\MobileNetV2\NEU-DET\IMAGES\crazing\crazing_130.jpg,3
crazing_131,crazing,train,C:\Users\anmol\OneDrive\Desktop\MobileNetV2\NEU-DET\IMAGES\crazing\crazing_131.jpg,3
crazing_132,crazing,train,C:\Users\anmol\OneDrive\Desktop\MobileNetV2\NEU-DET\IMAGES\crazing\crazing_132.jpg,2
crazing_133,crazing,train,C:\Users\anmol\OneDrive\Desktop\MobileNetV2\NEU-DET\IMAGES\crazing\crazing_133.jpg,2
crazing_134,crazing,train,C:\Users\anmol\OneDrive\Desktop\MobileNetV2\NEU-DET\IMAGES\crazing\crazing_134.jpg,2
crazing_137,crazing,train,C:\Users\anmol\OneDrive\Desktop\MobileNetV2\NEU-DET\IMAGES\crazing\crazing_137.jpg,3
crazing_14,crazing,train,C:\Users\anmol\OneDrive\Desktop\MobileNetV2\NEU-DET\IMAGES\crazing\crazing_14.jpg,1
crazing_140,crazing,train,C:\Users\anmol\OneDrive\Desktop\MobileNetV2\NEU-DET\IMAGES\crazing\crazing_140.jpg,2
crazing_142,crazing,train,C:\Users\anmol\OneDrive\Desktop\MobileNetV2\NEU-DET\IMAGES\crazing\crazing_142.jpg,3
crazing_144,crazing,train,C:\Users\anmol\OneDrive\Desktop\MobileNetV2\NEU-DET\IMAGES\crazing\crazing_144.jpg,2
crazing_145,crazing,train,C:\Users\anmol\OneDrive\Desktop\MobileNetV2\NEU-DET\IMAGES\crazing\crazing_145.jpg,2
crazing_148,crazing,train,C:\Users\anmol\OneDrive\Desktop\MobileNetV2\NEU-DET\IMAGES\crazing\crazing_148.jpg,1
crazing_149,crazing,train,C:\Users\anmol\OneDrive\Desktop\MobileNetV2\NEU-DET\IMAGES\crazing\crazing_149.jpg,2
crazing_153,crazing,train,C:\Users\anmol\OneDrive\Desktop\MobileNetV2\NEU-DET\IMAGES\crazing\crazing_153.jpg,2
crazing_154,crazing,train,C:\Users\anmol\OneDrive\Desktop\MobileNetV2\NEU-DET\IMAGES\crazing\crazing_154.jpg,3
crazing_157,crazing,train,C:\Users\anmol\OneDrive\Desktop\MobileNetV2\NEU-DET\IMAGES\crazing\crazing_157.jpg,2
crazing_158,crazing,train,C:\Users\anmol\OneDrive\Desktop\MobileNetV2\NEU-DET\IMAGES\crazing\crazing_158.jpg,1
crazing_159,crazing,train,C:\Users\anmol\OneDrive\Desktop\MobileNetV2\NEU-DET\IMAGES\crazing\crazing_159.jpg,2
crazing_16,crazing,train,C:\Users\anmol\OneDrive\Desktop\MobileNetV2\NEU-DET\IMAGES\crazing\crazing_16.jpg,2
crazing_162,crazing,train,C:\Users\anmol\OneDrive\Desktop\MobileNetV2\NEU-DET\IMAGES\crazing\crazing_162.jpg,1
crazing_164,crazing,train,C:\Users\anmol\OneDrive\Desktop\MobileNetV2\NEU-DET\IMAGES\crazing\crazing_164.jpg,1
crazing_165,crazing,train,C:\Users\anmol\OneDrive\Desktop\MobileNetV2\NEU-DET\IMAGES\crazing\crazing_165.jpg,2
crazing_167,crazing,train,C:\Users\anmol\OneDrive\Desktop\MobileNetV2\NEU-DET\IMAGES\crazing\crazing_167.jpg,2
crazing_168,crazing,train,C:\Users\anmol\OneDrive\Desktop\MobileNetV2\NEU-DET\IMAGES\crazing\crazing_168.jpg,2
crazing_169,crazing,train,C:\Users\anmol\OneDrive\Desktop\MobileNetV2\NEU-DET\IMAGES\crazing\crazing_169.jpg,3
crazing_17,crazing,train,C:\Users\anmol\OneDrive\Desktop\MobileNetV2\NEU-DET\IMAGES\crazing\crazing_17.jpg,2
crazing_171,crazing,train,C:\Users\anmol\OneDrive\Desktop\MobileNetV2\NEU-DET\IMAGES\crazing\crazing_171.jpg,1
crazing_173,crazing,train,C:\Users\anmol\OneDrive\Desktop\MobileNetV2\NEU-DET\IMAGES\crazing\crazing_173.jpg,3
crazing_174,crazing,train,C:\Users\anmol\OneDrive\Desktop\MobileNetV2\NEU-DET\IMAGES\crazing\crazing_174.jpg,2
crazing_175,crazing,train,C:\Users\anmol\OneDrive\Desktop\MobileNetV2\NEU-DET\IMAGES\crazing\crazing_175.jpg,2
crazing_176,crazing,train,C:\Users\anmol\OneDrive\Desktop\MobileNetV2\NEU-DET\IMAGES\crazing\crazing_176.jpg,2
crazing_177,crazing,train,C:\Users\anmol\OneDrive\Desktop\MobileNetV2\NEU-DET\IMAGES\crazing\crazing_177.jpg,3
crazing_178,crazing,train,C:\Users\anmol\OneDrive\Desktop\MobileNetV2\NEU-DET\IMAGES\crazing\crazing_178.jpg,2
crazing_179,crazing,train,C:\Users\anmol\OneDrive\Desktop\MobileNetV2\NEU-DET\IMAGES\crazing\crazing_179.jpg,2
crazing_18,crazing,train,C:\Users\anmol\OneDrive\Desktop\MobileNetV2\NEU-DET\IMAGES\crazing\crazing_18.jpg,2
crazing_181,crazing,train,C:\Users\anmol\OneDrive\Desktop\MobileNetV2\NEU-DET\IMAGES\crazing\crazing_181.jpg,2
crazing_182,crazing,train,C:\Users\anmol\OneDrive\Desktop\MobileNetV2\NEU-DET\IMAGES\crazing\crazing_182.jpg,3
crazing_185,crazing,train,C:\Users\anmol\OneDrive\Desktop\MobileNetV2\NEU-DET\IMAGES\crazing\crazing_185.jpg,1
crazing_186,crazing,train,C:\Users\anmol\OneDrive\Desktop\MobileNetV2\NEU-DET\IMAGES\crazing\crazing_186.jpg,3
crazing_188,crazing,train,C:\Users\anmol\OneDrive\Desktop\MobileNetV2\NEU-DET\IMAGES\crazing\crazing_188.jpg,3
crazing_189,crazing,train,C:\Users\anmol\OneDrive\Desktop\MobileNetV2\NEU-DET\IMAGES\crazing\crazing_189.jpg,2
crazing_19,crazing,train,C:\Users\anmol\OneDrive\Desktop\MobileNetV2\NEU-DET\IMAGES\crazing\crazing_19.jpg,1
crazing_191,crazing,train,C:\Users\anmol\OneDrive\Desktop\MobileNetV2\NEU-DET\IMAGES\crazing\crazing_191.jpg,3
crazing_192,crazing,train,C:\Users\anmol\OneDrive\Desktop\MobileNetV2\NEU-DET\IMAGES\crazing\crazing_192.jpg,3
crazing_193,crazing,train,C:\Users\anmol\OneDrive\Desktop\MobileNetV2\NEU-DET\IMAGES\crazing\crazing_193.jpg,1
crazing_194,crazing,train,C:\Users\anmol\OneDrive\Desktop\MobileNetV2\NEU-DET\IMAGES\crazing\crazing_194.jpg,1
crazing_195,crazing,train,C:\Users\anmol\OneDrive\Desktop\MobileNetV2\NEU-DET\IMAGES\crazing\crazing_195.jpg,1
crazing_196,crazing,train,C:\Users\anmol\OneDrive\Desktop\MobileNetV2\NEU-DET\IMAGES\crazing\crazing_196.jpg,3
crazing_197,crazing,train,C:\Users\anmol\OneDrive\Desktop\MobileNetV2\NEU-DET\IMAGES\crazing\crazing_197.jpg,2
crazing_198,crazing,train,C:\Users\anmol\OneDrive\Desktop\MobileNetV2\NEU-DET\IMAGES\crazing\crazing_198.jpg,3
crazing_200,crazing,train,C:\Users\anmol\OneDrive\Desktop\MobileNetV2\NEU-DET\IMAGES\crazing\crazing_200.jpg,3
crazing_202,crazing,train,C:\Users\anmol\OneDrive\Desktop\MobileNetV2\NEU-DET\IMAGES\crazing\crazing_202.jpg,1
crazing_204,crazing,train,C:\Users\anmol\OneDrive\Desktop\MobileNetV2\NEU-DET\IMAGES\crazing\crazing_204.jpg,1
crazing_207,crazing,train,C:\Users\anmol\OneDrive\Desktop\MobileNetV2\NEU-DET\IMAGES\crazing\crazing_207.jpg,1
crazing_208,crazing,train,C:\Users\anmol\OneDrive\Desktop\MobileNetV2\NEU-DET\IMAGES\crazing\crazing_208.jpg,2
crazing_209,crazing,train,C:\Users\anmol\OneDrive\Desktop\MobileNetV2\NEU-DET\IMAGES\crazing\crazing_209.jpg,2
crazing_21,crazing,train,C:\Users\anmol\OneDrive\Desktop\MobileNetV2\NEU-DET\IMAGES\crazing\crazing_21.jpg,3
crazing_210,crazing,train,C:\Users\anmol\OneDrive\Desktop\MobileNetV2\NEU-DET\IMAGES\crazing\crazing_210.jpg,1
crazing_212,crazing,train,C:\Users\anmol\OneDrive\Desktop\MobileNetV2\NEU-DET\IMAGES\crazing\crazing_212.jpg,2
crazing_213,crazing,train,C:\Users\anmol\OneDrive\Desktop\MobileNetV2\NEU-DET\IMAGES\crazing\crazing_213.jpg,2
crazing_214,crazing,train,C:\Users\anmol\OneDrive\Desktop\MobileNetV2\NEU-DET\IMAGES\crazing\crazing_214.jpg,3
crazing_215,crazing,train,C:\Users\anmol\OneDrive\Desktop\MobileNetV2\NEU-DET\IMAGES\crazing\crazing_215.jpg,3
crazing_216,crazing,train,C:\Users\anmol\OneDrive\Desktop\MobileNetV2\NEU-DET\IMAGES\crazing\crazing_216.jpg,3
crazing_217,crazing,train,C:\Users\anmol\OneDrive\Desktop\MobileNetV2\NEU-DET\IMAGES\crazing\crazing_217.jpg,2
crazing_218,crazing,train,C:\Users\anmol\OneDrive\Desktop\MobileNetV2\NEU-DET\IMAGES\crazing\crazing_218.jpg,3
crazing_219,crazing,train,C:\Users\anmol\OneDrive\Desktop\MobileNetV2\NEU-DET\IMAGES\crazing\crazing_219.jpg,1
crazing_22,crazing,train,C:\Users\anmol\OneDrive\Desktop\MobileNetV2\NEU-DET\IMAGES\crazing\crazing_22.jpg,2
crazing_222,crazing,train,C:\Users\anmol\OneDrive\Desktop\MobileNetV2\NEU-DET\IMAGES\crazing\crazing_222.jpg,2
crazing_223,crazing,train,C:\Users\anmol\OneDrive\Desktop\MobileNetV2\NEU-DET\IMAGES\crazing\crazing_223.jpg,2
crazing_224,crazing,train,C:\Users\anmol\OneDrive\Desktop\MobileNetV2\NEU-DET\IMAGES\crazing\crazing_224.jpg,3
crazing_226,crazing,train,C:\Users\anmol\OneDrive\Desktop\MobileNetV2\NEU-DET\IMAGES\crazing\crazing_226.jpg,2
crazing_228,crazing,train,C:\Users\anmol\OneDrive\Desktop\MobileNetV2\NEU-DET\IMAGES\crazing\crazing_228.jpg,3
crazing_229,crazing,train,C:\Users\anmol\OneDrive\Desktop\MobileNetV2\NEU-DET\IMAGES\crazing\crazing_229.jpg,3
crazing_23,crazing,train,C:\Users\anmol\OneDrive\Desktop\MobileNetV2\NEU-DET\IMAGES\crazing\crazing_23.jpg,2
crazing_230,crazing,train,C:\Users\anmol\OneDrive\Desktop\MobileNetV2\NEU-DET\IMAGES\crazing\crazing_230.jpg,2
crazing_232,crazing,train,C:\Users\anmol\OneDrive\Desktop\MobileNetV2\NEU-DET\IMAGES\crazing\crazing_232.jpg,4
crazing_233,crazing,train,C:\Users\anmol\OneDrive\Desktop\MobileNetV2\NEU-DET\IMAGES\crazing\crazing_233.jpg,2
crazing_235,crazing,train,C:\Users\anmol\OneDrive\Desktop\MobileNetV2\NEU-DET\IMAGES\crazing\crazing_235.jpg,4
crazing_236,crazing,train,C:\Users\anmol\OneDrive\Desktop\MobileNetV2\NEU-DET\IMAGES\crazing\crazing_236.jpg,4
crazing_237,crazing,train,C:\Users\anmol\OneDrive\Desktop\MobileNetV2\NEU-DET\IMAGES\crazing\crazing_237.jpg,3
crazing_238,crazing,train,C:\Users\anmol\OneDrive\Desktop\MobileNetV2\NEU-DET\IMAGES\crazing\crazing_238.jpg,2
crazing_24,crazing,train,C:\Users\anmol\OneDrive\Desktop\MobileNetV2\NEU-DET\IMAGES\crazing\crazing_24.jpg,2
crazing_240,crazing,train,C:\Users\anmol\OneDrive\Desktop\MobileNetV2\NEU-DET\IMAGES\crazing\crazing_240.jpg,3
crazing_241,crazing,train,C:\Users\anmol\OneDrive\Desktop\MobileNetV2\NEU-DET\IMAGES\crazing\crazing_241.jpg,3
crazing_242,crazing,train,C:\Users\anmol\OneDrive\Desktop\MobileNetV2\NEU-DET\IMAGES\crazing\crazing_242.jpg,3
crazing_243,crazing,train,C:\Users\anmol\OneDrive\Desktop\MobileNetV2\NEU-DET\IMAGES\crazing\crazing_243.jpg,4
crazing_244,crazing,train,C:\Users\anmol\OneDrive\Desktop\MobileNetV2\NEU-DET\IMAGES\crazing\crazing_244.jpg,3
crazing_247,crazing,train,C:\Users\anmol\OneDrive\Desktop\MobileNetV2\NEU-DET\IMAGES\crazing\crazing_247.jpg,3
crazing_249,crazing,train,C:\Users\anmol\OneDrive\Desktop\MobileNetV2\NEU-DET\IMAGES\crazing\crazing_249.jpg,3
crazing_25,crazing,train,C:\Users\anmol\OneDrive\Desktop\MobileNetV2\NEU-DET\IMAGES\crazing\crazing_25.jpg,2
crazing_250,crazing,train,C:\Users\anmol\OneDrive\Desktop\MobileNetV2\NEU-DET\IMAGES\crazing\crazing_250.jpg,3
crazing_252,crazing,train,C:\Users\anmol\OneDrive\Desktop\MobileNetV2\NEU-DET\IMAGES\crazing\crazing_252.jpg,3
crazing_255,crazing,train,C:\Users\anmol\OneDrive\Desktop\MobileNetV2\NEU-DET\IMAGES\crazing\crazing_255.jpg,3
crazing_259,crazing,train,C:\Users\anmol\OneDrive\Desktop\MobileNetV2\NEU-DET\IMAGES\crazing\crazing_259.jpg,3
crazing_26,crazing,train,C:\Users\anmol\OneDrive\Desktop\MobileNetV2\NEU-DET\IMAGES\crazing\crazing_26.jpg,2
crazing_262,crazing,train,C:\Users\anmol\OneDrive\Desktop\MobileNetV2\NEU-DET\IMAGES\crazing\crazing_262.jpg,3
crazing_263,crazing,train,C:\Users\anmol\OneDrive\Desktop\MobileNetV2\NEU-DET\IMAGES\crazing\crazing_263.jpg,2
crazing_265,crazing,train,C:\Users\anmol\OneDrive\Desktop\MobileNetV2\NEU-DET\IMAGES\crazing\crazing_265.jpg,2
crazing_268,crazing,train,C:\Users\anmol\OneDrive\Desktop\MobileNetV2\NEU-DET\IMAGES\crazing\crazing_268.jpg,3
crazing_269,crazing,train,C:\Users\anmol\OneDrive\Desktop\MobileNetV2\NEU-DET\IMAGES\crazing\crazing_269.jpg,3
crazing_27,crazing,train,C:\Users\anmol\OneDrive\Desktop\MobileNetV2\NEU-DET\IMAGES\crazing\crazing_27.jpg,2
crazing_270,crazing,train,C:\Users\anmol\OneDrive\Desktop\MobileNetV2\NEU-DET\IMAGES\crazing\crazing_270.jpg,3
crazing_271,crazing,train,C:\Users\anmol\OneDrive\Desktop\MobileNetV2\NEU-DET\IMAGES\crazing\crazing_271.jpg,4
crazing_272,crazing,train,C:\Users\anmol\OneDrive\Desktop\MobileNetV2\NEU-DET\IMAGES\crazing\crazing_272.jpg,3
crazing_275,crazing,train,C:\Users\anmol\OneDrive\Desktop\MobileNetV2\NEU-DET\IMAGES\crazing\crazing_275.jpg,3
crazing_276,crazing,train,C:\Users\anmol\OneDrive\Desktop\MobileNetV2\NEU-DET\IMAGES\crazing\crazing_276.jpg,2
crazing_278,crazing,train,C:\Users\anmol\OneDrive\Desktop\MobileNetV2\NEU-DET\IMAGES\crazing\crazing_278.jpg,4
crazing_279,crazing,train,C:\Users\anmol\OneDrive\Desktop\MobileNetV2\NEU-DET\IMAGES\crazing\crazing_279.jpg,2
crazing_28,crazing,train,C:\Users\anmol\OneDrive\Desktop\MobileNetV2\NEU-DET\IMAGES\crazing\crazing_28.jpg,2
crazing_280,crazing,train,C:\Users\anmol\OneDrive\Desktop\MobileNetV2\NEU-DET\IMAGES\crazing\crazing_280.jpg,1
crazing_281,crazing,train,C:\Users\anmol\OneDrive\Desktop\MobileNetV2\NEU-DET\IMAGES\crazing\crazing_281.jpg,2
crazing_282,crazing,train,C:\Users\anmol\OneDrive\Desktop\MobileNetV2\NEU-DET\IMAGES\crazing\crazing_282.jpg,2
crazing_283,crazing,train,C:\Users\anmol\OneDrive\Desktop\MobileNetV2\NEU-DET\IMAGES\crazing\crazing_283.jpg,4
crazing_284,crazing,train,C:\Users\anmol\OneDrive\Desktop\MobileNetV2\NEU-DET\IMAGES\crazing\crazing_284.jpg,2
crazing_285,crazing,train,C:\Users\anmol\OneDrive\Desktop\MobileNetV2\NEU-DET\IMAGES\crazing\crazing_285.jpg,3
crazing_286,crazing,train,C:\Users\anmol\OneDrive\Desktop\MobileNetV2\NEU-DET\IMAGES\crazing\crazing_286.jpg,3
crazing_287,crazing,train,C:\Users\anmol\OneDrive\Desktop\MobileNetV2\NEU-DET\IMAGES\crazing\crazing_287.jpg,2
crazing_288,crazing,train,C:\Users\anmol\OneDrive\Desktop\MobileNetV2\NEU-DET\IMAGES\crazing\crazing_288.jpg,2
crazing_289,crazing,train,C:\Users\anmol\OneDrive\Desktop\MobileNetV2\NEU-DET\IMAGES\crazing\crazing_289.jpg,1
crazing_29,crazing,train,C:\Users\anmol\OneDrive\Desktop\MobileNetV2\NEU-DET\IMAGES\crazing\crazing_29.jpg,1
crazing_290,crazing,train,C:\Users\anmol\OneDrive\Desktop\MobileNetV2\NEU-DET\IMAGES\crazing\crazing_290.jpg,3
crazing_293,crazing,train,C:\Users\anmol\OneDrive\Desktop\MobileNetV2\NEU-DET\IMAGES\crazing\crazing_293.jpg,3
crazing_295,crazing,train,C:\Users\anmol\OneDrive\Desktop\MobileNetV2\NEU-DET\IMAGES\crazing\crazing_295.jpg,2
crazing_297,crazing,train,C:\Users\anmol\OneDrive\Desktop\MobileNetV2\NEU-DET\IMAGES\crazing\crazing_297.jpg,3
crazing_298,crazing,train,C:\Users\anmol\OneDrive\Desktop\MobileNetV2\NEU-DET\IMAGES\crazing\crazing_298.jpg,2
crazing_3,crazing,train,C:\Users\anmol\OneDrive\Desktop\MobileNetV2\NEU-DET\IMAGES\crazing\crazing_3.jpg,1
crazing_30,crazing,train,C:\Users\anmol\OneDrive\Desktop\MobileNetV2\NEU-DET\IMAGES\crazing\crazing_30.jpg,3
crazing_300,crazing,train,C:\Users\anmol\OneDrive\Desktop\MobileNetV2\NEU-DET\IMAGES\crazing\crazing_300.jpg,3
crazing_31,crazing,train,C:\Users\anmol\OneDrive\Desktop\MobileNetV2\NEU-DET\IMAGES\crazing\crazing_31.jpg,2
crazing_32,crazing,train,C:\Users\anmol\OneDrive\Desktop\MobileNetV2\NEU-DET\IMAGES\crazing\crazing_32.jpg,2
crazing_33,crazing,train,C:\Users\anmol\OneDrive\Desktop\MobileNetV2\NEU-DET\IMAGES\crazing\crazing_33.jpg,1
crazing_34,crazing,train,C:\Users\anmol\OneDrive\Desktop\MobileNetV2\NEU-DET\IMAGES\crazing\crazing_34.jpg,3
crazing_36,crazing,train,C:\Users\anmol\OneDrive\Desktop\MobileNetV2\NEU-DET\IMAGES\crazing\crazing_36.jpg,1
crazing_37,crazing,train,C:\Users\anmol\OneDrive\Desktop\MobileNetV2\NEU-DET\IMAGES\crazing\crazing_37.jpg,1
crazing_38,crazing,train,C:\Users\anmol\OneDrive\Desktop\MobileNetV2\NEU-DET\IMAGES\crazing\crazing_38.jpg,2
crazing_39,crazing,train,C:\Users\anmol\OneDrive\Desktop\MobileNetV2\NEU-DET\IMAGES\crazing\crazing_39.jpg,2
crazing_41,crazing,train,C:\Users\anmol\OneDrive\Desktop\MobileNetV2\NEU-DET\IMAGES\crazing\crazing_41.jpg,2
crazing_43,crazing,train,C:\Users\anmol\OneDrive\Desktop\MobileNetV2\NEU-DET\IMAGES\crazing\crazing_43.jpg,3
crazing_44,crazing,train,C:\Users\anmol\OneDrive\Desktop\MobileNetV2\NEU-DET\IMAGES\crazing\crazing_44.jpg,2
crazing_46,crazing,train,C:\Users\anmol\OneDrive\Desktop\MobileNetV2\NEU-DET\IMAGES\crazing\crazing_46.jpg,1
crazing_47,crazing,train,C:\Users\anmol\OneDrive\Desktop\MobileNetV2\NEU-DET\IMAGES\crazing\crazing_47.jpg,2
crazing_48,crazing,train,C:\Users\anmol\OneDrive\Desktop\MobileNetV2\NEU-DET\IMAGES\crazing\crazing_48.jpg,2
crazing_49,crazing,train,C:\Users\anmol\OneDrive\Desktop\MobileNetV2\NEU-DET\IMAGES\crazing\crazing_49.jpg,2
crazing_5,crazing,train,C:\Users\anmol\OneDrive\Desktop\MobileNetV2\NEU-DET\IMAGES\crazing\crazing_5.jpg,2
crazing_50,crazing,train,C:\Users\anmol\OneDrive\Desktop\MobileNetV2\NEU-DET\IMAGES\crazing\crazing_50.jpg,2
crazing_51,crazing,train,C:\Users\anmol\OneDrive\Desktop\MobileNetV2\NEU-DET\IMAGES\crazing\crazing_51.jpg,2
crazing_52,crazing,train,C:\Users\anmol\OneDrive\Desktop\MobileNetV2\NEU-DET\IMAGES\crazing\crazing_52.jpg,2
crazing_53,crazing,train,C:\Users\anmol\OneDrive\Desktop\MobileNetV2\NEU-DET\IMAGES\crazing\crazing_53.jpg,2
crazing_54,crazing,train,C:\Users\anmol\OneDrive\Desktop\MobileNetV2\NEU-DET\IMAGES\crazing\crazing_54.jpg,2
crazing_55,crazing,train,C:\Users\anmol\OneDrive\Desktop\MobileNetV2\NEU-DET\IMAGES\crazing\crazing_55.jpg,2
crazing_56,crazing,train,C:\Users\anmol\OneDrive\Desktop\MobileNetV2\NEU-DET\IMAGES\crazing\crazing_56.jpg,3
crazing_57,crazing,train,C:\Users\anmol\OneDrive\Desktop\MobileNetV2\NEU-DET\IMAGES\crazing\crazing_57.jpg,2
crazing_58,crazing,train,C:\Users\anmol\OneDrive\Desktop\MobileNetV2\NEU-DET\IMAGES\crazing\crazing_58.jpg,2
crazing_59,crazing,train,C:\Users\anmol\OneDrive\Desktop\MobileNetV2\NEU-DET\IMAGES\crazing\crazing_59.jpg,1
crazing_6,crazing,train,C:\Users\anmol\OneDrive\Desktop\MobileNetV2\NEU-DET\IMAGES\crazing\crazing_6.jpg,2
crazing_60,crazing,train,C:\Users\anmol\OneDrive\Desktop\MobileNetV2\NEU-DET\IMAGES\crazing\crazing_60.jpg,2
crazing_62,crazing,train,C:\Users\anmol\OneDrive\Desktop\MobileNetV2\NEU-DET\IMAGES\crazing\crazing_62.jpg,2
crazing_63,crazing,train,C:\Users\anmol\OneDrive\Desktop\MobileNetV2\NEU-DET\IMAGES\crazing\crazing_63.jpg,2
crazing_64,crazing,train,C:\Users\anmol\OneDrive\Desktop\MobileNetV2\NEU-DET\IMAGES\crazing\crazing_64.jpg,2
crazing_65,crazing,train,C:\Users\anmol\OneDrive\Desktop\MobileNetV2\NEU-DET\IMAGES\crazing\crazing_65.jpg,3
crazing_67,crazing,train,C:\Users\anmol\OneDrive\Desktop\MobileNetV2\NEU-DET\IMAGES\crazing\crazing_67.jpg,1
crazing_69,crazing,train,C:\Users\anmol\OneDrive\Desktop\MobileNetV2\NEU-DET\IMAGES\crazing\crazing_69.jpg,2
crazing_7,crazing,train,C:\Users\anmol\OneDrive\Desktop\MobileNetV2\NEU-DET\IMAGES\crazing\crazing_7.jpg,2
crazing_70,crazing,train,C:\Users\anmol\OneDrive\Desktop\MobileNetV2\NEU-DET\IMAGES\crazing\crazing_70.jpg,2
crazing_71,crazing,train,C:\Users\anmol\OneDrive\Desktop\MobileNetV2\NEU-DET\IMAGES\crazing\crazing_71.jpg,3
crazing_72,crazing,train,C:\Users\anmol\OneDrive\Desktop\MobileNetV2\NEU-DET\IMAGES\crazing\crazing_72.jpg,2
crazing_73,crazing,train,C:\Users\anmol\OneDrive\Desktop\MobileNetV2\NEU-DET\IMAGES\crazing\crazing_73.jpg,2
crazing_76,crazing,train,C:\Users\anmol\OneDrive\Desktop\MobileNetV2\NEU-DET\IMAGES\crazing\crazing_76.jpg,2
crazing_77,crazing,train,C:\Users\anmol\OneDrive\Desktop\MobileNetV2\NEU-DET\IMAGES\crazing\crazing_77.jpg,1
crazing_78,crazing,train,C:\Users\anmol\OneDrive\Desktop\MobileNetV2\NEU-DET\IMAGES\crazing\crazing_78.jpg,3
crazing_8,crazing,train,C:\Users\anmol\OneDrive\Desktop\MobileNetV2\NEU-DET\IMAGES\crazing\crazing_8.jpg,2
crazing_81,crazing,train,C:\Users\anmol\OneDrive\Desktop\MobileNetV2\NEU-DET\IMAGES\crazing\crazing_81.jpg,1
crazing_82,crazing,train,C:\Users\anmol\OneDrive\Desktop\MobileNetV2\NEU-DET\IMAGES\crazing\crazing_82.jpg,2
crazing_83,crazing,train,C:\Users\anmol\OneDrive\Desktop\MobileNetV2\NEU-DET\IMAGES\crazing\crazing_83.jpg,3
crazing_84,crazing,train,C:\Users\anmol\OneDrive\Desktop\MobileNetV2\NEU-DET\IMAGES\crazing\crazing_84.jpg,1
crazing_85,crazing,train,C:\Users\anmol\OneDrive\Desktop\MobileNetV2\NEU-DET\IMAGES\crazing\crazing_85.jpg,3
crazing_86,crazing,train,C:\Users\anmol\OneDrive\Desktop\MobileNetV2\NEU-DET\IMAGES\crazing\crazing_86.jpg,4
crazing_87,crazing,train,C:\Users\anmol\OneDrive\Desktop\MobileNetV2\NEU-DET\IMAGES\crazing\crazing_87.jpg,3
crazing_89,crazing,train,C:\Users\anmol\OneDrive\Desktop\MobileNetV2\NEU-DET\IMAGES\crazing\crazing_89.jpg,2
crazing_9,crazing,train,C:\Users\anmol\OneDrive\Desktop\MobileNetV2\NEU-DET\IMAGES\crazing\crazing_9.jpg,2
crazing_91,crazing,train,C:\Users\anmol\OneDrive\Desktop\MobileNetV2\NEU-DET\IMAGES\crazing\crazing_91.jpg,3
crazing_95,crazing,train,C:\Users\anmol\OneDrive\Desktop\MobileNetV2\NEU-DET\IMAGES\crazing\crazing_95.jpg,2
crazing_96,crazing,train,C:\Users\anmol\OneDrive\Desktop\MobileNetV2\NEU-DET\IMAGES\crazing\crazing_96.jpg,3
crazing_97,crazing,train,C:\Users\anmol\OneDrive\Desktop\MobileNetV2\NEU-DET\IMAGES\crazing\crazing_97.jpg,3
crazing_98,crazing,train,C:\Users\anmol\OneDrive\Desktop\MobileNetV2\NEU-DET\IMAGES\crazing\crazing_98.jpg,4
crazing_99,crazing,train,C:\Users\anmol\OneDrive\Desktop\MobileNetV2\NEU-DET\IMAGES\crazing\crazing_99.jpg,3
inclusion_1,inclusion,train,C:\Users\anmol\OneDrive\Desktop\MobileNetV2\NEU-DET\IMAGES\inclusion\inclusion_1.jpg,4
inclusion_10,inclusion,train,C:\Users\anmol\OneDrive\Desktop\MobileNetV2\NEU-DET\IMAGES\inclusion\inclusion_10.jpg,3
inclusion_101,inclusion,train,C:\Users\anmol\OneDrive\Desktop\MobileNetV2\NEU-DET\IMAGES\inclusion\inclusion_101.jpg,1
inclusion_103,inclusion,train,C:\Users\anmol\OneDrive\Desktop\MobileNetV2\NEU-DET\IMAGES\inclusion\inclusion_103.jpg,1
inclusion_104,inclusion,train,C:\Users\anmol\OneDrive\Desktop\MobileNetV2\NEU-DET\IMAGES\inclusion\inclusion_104.jpg,3
inclusion_105,inclusion,train,C:\Users\anmol\OneDrive\Desktop\MobileNetV2\NEU-DET\IMAGES\inclusion\inclusion_105.jpg,4
inclusion_106,inclusion,train,C:\Users\anmol\OneDrive\Desktop\MobileNetV2\NEU-DET\IMAGES\inclusion\inclusion_106.jpg,1
inclusion_107,inclusion,train,C:\Users\anmol\OneDrive\Desktop\MobileNetV2\NEU-DET\IMAGES\inclusion\inclusion_107.jpg,4
inclusion_108,inclusion,train,C:\Users\anmol\OneDrive\Desktop\MobileNetV2\NEU-DET\IMAGES\inclusion\inclusion_108.jpg,2
inclusion_109,inclusion,train,C:\Users\anmol\OneDrive\Desktop\MobileNetV2\NEU-DET\IMAGES\inclusion\inclusion_109.jpg,3
inclusion_11,inclusion,train,C:\Users\anmol\OneDrive\Desktop\MobileNetV2\NEU-DET\IMAGES\inclusion\inclusion_11.jpg,1
inclusion_110,inclusion,train,C:\Users\anmol\OneDrive\Desktop\MobileNetV2\NEU-DET\IMAGES\inclusion\inclusion_110.jpg,3
inclusion_111,inclusion,train,C:\Users\anmol\OneDrive\Desktop\MobileNetV2\NEU-DET\IMAGES\inclusion\inclusion_111.jpg,4
inclusion_112,inclusion,train,C:\Users\anmol\OneDrive\Desktop\MobileNetV2\NEU-DET\IMAGES\inclusion\inclusion_112.jpg,3
inclusion_113,inclusion,train,C:\Users\anmol\OneDrive\Desktop\MobileNetV2\NEU-DET\IMAGES\inclusion\inclusion_113.jpg,6
inclusion_116,inclusion,train,C:\Users\anmol\OneDrive\Desktop\MobileNetV2\NEU-DET\IMAGES\inclusion\inclusion_116.jpg,4
inclusion_118,inclusion,train,C:\Users\anmol\OneDrive\Desktop\MobileNetV2\NEU-DET\IMAGES\inclusion\inclusion_118.jpg,3
inclusion_119,inclusion,train,C:\Users\anmol\OneDrive\Desktop\MobileNetV2\NEU-DET\IMAGES\inclusion\inclusion_119.jpg,3
inclusion_12,inclusion,train,C:\Users\anmol\OneDrive\Desktop\MobileNetV2\NEU-DET\IMAGES\inclusion\inclusion_12.jpg,5
inclusion_120,inclusion,train,C:\Users\anmol\OneDrive\Desktop\MobileNetV2\NEU-DET\IMAGES\inclusion\inclusion_120.jpg,6
inclusion_124,inclusion,train,C:\Users\anmol\OneDrive\Desktop\MobileNetV2\NEU-DET\IMAGES\inclusion\inclusion_124.jpg,5
inclusion_126,inclusion,train,C:\Users\anmol\OneDrive\Desktop\MobileNetV2\NEU-DET\IMAGES\inclusion\inclusion_126.jpg,5
inclusion_128,inclusion,train,C:\Users\anmol\OneDrive\Desktop\MobileNetV2\NEU-DET\IMAGES\inclusion\inclusion_128.jpg,3
inclusion_131,inclusion,train,C:\Users\anmol\OneDrive\Desktop\MobileNetV2\NEU-DET\IMAGES\inclusion\inclusion_131.jpg,1
inclusion_133,inclusion,train,C:\Users\anmol\OneDrive\Desktop\MobileNetV2\NEU-DET\IMAGES\inclusion\inclusion_133.jpg,1
inclusion_137,inclusion,train,C:\Users\anmol\OneDrive\Desktop\MobileNetV2\NEU-DET\IMAGES\inclusion\inclusion_137.jpg,2
inclusion_138,inclusion,train,C:\Users\anmol\OneDrive\Desktop\MobileNetV2\NEU-DET\IMAGES\inclusion\inclusion_138.jpg,2
inclusion_139,inclusion,train,C:\Users\anmol\OneDrive\Desktop\MobileNetV2\NEU-DET\IMAGES\inclusion\inclusion_139.jpg,3
inclusion_14,inclusion,train,C:\Users\anmol\OneDrive\Desktop\MobileNetV2\NEU-DET\IMAGES\inclusion\inclusion_14.jpg,2
inclusion_140,inclusion,train,C:\Users\anmol\OneDrive\Desktop\MobileNetV2\NEU-DET\IMAGES\inclusion\inclusion_140.jpg,3
inclusion_141,inclusion,train,C:\Users\anmol\OneDrive\Desktop\MobileNetV2\NEU-DET\IMAGES\inclusion\inclusion_141.jpg,3
inclusion_142,inclusion,train,C:\Users\anmol\OneDrive\Desktop\MobileNetV2\NEU-DET\IMAGES\inclusion\inclusion_142.jpg,2
inclusion_143,inclusion,train,C:\Users\anmol\OneDrive\Desktop\MobileNetV2\NEU-DET\IMAGES\inclusion\inclusion_143.jpg,4
inclusion_144,inclusion,train,C:\Users\anmol\OneDrive\Desktop\MobileNetV2\NEU-DET\IMAGES\inclusion\inclusion_144.jpg,4
inclusion_149,inclusion,train,C:\Users\anmol\OneDrive\Desktop\MobileNetV2\NEU-DET\IMAGES\inclusion\inclusion_149.jpg,2
inclusion_15,inclusion,train,C:\Users\anmol\OneDrive\Desktop\MobileNetV2\NEU-DET\IMAGES\inclusion\inclusion_15.jpg,6
inclusion_150,inclusion,train,C:\Users\anmol\OneDrive\Desktop\MobileNetV2\NEU-DET\IMAGES\inclusion\inclusion_150.jpg,1
inclusion_151,inclusion,train,C:\Users\anmol\OneDrive\Desktop\MobileNetV2\NEU-DET\IMAGES\inclusion\inclusion_151.jpg,4
inclusion_152,inclusion,train,C:\Users\anmol\OneDrive\Desktop\MobileNetV2\NEU-DET\IMAGES\inclusion\inclusion_152.jpg,3
inclusion_153,inclusion,train,C:\Users\anmol\OneDrive\Desktop\MobileNetV2\NEU-DET\IMAGES\inclusion\inclusion_153.jpg,2
inclusion_156,inclusion,train,C:\Users\anmol\OneDrive\Desktop\MobileNetV2\NEU-DET\IMAGES\inclusion\inclusion_156.jpg,3
inclusion_157,inclusion,train,C:\Users\anmol\OneDrive\Desktop\MobileNetV2\NEU-DET\IMAGES\inclusion\inclusion_157.jpg,5
inclusion_158,inclusion,train,C:\Users\anmol\OneDrive\Desktop\MobileNetV2\NEU-DET\IMAGES\inclusion\inclusion_158.jpg,2
inclusion_159,inclusion,train,C:\Users\anmol\OneDrive\Desktop\MobileNetV2\NEU-DET\IMAGES\inclusion\inclusion_159.jpg,2
inclusion_160,inclusion,train,C:\Users\anmol\OneDrive\Desktop\MobileNetV2\NEU-DET\IMAGES\inclusion\inclusion_160.jpg,2
inclusion_162,inclusion,train,C:\Users\anmol\OneDrive\Desktop\MobileNetV2\NEU-DET\IMAGES\inclusion\inclusion_162.jpg,4
inclusion_163,inclusion,train,C:\Users\anmol\OneDrive\Desktop\MobileNetV2\NEU-DET\IMAGES\inclusion\inclusion_163.jpg,4
inclusion_165,inclusion,train,C:\Users\anmol\OneDrive\Desktop\MobileNetV2\NEU-DET\IMAGES\inclusion\inclusion_165.jpg,5
inclusion_166,inclusion,train,C:\Users\anmol\OneDrive\Desktop\MobileNetV2\NEU-DET\IMAGES\inclusion\inclusion_166.jpg,4
inclusion_167,inclusion,train,C:\Users\anmol\OneDrive\Desktop\MobileNetV2\NEU-DET\IMAGES\inclusion\inclusion_167.jpg,3
inclusion_17,inclusion,train,C:\Users\anmol\OneDrive\Desktop\MobileNetV2\NEU-DET\IMAGES\inclusion\inclusion_17.jpg,6
inclusion_172,inclusion,train,C:\Users\anmol\OneDrive\Desktop\MobileNetV2\NEU-DET\IMAGES\inclusion\inclusion_172.jpg,2
inclusion_173,inclusion,train,C:\Users\anmol\OneDrive\Desktop\MobileNetV2\NEU-DET\IMAGES\inclusion\inclusion_173.jpg,2
inclusion_174,inclusion,train,C:\Users\anmol\OneDrive\Desktop\MobileNetV2\NEU-DET\IMAGES\inclusion\inclusion_174.jpg,2
inclusion_175,inclusion,train,C:\Users\anmol\OneDrive\Desktop\MobileNetV2\NEU-DET\IMAGES\inclusion\inclusion_175.jpg,3
inclusion_176,inclusion,train,C:\Users\anmol\OneDrive\Desktop\MobileNetV2\NEU-DET\IMAGES\inclusion\inclusion_176.jpg,5
inclusion_177,inclusion,train,C:\Users\anmol\OneDrive\Desktop\MobileNetV2\NEU-DET\IMAGES\inclusion\inclusion_177.jpg,5
inclusion_179,inclusion,train,C:\Users\anmol\OneDrive\Desktop\MobileNetV2\NEU-DET\IMAGES\inclusion\inclusion_179.jpg,2
inclusion_180,inclusion,train,C:\Users\anmol\OneDrive\Desktop\MobileNetV2\NEU-DET\IMAGES\inclusion\inclusion_180.jpg,2
inclusion_181,inclusion,train,C:\Users\anmol\OneDrive\Desktop\MobileNetV2\NEU-DET\IMAGES\inclusion\inclusion_181.jpg,3
inclusion_182,inclusion,train,C:\Users\anmol\OneDrive\Desktop\MobileNetV2\NEU-DET\IMAGES\inclusion\inclusion_182.jpg,4
inclusion_183,inclusion,train,C:\Users\anmol\OneDrive\Desktop\MobileNetV2\NEU-DET\IMAGES\inclusion\inclusion_183.jpg,1
inclusion_186,inclusion,train,C:\Users\anmol\OneDrive\Desktop\MobileNetV2\NEU-DET\IMAGES\inclusion\inclusion_186.jpg,2
inclusion_188,inclusion,train,C:\Users\anmol\OneDrive\Desktop\MobileNetV2\NEU-DET\IMAGES\inclusion\inclusion_188.jpg,1
inclusion_189,inclusion,train,C:\Users\anmol\OneDrive\Desktop\MobileNetV2\NEU-DET\IMAGES\inclusion\inclusion_189.jpg,3
inclusion_19,inclusion,train,C:\Users\anmol\OneDrive\Desktop\MobileNetV2\NEU-DET\IMAGES\inclusion\inclusion_19.jpg,3
inclusion_190,inclusion,train,C:\Users\anmol\OneDrive\Desktop\MobileNetV2\NEU-DET\IMAGES\inclusion\inclusion_190.jpg,4
inclusion_191,inclusion,train,C:\Users\anmol\OneDrive\Desktop\MobileNetV2\NEU-DET\IMAGES\inclusion\inclusion_191.jpg,2
inclusion_192,inclusion,train,C:\Users\anmol\OneDrive\Desktop\MobileNetV2\NEU-DET\IMAGES\inclusion\inclusion_192.jpg,3
inclusion_194,inclusion,train,C:\Users\anmol\OneDrive\Desktop\MobileNetV2\NEU-DET\IMAGES\inclusion\inclusion_194.jpg,2
inclusion_195,inclusion,train,C:\Users\anmol\OneDrive\Desktop\MobileNetV2\NEU-DET\IMAGES\inclusion\inclusion_195.jpg,1
inclusion_196,inclusion,train,C:\Users\anmol\OneDrive\Desktop\MobileNetV2\NEU-DET\IMAGES\inclusion\inclusion_196.jpg,4
inclusion_197,inclusion,train,C:\Users\anmol\OneDrive\Desktop\MobileNetV2\NEU-DET\IMAGES\inclusion\inclusion_197.jpg,1
inclusion_198,inclusion,train,C:\Users\anmol\OneDrive\Desktop\MobileNetV2\NEU-DET\IMAGES\inclusion\inclusion_198.jpg,2
inclusion_199,inclusion,train,C:\Users\anmol\OneDrive\Desktop\MobileNetV2\NEU-DET\IMAGES\inclusion\inclusion_199.jpg,2
inclusion_200,inclusion,train,C:\Users\anmol\OneDrive\Desktop\MobileNetV2\NEU-DET\IMAGES\inclusion\inclusion_200.jpg,1
inclusion_201,inclusion,train,C:\Users\anmol\OneDrive\Desktop\MobileNetV2\NEU-DET\IMAGES\inclusion\inclusion_201.jpg,2
inclusion_202,inclusion,train,C:\Users\anmol\OneDrive\Desktop\MobileNetV2\NEU-DET\IMAGES\inclusion\inclusion_202.jpg,1
inclusion_203,inclusion,train,C:\Users\anmol\OneDrive\Desktop\MobileNetV2\NEU-DET\IMAGES\inclusion\inclusion_203.jpg,1
inclusion_204,inclusion,train,C:\Users\anmol\OneDrive\Desktop\MobileNetV2\NEU-DET\IMAGES\inclusion\inclusion_204.jpg,2
inclusion_205,inclusion,train,C:\Users\anmol\OneDrive\Desktop\MobileNetV2\NEU-DET\IMAGES\inclusion\inclusion_205.jpg,2
inclusion_206,inclusion,train,C:\Users\anmol\OneDrive\Desktop\MobileNetV2\NEU-DET\IMAGES\inclusion\inclusion_206.jpg,3
inclusion_208,inclusion,train,C:\Users\anmol\OneDrive\Desktop\MobileNetV2\NEU-DET\IMAGES\inclusion\inclusion_208.jpg,2
inclusion_21,inclusion,train,C:\Users\anmol\OneDrive\Desktop\MobileNetV2\NEU-DET\IMAGES\inclusion\inclusion_21.jpg,4
inclusion_210,inclusion,train,C:\Users\anmol\OneDrive\Desktop\MobileNetV2\NEU-DET\IMAGES\inclusion\inclusion_210.jpg,1
inclusion_211,inclusion,train,C:\Users\anmol\OneDrive\Desktop\MobileNetV2\NEU-DET\IMAGES\inclusion\inclusion_211.jpg,2
inclusion_213,inclusion,train,C:\Users\anmol\OneDrive\Desktop\MobileNetV2\NEU-DET\IMAGES\inclusion\inclusion_213.jpg,3
inclusion_214,inclusion,train,C:\Users\anmol\OneDrive\Desktop\MobileNetV2\NEU-DET\IMAGES\inclusion\inclusion_214.jpg,2
inclusion_216,inclusion,train,C:\Users\anmol\OneDrive\Desktop\MobileNetV2\NEU-DET\IMAGES\inclusion\inclusion_216.jpg,2
inclusion_217,inclusion,train,C:\Users\anmol\OneDrive\Desktop\MobileNetV2\NEU-DET\IMAGES\inclusion\inclusion_217.jpg,2
inclusion_218,inclusion,train,C:\Users\anmol\OneDrive\Desktop\MobileNetV2\NEU-DET\IMAGES\inclusion\inclusion_218.jpg,3
inclusion_22,inclusion,train,C:\Users\anmol\OneDrive\Desktop\MobileNetV2\NEU-DET\IMAGES\inclusion\inclusion_22.jpg,4
inclusion_221,inclusion,train,C:\Users\anmol\OneDrive\Desktop\MobileNetV2\NEU-DET\IMAGES\inclusion\inclusion_221.jpg,3
inclusion_223,inclusion,train,C:\Users\anmol\OneDrive\Desktop\MobileNetV2\NEU-DET\IMAGES\inclusion\inclusion_223.jpg,4
inclusion_225,inclusion,train,C:\Users\anmol\OneDrive\Desktop\MobileNetV2\NEU-DET\IMAGES\inclusion\inclusion_225.jpg,2
inclusion_227,inclusion,train,C:\Users\anmol\OneDrive\Desktop\MobileNetV2\NEU-DET\IMAGES\inclusion\inclusion_227.jpg,2
inclusion_228,inclusion,train,C:\Users\anmol\OneDrive\Desktop\MobileNetV2\NEU-DET\IMAGES\inclusion\inclusion_228.jpg,1
inclusion_229,inclusion,train,C:\Users\anmol\OneDrive\Desktop\MobileNetV2\NEU-DET\IMAGES\inclusion\inclusion_229.jpg,1
inclusion_23,inclusion,train,C:\Users\anmol\OneDrive\Desktop\MobileNetV2\NEU-DET\IMAGES\inclusion\inclusion_23.jpg,4
inclusion_230,inclusion,train,C:\Users\anmol\OneDrive\Desktop\MobileNetV2\NEU-DET\IMAGES\inclusion\inclusion_230.jpg,2
inclusion_231,inclusion,train,C:\Users\anmol\OneDrive\Desktop\MobileNetV2\NEU-DET\IMAGES\inclusion\inclusion_231.jpg,3
inclusion_232,inclusion,train,C:\Users\anmol\OneDrive\Desktop\MobileNetV2\NEU-DET\IMAGES\inclusion\inclusion_232.jpg,4
inclusion_233,inclusion,train,C:\Users\anmol\OneDrive\Desktop\MobileNetV2\NEU-DET\IMAGES\inclusion\inclusion_233.jpg,6
inclusion_234,inclusion,train,C:\Users\anmol\OneDrive\Desktop\MobileNetV2\NEU-DET\IMAGES\inclusion\inclusion_234.jpg,3
inclusion_236,inclusion,train,C:\Users\anmol\OneDrive\Desktop\MobileNetV2\NEU-DET\IMAGES\inclusion\inclusion_236.jpg,1
inclusion_239,inclusion,train,C:\Users\anmol\OneDrive\Desktop\MobileNetV2\NEU-DET\IMAGES\inclusion\inclusion_239.jpg,1
inclusion_240,inclusion,train,C:\Users\anmol\OneDrive\Desktop\MobileNetV2\NEU-DET\IMAGES\inclusion\inclusion_240.jpg,1
inclusion_241,inclusion,train,C:\Users\anmol\OneDrive\Desktop\MobileNetV2\NEU-DET\IMAGES\inclusion\inclusion_241.jpg,2
inclusion_242,inclusion,train,C:\Users\anmol\OneDrive\Desktop\MobileNetV2\NEU-DET\IMAGES\inclusion\inclusion_242.jpg,2
inclusion_245,inclusion,train,C:\Users\anmol\OneDrive\Desktop\MobileNetV2\NEU-DET\IMAGES\inclusion\inclusion_245.jpg,1
inclusion_246,inclusion,train,C:\Users\anmol\OneDrive\Desktop\MobileNetV2\NEU-DET\IMAGES\inclusion\inclusion_246.jpg,2
inclusion_247,inclusion,train,C:\Users\anmol\OneDrive\Desktop\MobileNetV2\NEU-DET\IMAGES\inclusion\inclusion_247.jpg,1
inclusion_248,inclusion,train,C:\Users\anmol\OneDrive\Desktop\MobileNetV2\NEU-DET\IMAGES\inclusion\inclusion_248.jpg,2
inclusion_249,inclusion,train,C:\Users\anmol\OneDrive\Desktop\MobileNetV2\NEU-DET\IMAGES\inclusion\inclusion_249.jpg,2
inclusion_250,inclusion,train,C:\Users\anmol\OneDrive\Desktop\MobileNetV2\NEU-DET\IMAGES\inclusion\inclusion_250.jpg,1
inclusion_253,inclusion,train,C:\Users\anmol\OneDrive\Desktop\MobileNetV2\NEU-DET\IMAGES\inclusion\inclusion_253.jpg,1
inclusion_254,inclusion,train,C:\Users\anmol\OneDrive\Desktop\MobileNetV2\NEU-DET\IMAGES\inclusion\inclusion_254.jpg,2
inclusion_255,inclusion,train,C:\Users\anmol\OneDrive\Desktop\MobileNetV2\NEU-DET\IMAGES\inclusion\inclusion_255.jpg,2
inclusion_256,inclusion,train,C:\Users\anmol\OneDrive\Desktop\MobileNetV2\NEU-DET\IMAGES\inclusion\inclusion_256.jpg,2
inclusion_257,inclusion,train,C:\Users\anmol\OneDrive\Desktop\MobileNetV2\NEU-DET\IMAGES\inclusion\inclusion_257.jpg,2
inclusion_258,inclusion,train,C:\Users\anmol\OneDrive\Desktop\MobileNetV2\NEU-DET\IMAGES\inclusion\inclusion_258.jpg,2
inclusion_259,inclusion,train,C:\Users\anmol\OneDrive\Desktop\MobileNetV2\NEU-DET\IMAGES\inclusion\inclusion_259.jpg,1
inclusion_26,inclusion,train,C:\Users\anmol\OneDrive\Desktop\MobileNetV2\NEU-DET\IMAGES\inclusion\inclusion_26.jpg,4
inclusion_260,inclusion,train,C:\Users\anmol\OneDrive\Desktop\MobileNetV2\NEU-DET\IMAGES\inclusion\inclusion_260.jpg,2
inclusion_262,inclusion,train,C:\Users\anmol\OneDrive\Desktop\MobileNetV2\NEU-DET\IMAGES\inclusion\inclusion_262.jpg,3
inclusion_263,inclusion,train,C:\Users\anmol\OneDrive\Desktop\MobileNetV2\NEU-DET\IMAGES\inclusion\inclusion_263.jpg,2
inclusion_265,inclusion,train,C:\Users\anmol\OneDrive\Desktop\MobileNetV2\NEU-DET\IMAGES\inclusion\inclusion_265.jpg,4
inclusion_266,inclusion,train,C:\Users\anmol\OneDrive\Desktop\MobileNetV2\NEU-DET\IMAGES\inclusion\inclusion_266.jpg,3
inclusion_267,inclusion,train,C:\Users\anmol\OneDrive\Desktop\MobileNetV2\NEU-DET\IMAGES\inclusion\inclusion_267.jpg,3
inclusion_268,inclusion,train,C:\Users\anmol\OneDrive\Desktop\MobileNetV2\NEU-DET\IMAGES\inclusion\inclusion_268.jpg,1
inclusion_269,inclusion,train,C:\Users\anmol\OneDrive\Desktop\MobileNetV2\NEU-DET\IMAGES\inclusion\inclusion_269.jpg,3
inclusion_27,inclusion,train,C:\Users\anmol\OneDrive\Desktop\MobileNetV2\NEU-DET\IMAGES\inclusion\inclusion_27.jpg,8
inclusion_271,inclusion,train,C:\Users\anmol\OneDrive\Desktop\MobileNetV2\NEU-DET\IMAGES\inclusion\inclusion_271.jpg,3
inclusion_272,inclusion,train,C:\Users\anmol\OneDrive\Desktop\MobileNetV2\NEU-DET\IMAGES\inclusion\inclusion_272.jpg,3
inclusion_273,inclusion,train,C:\Users\anmol\OneDrive\Desktop\MobileNetV2\NEU-DET\IMAGES\inclusion\inclusion_273.jpg,2
inclusion_274,inclusion,train,C:\Users\anmol\OneDrive\Desktop\MobileNetV2\NEU-DET\IMAGES\inclusion\inclusion_274.jpg,4
inclusion_275,inclusion,train,C:\Users\anmol\OneDrive\Desktop\MobileNetV2\NEU-DET\IMAGES\inclusion\inclusion_275.jpg,6
inclusion_276,inclusion,train,C:\Users\anmol\OneDrive\Desktop\MobileNetV2\NEU-DET\IMAGES\inclusion\inclusion_276.jpg,2
inclusion_277,inclusion,train,C:\Users\anmol\OneDrive\Desktop\MobileNetV2\NEU-DET\IMAGES\inclusion\inclusion_277.jpg,1
inclusion_278,inclusion,train,C:\Users\anmol\OneDrive\Desktop\MobileNetV2\NEU-DET\IMAGES\inclusion\inclusion_278.jpg,3
inclusion_279,inclusion,train,C:\Users\anmol\OneDrive\Desktop\MobileNetV2\NEU-DET\IMAGES\inclusion\inclusion_279.jpg,2
inclusion_28,inclusion,train,C:\Users\anmol\OneDrive\Desktop\MobileNetV2\NEU-DET\IMAGES\inclusion\inclusion_28.jpg,9
inclusion_280,inclusion,train,C:\Users\anmol\OneDrive\Desktop\MobileNetV2\NEU-DET\IMAGES\inclusion\inclusion_280.jpg,2
inclusion_282,inclusion,train,C:\Users\anmol\OneDrive\Desktop\MobileNetV2\NEU-DET\IMAGES\inclusion\inclusion_282.jpg,2
inclusion_283,inclusion,train,C:\Users\anmol\OneDrive\Desktop\MobileNetV2\NEU-DET\IMAGES\inclusion\inclusion_283.jpg,1
inclusion_284,inclusion,train,C:\Users\anmol\OneDrive\Desktop\MobileNetV2\NEU-DET\IMAGES\inclusion\inclusion_284.jpg,3
inclusion_286,inclusion,train,C:\Users\anmol\OneDrive\Desktop\MobileNetV2\NEU-DET\IMAGES\inclusion\inclusion_286.jpg,2
inclusion_287,inclusion,train,C:\Users\anmol\OneDrive\Desktop\MobileNetV2\NEU-DET\IMAGES\inclusion\inclusion_287.jpg,8
inclusion_289,inclusion,train,C:\Users\anmol\OneDrive\Desktop\MobileNetV2\NEU-DET\IMAGES\inclusion\inclusion_289.jpg,4
inclusion_29,inclusion,train,C:\Users\anmol\OneDrive\Desktop\MobileNetV2\NEU-DET\IMAGES\inclusion\inclusion_29.jpg,5
inclusion_290,inclusion,train,C:\Users\anmol\OneDrive\Desktop\MobileNetV2\NEU-DET\IMAGES\inclusion\inclusion_290.jpg,1
inclusion_293,inclusion,train,C:\Users\anmol\OneDrive\Desktop\MobileNetV2\NEU-DET\IMAGES\inclusion\inclusion_293.jpg,3
inclusion_294,inclusion,train,C:\Users\anmol\OneDrive\Desktop\MobileNetV2\NEU-DET\IMAGES\inclusion\inclusion_294.jpg,2
inclusion_295,inclusion,train,C:\Users\anmol\OneDrive\Desktop\MobileNetV2\NEU-DET\IMAGES\inclusion\inclusion_295.jpg,2
inclusion_296,inclusion,train,C:\Users\anmol\OneDrive\Desktop\MobileNetV2\NEU-DET\IMAGES\inclusion\inclusion_296.jpg,2
inclusion_297,inclusion,train,C:\Users\anmol\OneDrive\Desktop\MobileNetV2\NEU-DET\IMAGES\inclusion\inclusion_297.jpg,1
inclusion_298,inclusion,train,C:\Users\anmol\OneDrive\Desktop\MobileNetV2\NEU-DET\IMAGES\inclusion\inclusion_298.jpg,5
inclusion_299,inclusion,train,C:\Users\anmol\OneDrive\Desktop\MobileNetV2\NEU-DET\IMAGES\inclusion\inclusion_299.jpg,2
inclusion_3,inclusion,train,C:\Users\anmol\OneDrive\Desktop\MobileNetV2\NEU-DET\IMAGES\inclusion\inclusion_3.jpg,3
inclusion_30,inclusion,train,C:\Users\anmol\OneDrive\Desktop\MobileNetV2\NEU-DET\IMAGES\inclusion\inclusion_30.jpg,1
inclusion_300,inclusion,train,C:\Users\anmol\OneDrive\Desktop\MobileNetV2\NEU-DET\IMAGES\inclusion\inclusion_300.jpg,3
inclusion_32,inclusion,train,C:\Users\anmol\OneDrive\Desktop\MobileNetV2\NEU-DET\IMAGES\inclusion\inclusion_32.jpg,5
inclusion_34,inclusion,train,C:\Users\anmol\OneDrive\Desktop\MobileNetV2\NEU-DET\IMAGES\inclusion\inclusion_34.jpg,4
inclusion_35,inclusion,train,C:\Users\anmol\OneDrive\Desktop\MobileNetV2\NEU-DET\IMAGES\inclusion\inclusion_35.jpg,3
inclusion_36,inclusion,train,C:\Users\anmol\OneDrive\Desktop\MobileNetV2\NEU-DET\IMAGES\inclusion\inclusion_36.jpg,4
inclusion_37,inclusion,train,C:\Users\anmol\OneDrive\Desktop\MobileNetV2\NEU-DET\IMAGES\inclusion\inclusion_37.jpg,5
inclusion_38,inclusion,train,C:\Users\anmol\OneDrive\Desktop\MobileNetV2\NEU-DET\IMAGES\inclusion\inclusion_38.jpg,4
inclusion_39,inclusion,train,C:\Users\anmol\OneDrive\Desktop\MobileNetV2\NEU-DET\IMAGES\inclusion\inclusion_39.jpg,3
inclusion_40,inclusion,train,C:\Users\anmol\OneDrive\Desktop\MobileNetV2\NEU-DET\IMAGES\inclusion\inclusion_40.jpg,3
inclusion_41,inclusion,train,C:\Users\anmol\OneDrive\Desktop\MobileNetV2\NEU-DET\IMAGES\inclusion\inclusion_41.jpg,5
inclusion_42,inclusion,train,C:\Users\anmol\OneDrive\Desktop\MobileNetV2\NEU-DET\IMAGES\inclusion\inclusion_42.jpg,4
inclusion_44,inclusion,train,C:\Users\anmol\OneDrive\Desktop\MobileNetV2\NEU-DET\IMAGES\inclusion\inclusion_44.jpg,3
inclusion_45,inclusion,train,C:\Users\anmol\OneDrive\Desktop\MobileNetV2\NEU-DET\IMAGES\inclusion\inclusion_45.jpg,7
inclusion_47,inclusion,train,C:\Users\anmol\OneDrive\Desktop\MobileNetV2\NEU-DET\IMAGES\inclusion\inclusion_47.jpg,3
inclusion_48,inclusion,train,C:\Users\anmol\OneDrive\Desktop\MobileNetV2\NEU-DET\IMAGES\inclusion\inclusion_48.jpg,2
inclusion_5,inclusion,train,C:\Users\anmol\OneDrive\Desktop\MobileNetV2\NEU-DET\IMAGES\inclusion\inclusion_5.jpg,3
inclusion_51,inclusion,train,C:\Users\anmol\OneDrive\Desktop\MobileNetV2\NEU-DET\IMAGES\inclusion\inclusion_51.jpg,1
inclusion_52,inclusion,train,C:\Users\anmol\OneDrive\Desktop\MobileNetV2\NEU-DET\IMAGES\inclusion\inclusion_52.jpg,1
inclusion_55,inclusion,train,C:\Users\anmol\OneDrive\Desktop\MobileNetV2\NEU-DET\IMAGES\inclusion\inclusion_55.jpg,1
inclusion_56,inclusion,train,C:\Users\anmol\OneDrive\Desktop\MobileNetV2\NEU-DET\IMAGES\inclusion\inclusion_56.jpg,2
inclusion_57,inclusion,train,C:\Users\anmol\OneDrive\Desktop\MobileNetV2\NEU-DET\IMAGES\inclusion\inclusion_57.jpg,3
inclusion_58,inclusion,train,C:\Users\anmol\OneDrive\Desktop\MobileNetV2\NEU-DET\IMAGES\inclusion\inclusion_58.jpg,2
inclusion_59,inclusion,train,C:\Users\anmol\OneDrive\Desktop\MobileNetV2\NEU-DET\IMAGES\inclusion\inclusion_59.jpg,4
inclusion_6,inclusion,train,C:\Users\anmol\OneDrive\Desktop\MobileNetV2\NEU-DET\IMAGES\inclusion\inclusion_6.jpg,3
inclusion_61,inclusion,train,C:\Users\anmol\OneDrive\Desktop\MobileNetV2\NEU-DET\IMAGES\inclusion\inclusion_61.jpg,2
inclusion_62,inclusion,train,C:\Users\anmol\OneDrive\Desktop\MobileNetV2\NEU-DET\IMAGES\inclusion\inclusion_62.jpg,8
inclusion_64,inclusion,train,C:\Users\anmol\OneDrive\Desktop\MobileNetV2\NEU-DET\IMAGES\inclusion\inclusion_64.jpg,2
inclusion_66,inclusion,train,C:\Users\anmol\OneDrive\Desktop\MobileNetV2\NEU-DET\IMAGES\inclusion\inclusion_66.jpg,1
inclusion_68,inclusion,train,C:\Users\anmol\OneDrive\Desktop\MobileNetV2\NEU-DET\IMAGES\inclusion\inclusion_68.jpg,2
inclusion_69,inclusion,train,C:\Users\anmol\OneDrive\Desktop\MobileNetV2\NEU-DET\IMAGES\inclusion\inclusion_69.jpg,3
inclusion_70,inclusion,train,C:\Users\anmol\OneDrive\Desktop\MobileNetV2\NEU-DET\IMAGES\inclusion\inclusion_70.jpg,3
inclusion_72,inclusion,train,C:\Users\anmol\OneDrive\Desktop\MobileNetV2\NEU-DET\IMAGES\inclusion\inclusion_72.jpg,1
inclusion_74,inclusion,train,C:\Users\anmol\OneDrive\Desktop\MobileNetV2\NEU-DET\IMAGES\inclusion\inclusion_74.jpg,3
inclusion_75,inclusion,train,C:\Users\anmol\OneDrive\Desktop\MobileNetV2\NEU-DET\IMAGES\inclusion\inclusion_75.jpg,4
inclusion_76,inclusion,train,C:\Users\anmol\OneDrive\Desktop\MobileNetV2\NEU-DET\IMAGES\inclusion\inclusion_76.jpg,3
inclusion_77,inclusion,train,C:\Users\anmol\OneDrive\Desktop\MobileNetV2\NEU-DET\IMAGES\inclusion\inclusion_77.jpg,1
inclusion_80,inclusion,train,C:\Users\anmol\OneDrive\Desktop\MobileNetV2\NEU-DET\IMAGES\inclusion\inclusion_80.jpg,3
inclusion_81,inclusion,train,C:\Users\anmol\OneDrive\Desktop\MobileNetV2\NEU-DET\IMAGES\inclusion\inclusion_81.jpg,5
inclusion_86,inclusion,train,C:\Users\anmol\OneDrive\Desktop\MobileNetV2\NEU-DET\IMAGES\inclusion\inclusion_86.jpg,5
inclusion_87,inclusion,train,C:\Users\anmol\OneDrive\Desktop\MobileNetV2\NEU-DET\IMAGES\inclusion\inclusion_87.jpg,7
inclusion_88,inclusion,train,C:\Users\anmol\OneDrive\Desktop\MobileNetV2\NEU-DET\IMAGES\inclusion\inclusion_88.jpg,8
inclusion_89,inclusion,train,C:\Users\anmol\OneDrive\Desktop\MobileNetV2\NEU-DET\IMAGES\inclusion\inclusion_89.jpg,5
inclusion_91,inclusion,train,C:\Users\anmol\OneDrive\Desktop\MobileNetV2\NEU-DET\IMAGES\inclusion\inclusion_91.jpg,4
inclusion_92,inclusion,train,C:\Users\anmol\OneDrive\Desktop\MobileNetV2\NEU-DET\IMAGES\inclusion\inclusion_92.jpg,4
inclusion_94,inclusion,train,C:\Users\anmol\OneDrive\Desktop\MobileNetV2\NEU-DET\IMAGES\inclusion\inclusion_94.jpg,6
inclusion_95,inclusion,train,C:\Users\anmol\OneDrive\Desktop\MobileNetV2\NEU-DET\IMAGES\inclusion\inclusion_95.jpg,3
inclusion_96,inclusion,train,C:\Users\anmol\OneDrive\Desktop\MobileNetV2\NEU-DET\IMAGES\inclusion\inclusion_96.jpg,3
inclusion_97,inclusion,train,C:\Users\anmol\OneDrive\Desktop\MobileNetV2\NEU-DET\IMAGES\inclusion\inclusion_97.jpg,1
inclusion_98,inclusion,train,C:\Users\anmol\OneDrive\Desktop\MobileNetV2\NEU-DET\IMAGES\inclusion\inclusion_98.jpg,1
inclusion_99,inclusion,train,C:\Users\anmol\OneDrive\Desktop\MobileNetV2\NEU-DET\IMAGES\inclusion\inclusion_99.jpg,1
patches_1,patches,train,C:\Users\anmol\OneDrive\Desktop\MobileNetV2\NEU-DET\IMAGES\patches\patches_1.jpg,3
patches_100,patches,train,C:\Users\anmol\OneDrive\Desktop\MobileNetV2\NEU-DET\IMAGES\patches\patches_100.jpg,3
patches_101,patches,train,C:\Users\anmol\OneDrive\Desktop\MobileNetV2\NEU-DET\IMAGES\patches\patches_101.jpg,3
patches_102,patches,train,C:\Users\anmol\OneDrive\Desktop\MobileNetV2\NEU-DET\IMAGES\patches\patches_102.jpg,2
patches_103,patches,train,C:\Users\anmol\OneDrive\Desktop\MobileNetV2\NEU-DET\IMAGES\patches\patches_103.jpg,1
patches_106,patches,train,C:\Users\anmol\OneDrive\Desktop\MobileNetV2\NEU-DET\IMAGES\patches\patches_106.jpg,1
patches_107,patches,train,C:\Users\anmol\OneDrive\Desktop\MobileNetV2\NEU-DET\IMAGES\patches\patches_107.jpg,2
patches_109,patches,train,C:\Users\anmol\OneDrive\Desktop\MobileNetV2\NEU-DET\IMAGES\patches\patches_109.jpg,3
patches_11,patches,train,C:\Users\anmol\OneDrive\Desktop\MobileNetV2\NEU-DET\IMAGES\patches\patches_11.jpg,2
patches_110,patches,train,C:\Users\anmol\OneDrive\Desktop\MobileNetV2\NEU-DET\IMAGES\patches\patches_110.jpg,2
patches_111,patches,train,C:\Users\anmol\OneDrive\Desktop\MobileNetV2\NEU-DET\IMAGES\patches\patches_111.jpg,2
patches_112,patches,train,C:\Users\anmol\OneDrive\Desktop\MobileNetV2\NEU-DET\IMAGES\patches\patches_112.jpg,4
patches_113,patches,train,C:\Users\anmol\OneDrive\Desktop\MobileNetV2\NEU-DET\IMAGES\patches\patches_113.jpg,2
patches_114,patches,train,C:\Users\anmol\OneDrive\Desktop\MobileNetV2\NEU-DET\IMAGES\patches\patches_114.jpg,5
patches_115,patches,train,C:\Users\anmol\OneDrive\Desktop\MobileNetV2\NEU-DET\IMAGES\patches\patches_115.jpg,4
patches_116,patches,train,C:\Users\anmol\OneDrive\Desktop\MobileNetV2\NEU-DET\IMAGES\patches\patches_116.jpg,3
patches_117,patches,train,C:\Users\anmol\OneDrive\Desktop\MobileNetV2\NEU-DET\IMAGES\patches\patches_117.jpg,2
patches_118,patches,train,C:\Users\anmol\OneDrive\Desktop\MobileNetV2\NEU-DET\IMAGES\patches\patches_118.jpg,3
patches_119,patches,train,C:\Users\anmol\OneDrive\Desktop\MobileNetV2\NEU-DET\IMAGES\patches\patches_119.jpg,3
patches_12,patches,train,C:\Users\anmol\OneDrive\Desktop\MobileNetV2\NEU-DET\IMAGES\patches\patches_12.jpg,3
patches_120,patches,train,C:\Users\anmol\OneDrive\Desktop\MobileNetV2\NEU-DET\IMAGES\patches\patches_120.jpg,5
patches_121,patches,train,C:\Users\anmol\OneDrive\Desktop\MobileNetV2\NEU-DET\IMAGES\patches\patches_121.jpg,1
patches_122,patches,train,C:\Users\anmol\OneDrive\Desktop\MobileNetV2\NEU-DET\IMAGES\patches\patches_122.jpg,4
patches_123,patches,train,C:\Users\anmol\OneDrive\Desktop\MobileNetV2\NEU-DET\IMAGES\patches\patches_123.jpg,2
patches_124,patches,train,C:\Users\anmol\OneDrive\Desktop\MobileNetV2\NEU-DET\IMAGES\patches\patches_124.jpg,2
patches_125,patches,train,C:\Users\anmol\OneDrive\Desktop\MobileNetV2\NEU-DET\IMAGES\patches\patches_125.jpg,2
patches_126,patches,train,C:\Users\anmol\OneDrive\Desktop\MobileNetV2\NEU-DET\IMAGES\patches\patches_126.jpg,1
patches_129,patches,train,C:\Users\anmol\OneDrive\Desktop\MobileNetV2\NEU-DET\IMAGES\patches\patches_129.jpg,1
patches_13,patches,train,C:\Users\anmol\OneDrive\Desktop\MobileNetV2\NEU-DET\IMAGES\patches\patches_13.jpg,1
patches_130,patches,train,C:\Users\anmol\OneDrive\Desktop\MobileNetV2\NEU-DET\IMAGES\patches\patches_130.jpg,3
patches_131,patches,train,C:\Users\anmol\OneDrive\Desktop\MobileNetV2\NEU-DET\IMAGES\patches\patches_131.jpg,3
patches_132,patches,train,C:\Users\anmol\OneDrive\Desktop\MobileNetV2\NEU-DET\IMAGES\patches\patches_132.jpg,2
patches_133,patches,train,C:\Users\anmol\OneDrive\Desktop\MobileNetV2\NEU-DET\IMAGES\patches\patches_133.jpg,3
patches_135,patches,train,C:\Users\anmol\OneDrive\Desktop\MobileNetV2\NEU-DET\IMAGES\patches\patches_135.jpg,1
patches_138,patches,train,C:\Users\anmol\OneDrive\Desktop\MobileNetV2\NEU-DET\IMAGES\patches\patches_138.jpg,3
patches_139,patches,train,C:\Users\anmol\OneDrive\Desktop\MobileNetV2\NEU-DET\IMAGES\patches\patches_139.jpg,3
patches_14,patches,train,C:\Users\anmol\OneDrive\Desktop\MobileNetV2\NEU-DET\IMAGES\patches\patches_14.jpg,1
patches_140,patches,train,C:\Users\anmol\OneDrive\Desktop\MobileNetV2\NEU-DET\IMAGES\patches\patches_140.jpg,5
patches_141,patches,train,C:\Users\anmol\OneDrive\Desktop\MobileNetV2\NEU-DET\IMAGES\patches\patches_141.jpg,3
patches_142,patches,train,C:\Users\anmol\OneDrive\Desktop\MobileNetV2\NEU-DET\IMAGES\patches\patches_142.jpg,5
patches_143,patches,train,C:\Users\anmol\OneDrive\Desktop\MobileNetV2\NEU-DET\IMAGES\patches\patches_143.jpg,3
patches_144,patches,train,C:\Users\anmol\OneDrive\Desktop\MobileNetV2\NEU-DET\IMAGES\patches\patches_144.jpg,2
patches_145,patches,train,C:\Users\anmol\OneDrive\Desktop\MobileNetV2\NEU-DET\IMAGES\patches\patches_145.jpg,4
patches_146,patches,train,C:\Users\anmol\OneDrive\Desktop\MobileNetV2\NEU-DET\IMAGES\patches\patches_146.jpg,3
patches_147,patches,train,C:\Users\anmol\OneDrive\Desktop\MobileNetV2\NEU-DET\IMAGES\patches\patches_147.jpg,3
patches_148,patches,train,C:\Users\anmol\OneDrive\Desktop\MobileNetV2\NEU-DET\IMAGES\patches\patches_148.jpg,2
patches_149,patches,train,C:\Users\anmol\OneDrive\Desktop\MobileNetV2\NEU-DET\IMAGES\patches\patches_149.jpg,3
patches_150,patches,train,C:\Users\anmol\OneDrive\Desktop\MobileNetV2\NEU-DET\IMAGES\patches\patches_150.jpg,3
patches_151,patches,train,C:\Users\anmol\OneDrive\Desktop\MobileNetV2\NEU-DET\IMAGES\patches\patches_151.jpg,4
patches_152,patches,train,C:\Users\anmol\OneDrive\Desktop\MobileNetV2\NEU-DET\IMAGES\patches\patches_152.jpg,6
patches_153,patches,train,C:\Users\anmol\OneDrive\Desktop\MobileNetV2\NEU-DET\IMAGES\patches\patches_153.jpg,1
patches_154,patches,train,C:\Users\anmol\OneDrive\Desktop\MobileNetV2\NEU-DET\IMAGES\patches\patches_154.jpg,3
patches_155,patches,train,C:\Users\anmol\OneDrive\Desktop\MobileNetV2\NEU-DET\IMAGES\patches\patches_155.jpg,6
patches_156,patches,train,C:\Users\anmol\OneDrive\Desktop\MobileNetV2\NEU-DET\IMAGES\patches\patches_156.jpg,2
patches_157,patches,train,C:\Users\anmol\OneDrive\Desktop\MobileNetV2\NEU-DET\IMAGES\patches\patches_157.jpg,2
patches_158,patches,train,C:\Users\anmol\OneDrive\Desktop\MobileNetV2\NEU-DET\IMAGES\patches\patches_158.jpg,2
patches_159,patches,train,C:\Users\anmol\OneDrive\Desktop\MobileNetV2\NEU-DET\IMAGES\patches\patches_159.jpg,2
patches_16,patches,train,C:\Users\anmol\OneDrive\Desktop\MobileNetV2\NEU-DET\IMAGES\patches\patches_16.jpg,3
patches_160,patches,train,C:\Users\anmol\OneDrive\Desktop\MobileNetV2\NEU-DET\IMAGES\patches\patches_160.jpg,1
patches_163,patches,train,C:\Users\anmol\OneDrive\Desktop\MobileNetV2\NEU-DET\IMAGES\patches\patches_163.jpg,2
patches_164,patches,train,C:\Users\anmol\OneDrive\Desktop\MobileNetV2\NEU-DET\IMAGES\patches\patches_164.jpg,1
patches_165,patches,train,C:\Users\anmol\OneDrive\Desktop\MobileNetV2\NEU-DET\IMAGES\patches\patches_165.jpg,4
patches_166,patches,train,C:\Users\anmol\OneDrive\Desktop\MobileNetV2\NEU-DET\IMAGES\patches\patches_166.jpg,3
patches_167,patches,train,C:\Users\anmol\OneDrive\Desktop\MobileNetV2\NEU-DET\IMAGES\patches\patches_167.jpg,5
patches_170,patches,train,C:\Users\anmol\OneDrive\Desktop\MobileNetV2\NEU-DET\IMAGES\patches\patches_170.jpg,1
patches_171,patches,train,C:\Users\anmol\OneDrive\Desktop\MobileNetV2\NEU-DET\IMAGES\patches\patches_171.jpg,5
patches_173,patches,train,C:\Users\anmol\OneDrive\Desktop\MobileNetV2\NEU-DET\IMAGES\patches\patches_173.jpg,1
patches_174,patches,train,C:\Users\anmol\OneDrive\Desktop\MobileNetV2\NEU-DET\IMAGES\patches\patches_174.jpg,4
patches_175,patches,train,C:\Users\anmol\OneDrive\Desktop\MobileNetV2\NEU-DET\IMAGES\patches\patches_175.jpg,5
patches_176,patches,train,C:\Users\anmol\OneDrive\Desktop\MobileNetV2\NEU-DET\IMAGES\patches\patches_176.jpg,5
patches_178,patches,train,C:\Users\anmol\OneDrive\Desktop\MobileNetV2\NEU-DET\IMAGES\patches\patches_178.jpg,1
patches_179,patches,train,C:\Users\anmol\OneDrive\Desktop\MobileNetV2\NEU-DET\IMAGES\patches\patches_179.jpg,4
patches_18,patches,train,C:\Users\anmol\OneDrive\Desktop\MobileNetV2\NEU-DET\IMAGES\patches\patches_18.jpg,3
patches_181,patches,train,C:\Users\anmol\OneDrive\Desktop\MobileNetV2\NEU-DET\IMAGES\patches\patches_181.jpg,4
patches_182,patches,train,C:\Users\anmol\OneDrive\Desktop\MobileNetV2\NEU-DET\IMAGES\patches\patches_182.jpg,1
patches_183,patches,train,C:\Users\anmol\OneDrive\Desktop\MobileNetV2\NEU-DET\IMAGES\patches\patches_183.jpg,2
patches_184,patches,train,C:\Users\anmol\OneDrive\Desktop\MobileNetV2\NEU-DET\IMAGES\patches\patches_184.jpg,7
patches_185,patches,train,C:\Users\anmol\OneDrive\Desktop\MobileNetV2\NEU-DET\IMAGES\patches\patches_185.jpg,1
patches_186,patches,train,C:\Users\anmol\OneDrive\Desktop\MobileNetV2\NEU-DET\IMAGES\patches\patches_186.jpg,3
patches_187,patches,train,C:\Users\anmol\OneDrive\Desktop\MobileNetV2\NEU-DET\IMAGES\patches\patches_187.jpg,8
patches_188,patches,train,C:\Users\anmol\OneDrive\Desktop\MobileNetV2\NEU-DET\IMAGES\patches\patches_188.jpg,5
patches_190,patches,train,C:\Users\anmol\OneDrive\Desktop\MobileNetV2\NEU-DET\IMAGES\patches\patches_190.jpg,7
patches_191,patches,train,C:\Users\anmol\OneDrive\Desktop\MobileNetV2\NEU-DET\IMAGES\patches\patches_191.jpg,3
patches_193,patches,train,C:\Users\anmol\OneDrive\Desktop\MobileNetV2\NEU-DET\IMAGES\patches\patches_193.jpg,4
patches_195,patches,train,C:\Users\anmol\OneDrive\Desktop\MobileNetV2\NEU-DET\IMAGES\patches\patches_195.jpg,6
patches_197,patches,train,C:\Users\anmol\OneDrive\Desktop\MobileNetV2\NEU-DET\IMAGES\patches\patches_197.jpg,3
patches_199,patches,train,C:\Users\anmol\OneDrive\Desktop\MobileNetV2\NEU-DET\IMAGES\patches\patches_199.jpg,3
patches_20,patches,train,C:\Users\anmol\OneDrive\Desktop\MobileNetV2\NEU-DET\IMAGES\patches\patches_20.jpg,1
patches_200,patches,train,C:\Users\anmol\OneDrive\Desktop\MobileNetV2\NEU-DET\IMAGES\patches\patches_200.jpg,2
patches_201,patches,train,C:\Users\anmol\OneDrive\Desktop\MobileNetV2\NEU-DET\IMAGES\patches\patches_201.jpg,4
patches_202,patches,train,C:\Users\anmol\OneDrive\Desktop\MobileNetV2\NEU-DET\IMAGES\patches\patches_202.jpg,5
patches_203,patches,train,C:\Users\anmol\OneDrive\Desktop\MobileNetV2\NEU-DET\IMAGES\patches\patches_203.jpg,2
patches_204,patches,train,C:\Users\anmol\OneDrive\Desktop\MobileNetV2\NEU-DET\IMAGES\patches\patches_204.jpg,2
patches_208,patches,train,C:\Users\anmol\OneDrive\Desktop\MobileNetV2\NEU-DET\IMAGES\patches\patches_208.jpg,2
patches_21,patches,train,C:\Users\anmol\OneDrive\Desktop\MobileNetV2\NEU-DET\IMAGES\patches\patches_21.jpg,2
patches_211,patches,train,C:\Users\anmol\OneDrive\Desktop\MobileNetV2\NEU-DET\IMAGES\patches\patches_211.jpg,5
patches_213,patches,train,C:\Users\anmol\OneDrive\Desktop\MobileNetV2\NEU-DET\IMAGES\patches\patches_213.jpg,2
patches_214,patches,train,C:\Users\anmol\OneDrive\Desktop\MobileNetV2\NEU-DET\IMAGES\patches\patches_214.jpg,2
patches_215,patches,train,C:\Users\anmol\OneDrive\Desktop\MobileNetV2\NEU-DET\IMAGES\patches\patches_215.jpg,5
patches_216,patches,train,C:\Users\anmol\OneDrive\Desktop\MobileNetV2\NEU-DET\IMAGES\patches\patches_216.jpg,6
patches_217,patches,train,C:\Users\anmol\OneDrive\Desktop\MobileNetV2\NEU-DET\IMAGES\patches\patches_217.jpg,6
patches_219,patches,train,C:\Users\anmol\OneDrive\Desktop\MobileNetV2\NEU-DET\IMAGES\patches\patches_219.jpg,1
patches_22,patches,train,C:\Users\anmol\OneDrive\Desktop\MobileNetV2\NEU-DET\IMAGES\patches\patches_22.jpg,2
patches_220,patches,train,C:\Users\anmol\OneDrive\Desktop\MobileNetV2\NEU-DET\IMAGES\patches\patches_220.jpg,4
patches_223,patches,train,C:\Users\anmol\OneDrive\Desktop\MobileNetV2\NEU-DET\IMAGES\patches\patches_223.jpg,3
patches_227,patches,train,C:\Users\anmol\OneDrive\Desktop\MobileNetV2\NEU-DET\IMAGES\patches\patches_227.jpg,5
patches_228,patches,train,C:\Users\anmol\OneDrive\Desktop\MobileNetV2\NEU-DET\IMAGES\patches\patches_228.jpg,2
patches_23,patches,train,C:\Users\anmol\OneDrive\Desktop\MobileNetV2\NEU-DET\IMAGES\patches\patches_23.jpg,1
patches_231,patches,train,C:\Users\anmol\OneDrive\Desktop\MobileNetV2\NEU-DET\IMAGES\patches\patches_231.jpg,6
patches_232,patches,train,C:\Users\anmol\OneDrive\Desktop\MobileNetV2\NEU-DET\IMAGES\patches\patches_232.jpg,6
patches_233,patches,train,C:\Users\anmol\OneDrive\Desktop\MobileNetV2\NEU-DET\IMAGES\patches\patches_233.jpg,2
patches_234,patches,train,C:\Users\anmol\OneDrive\Desktop\MobileNetV2\NEU-DET\IMAGES\patches\patches_234.jpg,4
patches_236,patches,train,C:\Users\anmol\OneDrive\Desktop\MobileNetV2\NEU-DET\IMAGES\patches\patches_236.jpg,3
patches_237,patches,train,C:\Users\anmol\OneDrive\Desktop\MobileNetV2\NEU-DET\IMAGES\patches\patches_237.jpg,3
patches_239,patches,train,C:\Users\anmol\OneDrive\Desktop\MobileNetV2\NEU-DET\IMAGES\patches\patches_239.jpg,2
patches_24,patches,train,C:\Users\anmol\OneDrive\Desktop\MobileNetV2\NEU-DET\IMAGES\patches\patches_24.jpg,3
patches_240,patches,train,C:\Users\anmol\OneDrive\Desktop\MobileNetV2\NEU-DET\IMAGES\patches\patches_240.jpg,1
patches_241,patches,train,C:\Users\anmol\OneDrive\Desktop\MobileNetV2\NEU-DET\IMAGES\patches\patches_241.jpg,1
patches_243,patches,train,C:\Users\anmol\OneDrive\Desktop\MobileNetV2\NEU-DET\IMAGES\patches\patches_243.jpg,5
patches_244,patches,train,C:\Users\anmol\OneDrive\Desktop\MobileNetV2\NEU-DET\IMAGES\patches\patches_244.jpg,2
patches_247,patches,train,C:\Users\anmol\OneDrive\Desktop\MobileNetV2\NEU-DET\IMAGES\patches\patches_247.jpg,2
patches_248,patches,train,C:\Users\anmol\OneDrive\Desktop\MobileNetV2\NEU-DET\IMAGES\patches\patches_248.jpg,5
patches_249,patches,train,C:\Users\anmol\OneDrive\Desktop\MobileNetV2\NEU-DET\IMAGES\patches\patches_249.jpg,3
patches_25,patches,train,C:\Users\anmol\OneDrive\Desktop\MobileNetV2\NEU-DET\IMAGES\patches\patches_25.jpg,4
patches_250,patches,train,C:\Users\anmol\OneDrive\Desktop\MobileNetV2\NEU-DET\IMAGES\patches\patches_250.jpg,4
patches_252,patches,train,C:\Users\anmol\OneDrive\Desktop\MobileNetV2\NEU-DET\IMAGES\patches\patches_252.jpg,3
patches_254,patches,train,C:\Users\anmol\OneDrive\Desktop\MobileNetV2\NEU-DET\IMAGES\patches\patches_254.jpg,2
patches_256,patches,train,C:\Users\anmol\OneDrive\Desktop\MobileNetV2\NEU-DET\IMAGES\patches\patches_256.jpg,2
patches_257,patches,train,C:\Users\anmol\OneDrive\Desktop\MobileNetV2\NEU-DET\IMAGES\patches\patches_257.jpg,4
patches_258,patches,train,C:\Users\anmol\OneDrive\Desktop\MobileNetV2\NEU-DET\IMAGES\patches\patches_258.jpg,3
patches_259,patches,train,C:\Users\anmol\OneDrive\Desktop\MobileNetV2\NEU-DET\IMAGES\patches\patches_259.jpg,5
patches_26,patches,train,C:\Users\anmol\OneDrive\Desktop\MobileNetV2\NEU-DET\IMAGES\patches\patches_26.jpg,4
patches_260,patches,train,C:\Users\anmol\OneDrive\Desktop\MobileNetV2\NEU-DET\IMAGES\patches\patches_260.jpg,2
patches_261,patches,train,C:\Users\anmol\OneDrive\Desktop\MobileNetV2\NEU-DET\IMAGES\patches\patches_261.jpg,4
patches_262,patches,train,C:\Users\anmol\OneDrive\Desktop\MobileNetV2\NEU-DET\IMAGES\patches\patches_262.jpg,3
patches_263,patches,train,C:\Users\anmol\OneDrive\Desktop\MobileNetV2\NEU-DET\IMAGES\patches\patches_263.jpg,2
patches_264,patches,train,C:\Users\anmol\OneDrive\Desktop\MobileNetV2\NEU-DET\IMAGES\patches\patches_264.jpg,2
patches_265,patches,train,C:\Users\anmol\OneDrive\Desktop\MobileNetV2\NEU-DET\IMAGES\patches\patches_265.jpg,4
patches_267,patches,train,C:\Users\anmol\OneDrive\Desktop\MobileNetV2\NEU-DET\IMAGES\patches\patches_267.jpg,4
patches_268,patches,train,C:\Users\anmol\OneDrive\Desktop\MobileNetV2\NEU-DET\IMAGES\patches\patches_268.jpg,3
patches_27,patches,train,C:\Users\anmol\OneDrive\Desktop\MobileNetV2\NEU-DET\IMAGES\patches\patches_27.jpg,3
patches_270,patches,train,C:\Users\anmol\OneDrive\Desktop\MobileNetV2\NEU-DET\IMAGES\patches\patches_270.jpg,2
patches_273,patches,train,C:\Users\anmol\OneDrive\Desktop\MobileNetV2\NEU-DET\IMAGES\patches\patches_273.jpg,3
patches_275,patches,train,C:\Users\anmol\OneDrive\Desktop\MobileNetV2\NEU-DET\IMAGES\patches\patches_275.jpg,2
patches_277,patches,train,C:\Users\anmol\OneDrive\Desktop\MobileNetV2\NEU-DET\IMAGES\patches\patches_277.jpg,4
patches_278,patches,train,C:\Users\anmol\OneDrive\Desktop\MobileNetV2\NEU-DET\IMAGES\patches\patches_278.jpg,2
patches_28,patches,train,C:\Users\anmol\OneDrive\Desktop\MobileNetV2\NEU-DET\IMAGES\patches\patches_28.jpg,3
patches_280,patches,train,C:\Users\anmol\OneDrive\Desktop\MobileNetV2\NEU-DET\IMAGES\patches\patches_280.jpg,2
patches_281,patches,train,C:\Users\anmol\OneDrive\Desktop\MobileNetV2\NEU-DET\IMAGES\patches\patches_281.jpg,3
patches_282,patches,train,C:\Users\anmol\OneDrive\Desktop\MobileNetV2\NEU-DET\IMAGES\patches\patches_282.jpg,3
patches_284,patches,train,C:\Users\anmol\OneDrive\Desktop\MobileNetV2\NEU-DET\IMAGES\patches\patches_284.jpg,2
patches_285,patches,train,C:\Users\anmol\OneDrive\Desktop\MobileNetV2\NEU-DET\IMAGES\patches\patches_285.jpg,3
patches_286,patches,train,C:\Users\anmol\OneDrive\Desktop\MobileNetV2\NEU-DET\IMAGES\patches\patches_286.jpg,4
patches_288,patches,train,C:\Users\anmol\OneDrive\Desktop\MobileNetV2\NEU-DET\IMAGES\patches\patches_288.jpg,2
patches_289,patches,train,C:\Users\anmol\OneDrive\Desktop\MobileNetV2\NEU-DET\IMAGES\patches\patches_289.jpg,5
patches_29,patches,train,C:\Users\anmol\OneDrive\Desktop\MobileNetV2\NEU-DET\IMAGES\patches\patches_29.jpg,3
patches_292,patches,train,C:\Users\anmol\OneDrive\Desktop\MobileNetV2\NEU-DET\IMAGES\patches\patches_292.jpg,5
patches_294,patches,train,C:\Users\anmol\OneDrive\Desktop\MobileNetV2\NEU-DET\IMAGES\patches\patches_294.jpg,2
patches_295,patches,train,C:\Users\anmol\OneDrive\Desktop\MobileNetV2\NEU-DET\IMAGES\patches\patches_295.jpg,3
patches_297,patches,train,C:\Users\anmol\OneDrive\Desktop\MobileNetV2\NEU-DET\IMAGES\patches\patches_297.jpg,3
patches_299,patches,train,C:\Users\anmol\OneDrive\Desktop\MobileNetV2\NEU-DET\IMAGES\patches\patches_299.jpg,3
patches_3,patches,train,C:\Users\anmol\OneDrive\Desktop\MobileNetV2\NEU-DET\IMAGES\patches\patches_3.jpg,6
patches_30,patches,train,C:\Users\anmol\OneDrive\Desktop\MobileNetV2\NEU-DET\IMAGES\patches\patches_30.jpg,2
patches_300,patches,train,C:\Users\anmol\OneDrive\Desktop\MobileNetV2\NEU-DET\IMAGES\patches\patches_300.jpg,2
patches_33,patches,train,C:\Users\anmol\OneDrive\Desktop\MobileNetV2\NEU-DET\IMAGES\patches\patches_33.jpg,3
patches_37,patches,train,C:\Users\anmol\OneDrive\Desktop\MobileNetV2\NEU-DET\IMAGES\patches\patches_37.jpg,2
patches_38,patches,train,C:\Users\anmol\OneDrive\Desktop\MobileNetV2\NEU-DET\IMAGES\patches\patches_38.jpg,3
patches_39,patches,train,C:\Users\anmol\OneDrive\Desktop\MobileNetV2\NEU-DET\IMAGES\patches\patches_39.jpg,1
patches_41,patches,train,C:\Users\anmol\OneDrive\Desktop\MobileNetV2\NEU-DET\IMAGES\patches\patches_41.jpg,2
patches_44,patches,train,C:\Users\anmol\OneDrive\Desktop\MobileNetV2\NEU-DET\IMAGES\patches\patches_44.jpg,1
patches_45,patches,train,C:\Users\anmol\OneDrive\Desktop\MobileNetV2\NEU-DET\IMAGES\patches\patches_45.jpg,4
patches_47,patches,train,C:\Users\anmol\OneDrive\Desktop\MobileNetV2\NEU-DET\IMAGES\patches\patches_47.jpg,3
patches_5,patches,train,C:\Users\anmol\OneDrive\Desktop\MobileNetV2\NEU-DET\IMAGES\patches\patches_5.jpg,3
patches_50,patches,train,C:\Users\anmol\OneDrive\Desktop\MobileNetV2\NEU-DET\IMAGES\patches\patches_50.jpg,2
patches_51,patches,train,C:\Users\anmol\OneDrive\Desktop\MobileNetV2\NEU-DET\IMAGES\patches\patches_51.jpg,1
patches_53,patches,train,C:\Users\anmol\OneDrive\Desktop\MobileNetV2\NEU-DET\IMAGES\patches\patches_53.jpg,3
patches_54,patches,train,C:\Users\anmol\OneDrive\Desktop\MobileNetV2\NEU-DET\IMAGES\patches\patches_54.jpg,1
patches_55,patches,train,C:\Users\anmol\OneDrive\Desktop\MobileNetV2\NEU-DET\IMAGES\patches\patches_55.jpg,2
patches_56,patches,train,C:\Users\anmol\OneDrive\Desktop\MobileNetV2\NEU-DET\IMAGES\patches\patches_56.jpg,4
patches_57,patches,train,C:\Users\anmol\OneDrive\Desktop\MobileNetV2\NEU-DET\IMAGES\patches\patches_57.jpg,2
patches_58,patches,train,C:\Users\anmol\OneDrive\Desktop\MobileNetV2\NEU-DET\IMAGES\patches\patches_58.jpg,4
patches_59,patches,train,C:\Users\anmol\OneDrive\Desktop\MobileNetV2\NEU-DET\IMAGES\patches\patches_59.jpg,2
patches_6,patches,train,C:\Users\anmol\OneDrive\Desktop\MobileNetV2\NEU-DET\IMAGES\patches\patches_6.jpg,2
patches_60,patches,train,C:\Users\anmol\OneDrive\Desktop\MobileNetV2\NEU-DET\IMAGES\patches\patches_60.jpg,4
patches_62,patches,train,C:\Users\anmol\OneDrive\Desktop\MobileNetV2\NEU-DET\IMAGES\patches\patches_62.jpg,1
patches_63,patches,train,C:\Users\anmol\OneDrive\Desktop\MobileNetV2\NEU-DET\IMAGES\patches\patches_63.jpg,1
patches_64,patches,train,C:\Users\anmol\OneDrive\Desktop\MobileNetV2\NEU-DET\IMAGES\patches\patches_64.jpg,1
patches_67,patches,train,C:\Users\anmol\OneDrive\Desktop\MobileNetV2\NEU-DET\IMAGES\patches\patches_67.jpg,3
patches_7,patches,train,C:\Users\anmol\OneDrive\Desktop\MobileNetV2\NEU-DET\IMAGES\patches\patches_7.jpg,1
patches_70,patches,train,C:\Users\anmol\OneDrive\Desktop\MobileNetV2\NEU-DET\IMAGES\patches\patches_70.jpg,1
patches_71,patches,train,C:\Users\anmol\OneDrive\Desktop\MobileNetV2\NEU-DET\IMAGES\patches\patches_71.jpg,3
patches_72,patches,train,C:\Users\anmol\OneDrive\Desktop\MobileNetV2\NEU-DET\IMAGES\patches\patches_72.jpg,2
patches_74,patches,train,C:\Users\anmol\OneDrive\Desktop\MobileNetV2\NEU-DET\IMAGES\patches\patches_74.jpg,2
patches_75,patches,train,C:\Users\anmol\OneDrive\Desktop\MobileNetV2\NEU-DET\IMAGES\patches\patches_75.jpg,2
patches_76,patches,train,C:\Users\anmol\OneDrive\Desktop\MobileNetV2\NEU-DET\IMAGES\patches\patches_76.jpg,2
patches_79,patches,train,C:\Users\anmol\OneDrive\Desktop\MobileNetV2\NEU-DET\IMAGES\patches\patches_79.jpg,3
patches_8,patches,train,C:\Users\anmol\OneDrive\Desktop\MobileNetV2\NEU-DET\IMAGES\patches\patches_8.jpg,3
patches_80,patches,train,C:\Users\anmol\OneDrive\Desktop\MobileNetV2\NEU-DET\IMAGES\patches\patches_80.jpg,2
patches_82,patches,train,C:\Users\anmol\OneDrive\Desktop\MobileNetV2\NEU-DET\IMAGES\patches\patches_82.jpg,1
patches_86,patches,train,C:\Users\anmol\OneDrive\Desktop\MobileNetV2\NEU-DET\IMAGES\patches\patches_86.jpg,1
patches_88,patches,train,C:\Users\anmol\OneDrive\Desktop\MobileNetV2\NEU-DET\IMAGES\patches\patches_88.jpg,4
patches_89,patches,train,C:\Users\anmol\OneDrive\Desktop\MobileNetV2\NEU-DET\IMAGES\patches\patches_89.jpg,6
patches_9,patches,train,C:\Users\anmol\OneDrive\Desktop\MobileNetV2\NEU-DET\IMAGES\patches\patches_9.jpg,1
patches_90,patches,train,C:\Users\anmol\OneDrive\Desktop\MobileNetV2\NEU-DET\IMAGES\patches\patches_90.jpg,3
patches_92,patches,train,C:\Users\anmol\OneDrive\Desktop\MobileNetV2\NEU-DET\IMAGES\patches\patches_92.jpg,6
patches_95,patches,train,C:\Users\anmol\OneDrive\Desktop\MobileNetV2\NEU-DET\IMAGES\patches\patches_95.jpg,3
patches_96,patches,train,C:\Users\anmol\OneDrive\Desktop\MobileNetV2\NEU-DET\IMAGES\patches\patches_96.jpg,1
patches_97,patches,train,C:\Users\anmol\OneDrive\Desktop\MobileNetV2\NEU-DET\IMAGES\patches\patches_97.jpg,2
patches_98,patches,train,C:\Users\anmol\OneDrive\Desktop\MobileNetV2\NEU-DET\IMAGES\patches\patches_98.jpg,2
patches_99,patches,train,C:\Users\anmol\OneDrive\Desktop\MobileNetV2\NEU-DET\IMAGES\patches\patches_99.jpg,4
pitted_surface_1,pitted_surface,train,C:\Users\anmol\OneDrive\Desktop\MobileNetV2\NEU-DET\IMAGES\pitted_surface\pitted_surface_1.jpg,2
pitted_surface_100,pitted_surface,train,C:\Users\anmol\OneDrive\Desktop\MobileNetV2\NEU-DET\IMAGES\pitted_surface\pitted_surface_100.jpg,2
pitted_surface_101,pitted_surface,train,C:\Users\anmol\OneDrive\Desktop\MobileNetV2\NEU-DET\IMAGES\pitted_surface\pitted_surface_101.jpg,4
pitted_surface_102,pitted_surface,train,C:\Users\anmol\OneDrive\Desktop\MobileNetV2\NEU-DET\IMAGES\pitted_surface\pitted_surface_102.jpg,5
pitted_surface_103,pitted_surface,train,C:\Users\anmol\OneDrive\Desktop\MobileNetV2\NEU-DET\IMAGES\pitted_surface\pitted_surface_103.jpg,2
pitted_surface_104,pitted_surface,train,C:\Users\anmol\OneDrive\Desktop\MobileNetV2\NEU-DET\IMAGES\pitted_surface\pitted_surface_104.jpg,1
pitted_surface_105,pitted_surface,train,C:\Users\anmol\OneDrive\Desktop\MobileNetV2\NEU-DET\IMAGES\pitted_surface\pitted_surface_105.jpg,1
pitted_surface_106,pitted_surface,train,C:\Users\anmol\OneDrive\Desktop\MobileNetV2\NEU-DET\IMAGES\pitted_surface\pitted_surface_106.jpg,1
pitted_surface_107,pitted_surface,train,C:\Users\anmol\OneDrive\Desktop\MobileNetV2\NEU-DET\IMAGES\pitted_surface\pitted_surface_107.jpg,1
pitted_surface_108,pitted_surface,train,C:\Users\anmol\OneDrive\Desktop\MobileNetV2\NEU-DET\IMAGES\pitted_surface\pitted_surface_108.jpg,1
pitted_surface_109,pitted_surface,train,C:\Users\anmol\OneDrive\Desktop\MobileNetV2\NEU-DET\IMAGES\pitted_surface\pitted_surface_109.jpg,2
pitted_surface_11,pitted_surface,train,C:\Users\anmol\OneDrive\Desktop\MobileNetV2\NEU-DET\IMAGES\pitted_surface\pitted_surface_11.jpg,1
pitted_surface_110,pitted_surface,train,C:\Users\anmol\OneDrive\Desktop\MobileNetV2\NEU-DET\IMAGES\pitted_surface\pitted_surface_110.jpg,2
pitted_surface_111,pitted_surface,train,C:\Users\anmol\OneDrive\Desktop\MobileNetV2\NEU-DET\IMAGES\pitted_surface\pitted_surface_111.jpg,2
pitted_surface_114,pitted_surface,train,C:\Users\anmol\OneDrive\Desktop\MobileNetV2\NEU-DET\IMAGES\pitted_surface\pitted_surface_114.jpg,3
pitted_surface_116,pitted_surface,train,C:\Users\anmol\OneDrive\Desktop\MobileNetV2\NEU-DET\IMAGES\pitted_surface\pitted_surface_116.jpg,2
pitted_surface_118,pitted_surface,train,C:\Users\anmol\OneDrive\Desktop\MobileNetV2\NEU-DET\IMAGES\pitted_surface\pitted_surface_118.jpg,2
pitted_surface_119,pitted_surface,train,C:\Users\anmol\OneDrive\Desktop\MobileNetV2\NEU-DET\IMAGES\pitted_surface\pitted_surface_119.jpg,2
pitted_surface_12,pitted_surface,train,C:\Users\anmol\OneDrive\Desktop\MobileNetV2\NEU-DET\IMAGES\pitted_surface\pitted_surface_12.jpg,1
pitted_surface_120,pitted_surface,train,C:\Users\anmol\OneDrive\Desktop\MobileNetV2\NEU-DET\IMAGES\pitted_surface\pitted_surface_120.jpg,2
pitted_surface_121,pitted_surface,train,C:\Users\anmol\OneDrive\Desktop\MobileNetV2\NEU-DET\IMAGES\pitted_surface\pitted_surface_121.jpg,2
pitted_surface_122,pitted_surface,train,C:\Users\anmol\OneDrive\Desktop\MobileNetV2\NEU-DET\IMAGES\pitted_surface\pitted_surface_122.jpg,3
pitted_surface_124,pitted_surface,train,C:\Users\anmol\OneDrive\Desktop\MobileNetV2\NEU-DET\IMAGES\pitted_surface\pitted_surface_124.jpg,2
pitted_surface_128,pitted_surface,train,C:\Users\anmol\OneDrive\Desktop\MobileNetV2\NEU-DET\IMAGES\pitted_surface\pitted_surface_128.jpg,1
pitted_surface_13,pitted_surface,train,C:\Users\anmol\OneDrive\Desktop\MobileNetV2\NEU-DET\IMAGES\pitted_surface\pitted_surface_13.jpg,2
pitted_surface_130,pitted_surface,train,C:\Users\anmol\OneDrive\Desktop\MobileNetV2\NEU-DET\IMAGES\pitted_surface\pitted_surface_130.jpg,2
pitted_surface_134,pitted_surface,train,C:\Users\anmol\OneDrive\Desktop\MobileNetV2\NEU-DET\IMAGES\pitted_surface\pitted_surface_134.jpg,1
pitted_surface_135,pitted_surface,train,C:\Users\anmol\OneDrive\Desktop\MobileNetV2\NEU-DET\IMAGES\pitted_surface\pitted_surface_135.jpg,2
pitted_surface_139,pitted_surface,train,C:\Users\anmol\OneDrive\Desktop\MobileNetV2\NEU-DET\IMAGES\pitted_surface\pitted_surface_139.jpg,1
pitted_surface_14,pitted_surface,train,C:\Users\anmol\OneDrive\Desktop\MobileNetV2\NEU-DET\IMAGES\pitted_surface\pitted_surface_14.jpg,1
pitted_surface_140,pitted_surface,train,C:\Users\anmol\OneDrive\Desktop\MobileNetV2\NEU-DET\IMAGES\pitted_surface\pitted_surface_140.jpg,2
pitted_surface_141,pitted_surface,train,C:\Users\anmol\OneDrive\Desktop\MobileNetV2\NEU-DET\IMAGES\pitted_surface\pitted_surface_141.jpg,1
pitted_surface_142,pitted_surface,train,C:\Users\anmol\OneDrive\Desktop\MobileNetV2\NEU-DET\IMAGES\pitted_surface\pitted_surface_142.jpg,1
pitted_surface_143,pitted_surface,train,C:\Users\anmol\OneDrive\Desktop\MobileNetV2\NEU-DET\IMAGES\pitted_surface\pitted_surface_143.jpg,1
pitted_surface_145,pitted_surface,train,C:\Users\anmol\OneDrive\Desktop\MobileNetV2\NEU-DET\IMAGES\pitted_surface\pitted_surface_145.jpg,1
pitted_surface_146,pitted_surface,train,C:\Users\anmol\OneDrive\Desktop\MobileNetV2\NEU-DET\IMAGES\pitted_surface\pitted_surface_146.jpg,1
pitted_surface_147,pitted_surface,train,C:\Users\anmol\OneDrive\Desktop\MobileNetV2\NEU-DET\IMAGES\pitted_surface\pitted_surface_147.jpg,1
pitted_surface_148,pitted_surface,train,C:\Users\anmol\OneDrive\Desktop\MobileNetV2\NEU-DET\IMAGES\pitted_surface\pitted_surface_148.jpg,4
pitted_surface_149,pitted_surface,train,C:\Users\anmol\OneDrive\Desktop\MobileNetV2\NEU-DET\IMAGES\pitted_surface\pitted_surface_149.jpg,2
pitted_surface_15,pitted_surface,train,C:\Users\anmol\OneDrive\Desktop\MobileNetV2\NEU-DET\IMAGES\pitted_surface\pitted_surface_15.jpg,1
pitted_surface_151,pitted_surface,train,C:\Users\anmol\OneDrive\Desktop\MobileNetV2\NEU-DET\IMAGES\pitted_surface\pitted_surface_151.jpg,2
pitted_surface_154,pitted_surface,train,C:\Users\anmol\OneDrive\Desktop\MobileNetV2\NEU-DET\IMAGES\pitted_surface\pitted_surface_154.jpg,2
pitted_surface_155,pitted_surface,train,C:\Users\anmol\OneDrive\Desktop\MobileNetV2\NEU-DET\IMAGES\pitted_surface\pitted_surface_155.jpg,4
pitted_surface_156,pitted_surface,train,C:\Users\anmol\OneDrive\Desktop\MobileNetV2\NEU-DET\IMAGES\pitted_surface\pitted_surface_156.jpg,2
pitted_surface_157,pitted_surface,train,C:\Users\anmol\OneDrive\Desktop\MobileNetV2\NEU-DET\IMAGES\pitted_surface\pitted_surface_157.jpg,1
pitted_surface_158,pitted_surface,train,C:\Users\anmol\OneDrive\Desktop\MobileNetV2\NEU-DET\IMAGES\pitted_surface\pitted_surface_158.jpg,1
pitted_surface_159,pitted_surface,train,C:\Users\anmol\OneDrive\Desktop\MobileNetV2\NEU-DET\IMAGES\pitted_surface\pitted_surface_159.jpg,2
pitted_surface_162,pitted_surface,train,C:\Users\anmol\OneDrive\Desktop\MobileNetV2\NEU-DET\IMAGES\pitted_surface\pitted_surface_162.jpg,2
pitted_surface_163,pitted_surface,train,C:\Users\anmol\OneDrive\Desktop\MobileNetV2\NEU-DET\IMAGES\pitted_surface\pitted_surface_163.jpg,2
pitted_surface_164,pitted_surface,train,C:\Users\anmol\OneDrive\Desktop\MobileNetV2\NEU-DET\IMAGES\pitted_surface\pitted_surface_164.jpg,1
pitted_surface_166,pitted_surface,train,C:\Users\anmol\OneDrive\Desktop\MobileNetV2\NEU-DET\IMAGES\pitted_surface\pitted_surface_166.jpg,3
pitted_surface_167,pitted_surface,train,C:\Users\anmol\OneDrive\Desktop\MobileNetV2\NEU-DET\IMAGES\pitted_surface\pitted_surface_167.jpg,1
pitted_surface_170,pitted_surface,train,C:\Users\anmol\OneDrive\Desktop\MobileNetV2\NEU-DET\IMAGES\pitted_surface\pitted_surface_170.jpg,4
pitted_surface_172,pitted_surface,train,C:\Users\anmol\OneDrive\Desktop\MobileNetV2\NEU-DET\IMAGES\pitted_surface\pitted_surface_172.jpg,3
pitted_surface_173,pitted_surface,train,C:\Users\anmol\OneDrive\Desktop\MobileNetV2\NEU-DET\IMAGES\pitted_surface\pitted_surface_173.jpg,3
pitted_surface_174,pitted_surface,train,C:\Users\anmol\OneDrive\Desktop\MobileNetV2\NEU-DET\IMAGES\pitted_surface\pitted_surface_174.jpg,4
pitted_surface_175,pitted_surface,train,C:\Users\anmol\OneDrive\Desktop\MobileNetV2\NEU-DET\IMAGES\pitted_surface\pitted_surface_175.jpg,3
pitted_surface_176,pitted_surface,train,C:\Users\anmol\OneDrive\Desktop\MobileNetV2\NEU-DET\IMAGES\pitted_surface\pitted_surface_176.jpg,3
pitted_surface_177,pitted_surface,train,C:\Users\anmol\OneDrive\Desktop\MobileNetV2\NEU-DET\IMAGES\pitted_surface\pitted_surface_177.jpg,1
pitted_surface_178,pitted_surface,train,C:\Users\anmol\OneDrive\Desktop\MobileNetV2\NEU-DET\IMAGES\pitted_surface\pitted_surface_178.jpg,2
pitted_surface_18,pitted_surface,train,C:\Users\anmol\OneDrive\Desktop\MobileNetV2\NEU-DET\IMAGES\pitted_surface\pitted_surface_18.jpg,1
pitted_surface_180,pitted_surface,train,C:\Users\anmol\OneDrive\Desktop\MobileNetV2\NEU-DET\IMAGES\pitted_surface\pitted_surface_180.jpg,1
pitted_surface_181,pitted_surface,train,C:\Users\anmol\OneDrive\Desktop\MobileNetV2\NEU-DET\IMAGES\pitted_surface\pitted_surface_181.jpg,1
pitted_surface_182,pitted_surface,train,C:\Users\anmol\OneDrive\Desktop\MobileNetV2\NEU-DET\IMAGES\pitted_surface\pitted_surface_182.jpg,2
pitted_surface_183,pitted_surface,train,C:\Users\anmol\OneDrive\Desktop\MobileNetV2\NEU-DET\IMAGES\pitted_surface\pitted_surface_183.jpg,1
pitted_surface_184,pitted_surface,train,C:\Users\anmol\OneDrive\Desktop\MobileNetV2\NEU-DET\IMAGES\pitted_surface\pitted_surface_184.jpg,1
pitted_surface_185,pitted_surface,train,C:\Users\anmol\OneDrive\Desktop\MobileNetV2\NEU-DET\IMAGES\pitted_surface\pitted_surface_185.jpg,1
pitted_surface_186,pitted_surface,train,C:\Users\anmol\OneDrive\Desktop\MobileNetV2\NEU-DET\IMAGES\pitted_surface\pitted_surface_186.jpg,1
pitted_surface_187,pitted_surface,train,C:\Users\anmol\OneDrive\Desktop\MobileNetV2\NEU-DET\IMAGES\pitted_surface\pitted_surface_187.jpg,1
pitted_surface_188,pitted_surface,train,C:\Users\anmol\OneDrive\Desktop\MobileNetV2\NEU-DET\IMAGES\pitted_surface\pitted_surface_188.jpg,1
pitted_surface_189,pitted_surface,train,C:\Users\anmol\OneDrive\Desktop\MobileNetV2\NEU-DET\IMAGES\pitted_surface\pitted_surface_189.jpg,1
pitted_surface_19,pitted_surface,train,C:\Users\anmol\OneDrive\Desktop\MobileNetV2\NEU-DET\IMAGES\pitted_surface\pitted_surface_19.jpg,2
pitted_surface_190,pitted_surface,train,C:\Users\anmol\OneDrive\Desktop\MobileNetV2\NEU-DET\IMAGES\pitted_surface\pitted_surface_190.jpg,2
pitted_surface_191,pitted_surface,train,C:\Users\anmol\OneDrive\Desktop\MobileNetV2\NEU-DET\IMAGES\pitted_surface\pitted_surface_191.jpg,1
pitted_surface_193,pitted_surface,train,C:\Users\anmol\OneDrive\Desktop\MobileNetV2\NEU-DET\IMAGES\pitted_surface\pitted_surface_193.jpg,1
pitted_surface_194,pitted_surface,train,C:\Users\anmol\OneDrive\Desktop\MobileNetV2\NEU-DET\IMAGES\pitted_surface\pitted_surface_194.jpg,1
pitted_surface_196,pitted_surface,train,C:\Users\anmol\OneDrive\Desktop\MobileNetV2\NEU-DET\IMAGES\pitted_surface\pitted_surface_196.jpg,1
pitted_surface_198,pitted_surface,train,C:\Users\anmol\OneDrive\Desktop\MobileNetV2\NEU-DET\IMAGES\pitted_surface\pitted_surface_198.jpg,1
pitted_surface_199,pitted_surface,train,C:\Users\anmol\OneDrive\Desktop\MobileNetV2\NEU-DET\IMAGES\pitted_surface\pitted_surface_199.jpg,1
pitted_surface_2,pitted_surface,train,C:\Users\anmol\OneDrive\Desktop\MobileNetV2\NEU-DET\IMAGES\pitted_surface\pitted_surface_2.jpg,2
pitted_surface_200,pitted_surface,train,C:\Users\anmol\OneDrive\Desktop\MobileNetV2\NEU-DET\IMAGES\pitted_surface\pitted_surface_200.jpg,2
pitted_surface_201,pitted_surface,train,C:\Users\anmol\OneDrive\Desktop\MobileNetV2\NEU-DET\IMAGES\pitted_surface\pitted_surface_201.jpg,1
pitted_surface_203,pitted_surface,train,C:\Users\anmol\OneDrive\Desktop\MobileNetV2\NEU-DET\IMAGES\pitted_surface\pitted_surface_203.jpg,1
pitted_surface_204,pitted_surface,train,C:\Users\anmol\OneDrive\Desktop\MobileNetV2\NEU-DET\IMAGES\pitted_surface\pitted_surface_204.jpg,1
pitted_surface_207,pitted_surface,train,C:\Users\anmol\OneDrive\Desktop\MobileNetV2\NEU-DET\IMAGES\pitted_surface\pitted_surface_207.jpg,3
pitted_surface_208,pitted_surface,train,C:\Users\anmol\OneDrive\Desktop\MobileNetV2\NEU-DET\IMAGES\pitted_surface\pitted_surface_208.jpg,3
pitted_surface_21,pitted_surface,train,C:\Users\anmol\OneDrive\Desktop\MobileNetV2\NEU-DET\IMAGES\pitted_surface\pitted_surface_21.jpg,1
pitted_surface_210,pitted_surface,train,C:\Users\anmol\OneDrive\Desktop\MobileNetV2\NEU-DET\IMAGES\pitted_surface\pitted_surface_210.jpg,5
pitted_surface_211,pitted_surface,train,C:\Users\anmol\OneDrive\Desktop\MobileNetV2\NEU-DET\IMAGES\pitted_surface\pitted_surface_211.jpg,1
pitted_surface_215,pitted_surface,train,C:\Users\anmol\OneDrive\Desktop\MobileNetV2\NEU-DET\IMAGES\pitted_surface\pitted_surface_215.jpg,1
pitted_surface_216,pitted_surface,train,C:\Users\anmol\OneDrive\Desktop\MobileNetV2\NEU-DET\IMAGES\pitted_surface\pitted_surface_216.jpg,1
pitted_surface_217,pitted_surface,train,C:\Users\anmol\OneDrive\Desktop\MobileNetV2\NEU-DET\IMAGES\pitted_surface\pitted_surface_217.jpg,2
pitted_surface_218,pitted_surface,train,C:\Users\anmol\OneDrive\Desktop\MobileNetV2\NEU-DET\IMAGES\pitted_surface\pitted_surface_218.jpg,1
pitted_surface_219,pitted_surface,train,C:\Users\anmol\OneDrive\Desktop\MobileNetV2\NEU-DET\IMAGES\pitted_surface\pitted_surface_219.jpg,1
pitted_surface_22,pitted_surface,train,C:\Users\anmol\OneDrive\Desktop\MobileNetV2\NEU-DET\IMAGES\pitted_surface\pitted_surface_22.jpg,1
pitted_surface_221,pitted_surface,train,C:\Users\anmol\OneDrive\Desktop\MobileNetV2\NEU-DET\IMAGES\pitted_surface\pitted_surface_221.jpg,1
pitted_surface_222,pitted_surface,train,C:\Users\anmol\OneDrive\Desktop\MobileNetV2\NEU-DET\IMAGES\pitted_surface\pitted_surface_222.jpg,1
pitted_surface_225,pitted_surface,train,C:\Users\anmol\OneDrive\Desktop\MobileNetV2\NEU-DET\IMAGES\pitted_surface\pitted_surface_225.jpg,1
pitted_surface_226,pitted_surface,train,C:\Users\anmol\OneDrive\Desktop\MobileNetV2\NEU-DET\IMAGES\pitted_surface\pitted_surface_226.jpg,4
pitted_surface_227,pitted_surface,train,C:\Users\anmol\OneDrive\Desktop\MobileNetV2\NEU-DET\IMAGES\pitted_surface\pitted_surface_227.jpg,1
pitted_surface_228,pitted_surface,train,C:\Users\anmol\OneDrive\Desktop\MobileNetV2\NEU-DET\IMAGES\pitted_surface\pitted_surface_228.jpg,2
pitted_surface_230,pitted_surface,train,C:\Users\anmol\OneDrive\Desktop\MobileNetV2\NEU-DET\IMAGES\pitted_surface\pitted_surface_230.jpg,2
pitted_surface_232,pitted_surface,train,C:\Users\anmol\OneDrive\Desktop\MobileNetV2\NEU-DET\IMAGES\pitted_surface\pitted_surface_232.jpg,1
pitted_surface_235,pitted_surface,train,C:\Users\anmol\OneDrive\Desktop\MobileNetV2\NEU-DET\IMAGES\pitted_surface\pitted_surface_235.jpg,2
pitted_surface_237,pitted_surface,train,C:\Users\anmol\OneDrive\Desktop\MobileNetV2\NEU-DET\IMAGES\pitted_surface\pitted_surface_237.jpg,2
pitted_surface_238,pitted_surface,train,C:\Users\anmol\OneDrive\Desktop\MobileNetV2\NEU-DET\IMAGES\pitted_surface\pitted_surface_238.jpg,2
pitted_surface_240,pitted_surface,train,C:\Users\anmol\OneDrive\Desktop\MobileNetV2\NEU-DET\IMAGES\pitted_surface\pitted_surface_240.jpg,1
pitted_surface_241,pitted_surface,train,C:\Users\anmol\OneDrive\Desktop\MobileNetV2\NEU-DET\IMAGES\pitted_surface\pitted_surface_241.jpg,1
pitted_surface_242,pitted_surface,train,C:\Users\anmol\OneDrive\Desktop\MobileNetV2\NEU-DET\IMAGES\pitted_surface\pitted_surface_242.jpg,2
pitted_surface_244,pitted_surface,train,C:\Users\anmol\OneDrive\Desktop\MobileNetV2\NEU-DET\IMAGES\pitted_surface\pitted_surface_244.jpg,1
pitted_surface_245,pitted_surface,train,C:\Users\anmol\OneDrive\Desktop\MobileNetV2\NEU-DET\IMAGES\pitted_surface\pitted_surface_245.jpg,3
pitted_surface_246,pitted_surface,train,C:\Users\anmol\OneDrive\Desktop\MobileNetV2\NEU-DET\IMAGES\pitted_surface\pitted_surface_246.jpg,2
pitted_surface_247,pitted_surface,train,C:\Users\anmol\OneDrive\Desktop\MobileNetV2\NEU-DET\IMAGES\pitted_surface\pitted_surface_247.jpg,2
pitted_surface_249,pitted_surface,train,C:\Users\anmol\OneDrive\Desktop\MobileNetV2\NEU-DET\IMAGES\pitted_surface\pitted_surface_249.jpg,1
pitted_surface_25,pitted_surface,train,C:\Users\anmol\OneDrive\Desktop\MobileNetV2\NEU-DET\IMAGES\pitted_surface\pitted_surface_25.jpg,1
pitted_surface_250,pitted_surface,train,C:\Users\anmol\OneDrive\Desktop\MobileNetV2\NEU-DET\IMAGES\pitted_surface\pitted_surface_250.jpg,1
pitted_surface_252,pitted_surface,train,C:\Users\anmol\OneDrive\Desktop\MobileNetV2\NEU-DET\IMAGES\pitted_surface\pitted_surface_252.jpg,1
pitted_surface_253,pitted_surface,train,C:\Users\anmol\OneDrive\Desktop\MobileNetV2\NEU-DET\IMAGES\pitted_surface\pitted_surface_253.jpg,2
pitted_surface_254,pitted_surface,train,C:\Users\anmol\OneDrive\Desktop\MobileNetV2\NEU-DET\IMAGES\pitted_surface\pitted_surface_254.jpg,1
pitted_surface_255,pitted_surface,train,C:\Users\anmol\OneDrive\Desktop\MobileNetV2\NEU-DET\IMAGES\pitted_surface\pitted_surface_255.jpg,1
pitted_surface_256,pitted_surface,train,C:\Users\anmol\OneDrive\Desktop\MobileNetV2\NEU-DET\IMAGES\pitted_surface\pitted_surface_256.jpg,2
pitted_surface_259,pitted_surface,train,C:\Users\anmol\OneDrive\Desktop\MobileNetV2\NEU-DET\IMAGES\pitted_surface\pitted_surface_259.jpg,1
pitted_surface_26,pitted_surface,train,C:\Users\anmol\OneDrive\Desktop\MobileNetV2\NEU-DET\IMAGES\pitted_surface\pitted_surface_26.jpg,1
pitted_surface_261,pitted_surface,train,C:\Users\anmol\OneDrive\Desktop\MobileNetV2\NEU-DET\IMAGES\pitted_surface\pitted_surface_261.jpg,3
pitted_surface_262,pitted_surface,train,C:\Users\anmol\OneDrive\Desktop\MobileNetV2\NEU-DET\IMAGES\pitted_surface\pitted_surface_262.jpg,1
pitted_surface_263,pitted_surface,train,C:\Users\anmol\OneDrive\Desktop\MobileNetV2\NEU-DET\IMAGES\pitted_surface\pitted_surface_263.jpg,1
pitted_surface_264,pitted_surface,train,C:\Users\anmol\OneDrive\Desktop\MobileNetV2\NEU-DET\IMAGES\pitted_surface\pitted_surface_264.jpg,1
pitted_surface_265,pitted_surface,train,C:\Users\anmol\OneDrive\Desktop\MobileNetV2\NEU-DET\IMAGES\pitted_surface\pitted_surface_265.jpg,1
pitted_surface_266,pitted_surface,train,C:\Users\anmol\OneDrive\Desktop\MobileNetV2\NEU-DET\IMAGES\pitted_surface\pitted_surface_266.jpg,3
pitted_surface_267,pitted_surface,train,C:\Users\anmol\OneDrive\Desktop\MobileNetV2\NEU-DET\IMAGES\pitted_surface\pitted_surface_267.jpg,2
pitted_surface_268,pitted_surface,train,C:\Users\anmol\OneDrive\Desktop\MobileNetV2\NEU-DET\IMAGES\pitted_surface\pitted_surface_268.jpg,2
pitted_surface_269,pitted_surface,train,C:\Users\anmol\OneDrive\Desktop\MobileNetV2\NEU-DET\IMAGES\pitted_surface\pitted_surface_269.jpg,2
pitted_surface_27,pitted_surface,train,C:\Users\anmol\OneDrive\Desktop\MobileNetV2\NEU-DET\IMAGES\pitted_surface\pitted_surface_27.jpg,2
pitted_surface_270,pitted_surface,train,C:\Users\anmol\OneDrive\Desktop\MobileNetV2\NEU-DET\IMAGES\pitted_surface\pitted_surface_270.jpg,1
pitted_surface_272,pitted_surface,train,C:\Users\anmol\OneDrive\Desktop\MobileNetV2\NEU-DET\IMAGES\pitted_surface\pitted_surface_272.jpg,3
pitted_surface_273,pitted_surface,train,C:\Users\anmol\OneDrive\Desktop\MobileNetV2\NEU-DET\IMAGES\pitted_surface\pitted_surface_273.jpg,1
pitted_surface_275,pitted_surface,train,C:\Users\anmol\OneDrive\Desktop\MobileNetV2\NEU-DET\IMAGES\pitted_surface\pitted_surface_275.jpg,1
pitted_surface_276,pitted_surface,train,C:\Users\anmol\OneDrive\Desktop\MobileNetV2\NEU-DET\IMAGES\pitted_surface\pitted_surface_276.jpg,3
pitted_surface_277,pitted_surface,train,C:\Users\anmol\OneDrive\Desktop\MobileNetV2\NEU-DET\IMAGES\pitted_surface\pitted_surface_277.jpg,2
pitted_surface_278,pitted_surface,train,C:\Users\anmol\OneDrive\Desktop\MobileNetV2\NEU-DET\IMAGES\pitted_surface\pitted_surface_278.jpg,1
pitted_surface_279,pitted_surface,train,C:\Users\anmol\OneDrive\Desktop\MobileNetV2\NEU-DET\IMAGES\pitted_surface\pitted_surface_279.jpg,3
pitted_surface_28,pitted_surface,train,C:\Users\anmol\OneDrive\Desktop\MobileNetV2\NEU-DET\IMAGES\pitted_surface\pitted_surface_28.jpg,2
pitted_surface_282,pitted_surface,train,C:\Users\anmol\OneDrive\Desktop\MobileNetV2\NEU-DET\IMAGES\pitted_surface\pitted_surface_282.jpg,2
pitted_surface_283,pitted_surface,train,C:\Users\anmol\OneDrive\Desktop\MobileNetV2\NEU-DET\IMAGES\pitted_surface\pitted_surface_283.jpg,1
pitted_surface_285,pitted_surface,train,C:\Users\anmol\OneDrive\Desktop\MobileNetV2\NEU-DET\IMAGES\pitted_surface\pitted_surface_285.jpg,1
pitted_surface_286,pitted_surface,train,C:\Users\anmol\OneDrive\Desktop\MobileNetV2\NEU-DET\IMAGES\pitted_surface\pitted_surface_286.jpg,1
pitted_surface_287,pitted_surface,train,C:\Users\anmol\OneDrive\Desktop\MobileNetV2\NEU-DET\IMAGES\pitted_surface\pitted_surface_287.jpg,1
pitted_surface_289,pitted_surface,train,C:\Users\anmol\OneDrive\Desktop\MobileNetV2\NEU-DET\IMAGES\pitted_surface\pitted_surface_289.jpg,2
pitted_surface_290,pitted_surface,train,C:\Users\anmol\OneDrive\Desktop\MobileNetV2\NEU-DET\IMAGES\pitted_surface\pitted_surface_290.jpg,3
pitted_surface_292,pitted_surface,train,C:\Users\anmol\OneDrive\Desktop\MobileNetV2\NEU-DET\IMAGES\pitted_surface\pitted_surface_292.jpg,4
pitted_surface_293,pitted_surface,train,C:\Users\anmol\OneDrive\Desktop\MobileNetV2\NEU-DET\IMAGES\pitted_surface\pitted_surface_293.jpg,1
pitted_surface_294,pitted_surface,train,C:\Users\anmol\OneDrive\Desktop\MobileNetV2\NEU-DET\IMAGES\pitted_surface\pitted_surface_294.jpg,3
pitted_surface_295,pitted_surface,train,C:\Users\anmol\OneDrive\Desktop\MobileNetV2\NEU-DET\IMAGES\pitted_surface\pitted_surface_295.jpg,2
pitted_surface_296,pitted_surface,train,C:\Users\anmol\OneDrive\Desktop\MobileNetV2\NEU-DET\IMAGES\pitted_surface\pitted_surface_296.jpg,3
pitted_surface_298,pitted_surface,train,C:\Users\anmol\OneDrive\Desktop\MobileNetV2\NEU-DET\IMAGES\pitted_surface\pitted_surface_298.jpg,2
pitted_surface_299,pitted_surface,train,C:\Users\anmol\OneDrive\Desktop\MobileNetV2\NEU-DET\IMAGES\pitted_surface\pitted_surface_299.jpg,3
pitted_surface_30,pitted_surface,train,C:\Users\anmol\OneDrive\Desktop\MobileNetV2\NEU-DET\IMAGES\pitted_surface\pitted_surface_30.jpg,1
pitted_surface_300,pitted_surface,train,C:\Users\anmol\OneDrive\Desktop\MobileNetV2\NEU-DET\IMAGES\pitted_surface\pitted_surface_300.jpg,2
pitted_surface_31,pitted_surface,train,C:\Users\anmol\OneDrive\Desktop\MobileNetV2\NEU-DET\IMAGES\pitted_surface\pitted_surface_31.jpg,1
pitted_surface_33,pitted_surface,train,C:\Users\anmol\OneDrive\Desktop\MobileNetV2\NEU-DET\IMAGES\pitted_surface\pitted_surface_33.jpg,1
pitted_surface_34,pitted_surface,train,C:\Users\anmol\OneDrive\Desktop\MobileNetV2\NEU-DET\IMAGES\pitted_surface\pitted_surface_34.jpg,2
pitted_surface_35,pitted_surface,train,C:\Users\anmol\OneDrive\Desktop\MobileNetV2\NEU-DET\IMAGES\pitted_surface\pitted_surface_35.jpg,2
pitted_surface_37,pitted_surface,train,C:\Users\anmol\OneDrive\Desktop\MobileNetV2\NEU-DET\IMAGES\pitted_surface\pitted_surface_37.jpg,1
pitted_surface_39,pitted_surface,train,C:\Users\anmol\OneDrive\Desktop\MobileNetV2\NEU-DET\IMAGES\pitted_surface\pitted_surface_39.jpg,1
pitted_surface_40,pitted_surface,train,C:\Users\anmol\OneDrive\Desktop\MobileNetV2\NEU-DET\IMAGES\pitted_surface\pitted_surface_40.jpg,1
pitted_surface_42,pitted_surface,train,C:\Users\anmol\OneDrive\Desktop\MobileNetV2\NEU-DET\IMAGES\pitted_surface\pitted_surface_42.jpg,1
pitted_surface_43,pitted_surface,train,C:\Users\anmol\OneDrive\Desktop\MobileNetV2\NEU-DET\IMAGES\pitted_surface\pitted_surface_43.jpg,1
pitted_surface_46,pitted_surface,train,C:\Users\anmol\OneDrive\Desktop\MobileNetV2\NEU-DET\IMAGES\pitted_surface\pitted_surface_46.jpg,2
pitted_surface_47,pitted_surface,train,C:\Users\anmol\OneDrive\Desktop\MobileNetV2\NEU-DET\IMAGES\pitted_surface\pitted_surface_47.jpg,2
pitted_surface_48,pitted_surface,train,C:\Users\anmol\OneDrive\Desktop\MobileNetV2\NEU-DET\IMAGES\pitted_surface\pitted_surface_48.jpg,1
pitted_surface_49,pitted_surface,train,C:\Users\anmol\OneDrive\Desktop\MobileNetV2\NEU-DET\IMAGES\pitted_surface\pitted_surface_49.jpg,1
pitted_surface_5,pitted_surface,train,C:\Users\anmol\OneDrive\Desktop\MobileNetV2\NEU-DET\IMAGES\pitted_surface\pitted_surface_5.jpg,1
pitted_surface_50,pitted_surface,train,C:\Users\anmol\OneDrive\Desktop\MobileNetV2\NEU-DET\IMAGES\pitted_surface\pitted_surface_50.jpg,2
pitted_surface_51,pitted_surface,train,C:\Users\anmol\OneDrive\Desktop\MobileNetV2\NEU-DET\IMAGES\pitted_surface\pitted_surface_51.jpg,1
pitted_surface_52,pitted_surface,train,C:\Users\anmol\OneDrive\Desktop\MobileNetV2\NEU-DET\IMAGES\pitted_surface\pitted_surface_52.jpg,1
pitted_surface_54,pitted_surface,train,C:\Users\anmol\OneDrive\Desktop\MobileNetV2\NEU-DET\IMAGES\pitted_surface\pitted_surface_54.jpg,1
pitted_surface_56,pitted_surface,train,C:\Users\anmol\OneDrive\Desktop\MobileNetV2\NEU-DET\IMAGES\pitted_surface\pitted_surface_56.jpg,2
pitted_surface_57,pitted_surface,train,C:\Users\anmol\OneDrive\Desktop\MobileNetV2\NEU-DET\IMAGES\pitted_surface\pitted_surface_57.jpg,1
pitted_surface_58,pitted_surface,train,C:\Users\anmol\OneDrive\Desktop\MobileNetV2\NEU-DET\IMAGES\pitted_surface\pitted_surface_58.jpg,1
pitted_surface_60,pitted_surface,train,C:\Users\anmol\OneDrive\Desktop\MobileNetV2\NEU-DET\IMAGES\pitted_surface\pitted_surface_60.jpg,1
pitted_surface_61,pitted_surface,train,C:\Users\anmol\OneDrive\Desktop\MobileNetV2\NEU-DET\IMAGES\pitted_surface\pitted_surface_61.jpg,1
pitted_surface_62,pitted_surface,train,C:\Users\anmol\OneDrive\Desktop\MobileNetV2\NEU-DET\IMAGES\pitted_surface\pitted_surface_62.jpg,1
pitted_surface_63,pitted_surface,train,C:\Users\anmol\OneDrive\Desktop\MobileNetV2\NEU-DET\IMAGES\pitted_surface\pitted_surface_63.jpg,1
pitted_surface_64,pitted_surface,train,C:\Users\anmol\OneDrive\Desktop\MobileNetV2\NEU-DET\IMAGES\pitted_surface\pitted_surface_64.jpg,1
pitted_surface_65,pitted_surface,train,C:\Users\anmol\OneDrive\Desktop\MobileNetV2\NEU-DET\IMAGES\pitted_surface\pitted_surface_65.jpg,1
pitted_surface_66,pitted_surface,train,C:\Users\anmol\OneDrive\Desktop\MobileNetV2\NEU-DET\IMAGES\pitted_surface\pitted_surface_66.jpg,1
pitted_surface_67,pitted_surface,train,C:\Users\anmol\OneDrive\Desktop\MobileNetV2\NEU-DET\IMAGES\pitted_surface\pitted_surface_67.jpg,2
pitted_surface_68,pitted_surface,train,C:\Users\anmol\OneDrive\Desktop\MobileNetV2\NEU-DET\IMAGES\pitted_surface\pitted_surface_68.jpg,1
pitted_surface_69,pitted_surface,train,C:\Users\anmol\OneDrive\Desktop\MobileNetV2\NEU-DET\IMAGES\pitted_surface\pitted_surface_69.jpg,2
pitted_surface_70,pitted_surface,train,C:\Users\anmol\OneDrive\Desktop\MobileNetV2\NEU-DET\IMAGES\pitted_surface\pitted_surface_70.jpg,1
pitted_surface_71,pitted_surface,train,C:\Users\anmol\OneDrive\Desktop\MobileNetV2\NEU-DET\IMAGES\pitted_surface\pitted_surface_71.jpg,1
pitted_surface_73,pitted_surface,train,C:\Users\anmol\OneDrive\Desktop\MobileNetV2\NEU-DET\IMAGES\pitted_surface\pitted_surface_73.jpg,2
pitted_surface_74,pitted_surface,train,C:\Users\anmol\OneDrive\Desktop\MobileNetV2\NEU-DET\IMAGES\pitted_surface\pitted_surface_74.jpg,1
pitted_surface_76,pitted_surface,train,C:\Users\anmol\OneDrive\Desktop\MobileNetV2\NEU-DET\IMAGES\pitted_surface\pitted_surface_76.jpg,1
pitted_surface_78,pitted_surface,train,C:\Users\anmol\OneDrive\Desktop\MobileNetV2\NEU-DET\IMAGES\pitted_surface\pitted_surface_78.jpg,2
pitted_surface_79,pitted_surface,train,C:\Users\anmol\OneDrive\Desktop\MobileNetV2\NEU-DET\IMAGES\pitted_surface\pitted_surface_79.jpg,1
pitted_surface_8,pitted_surface,train,C:\Users\anmol\OneDrive\Desktop\MobileNetV2\NEU-DET\IMAGES\pitted_surface\pitted_surface_8.jpg,1
pitted_surface_81,pitted_surface,train,C:\Users\anmol\OneDrive\Desktop\MobileNetV2\NEU-DET\IMAGES\pitted_surface\pitted_surface_81.jpg,1
pitted_surface_83,pitted_surface,train,C:\Users\anmol\OneDrive\Desktop\MobileNetV2\NEU-DET\IMAGES\pitted_surface\pitted_surface_83.jpg,2
pitted_surface_85,pitted_surface,train,C:\Users\anmol\OneDrive\Desktop\MobileNetV2\NEU-DET\IMAGES\pitted_surface\pitted_surface_85.jpg,1
pitted_surface_87,pitted_surface,train,C:\Users\anmol\OneDrive\Desktop\MobileNetV2\NEU-DET\IMAGES\pitted_surface\pitted_surface_87.jpg,2
pitted_surface_88,pitted_surface,train,C:\Users\anmol\OneDrive\Desktop\MobileNetV2\NEU-DET\IMAGES\pitted_surface\pitted_surface_88.jpg,1
pitted_surface_9,pitted_surface,train,C:\Users\anmol\OneDrive\Desktop\MobileNetV2\NEU-DET\IMAGES\pitted_surface\pitted_surface_9.jpg,1
pitted_surface_90,pitted_surface,train,C:\Users\anmol\OneDrive\Desktop\MobileNetV2\NEU-DET\IMAGES\pitted_surface\pitted_surface_90.jpg,1
pitted_surface_91,pitted_surface,train,C:\Users\anmol\OneDrive\Desktop\MobileNetV2\NEU-DET\IMAGES\pitted_surface\pitted_surface_91.jpg,1
pitted_surface_92,pitted_surface,train,C:\Users\anmol\OneDrive\Desktop\MobileNetV2\NEU-DET\IMAGES\pitted_surface\pitted_surface_92.jpg,1
pitted_surface_94,pitted_surface,train,C:\Users\anmol\OneDrive\Desktop\MobileNetV2\NEU-DET\IMAGES\pitted_surface\pitted_surface_94.jpg,1
pitted_surface_96,pitted_surface,train,C:\Users\anmol\OneDrive\Desktop\MobileNetV2\NEU-DET\IMAGES\pitted_surface\pitted_surface_96.jpg,1
pitted_surface_97,pitted_surface,train,C:\Users\anmol\OneDrive\Desktop\MobileNetV2\NEU-DET\IMAGES\pitted_surface\pitted_surface_97.jpg,1
pitted_surface_99,pitted_surface,train,C:\Users\anmol\OneDrive\Desktop\MobileNetV2\NEU-DET\IMAGES\pitted_surface\pitted_surface_99.jpg,1
rolled-in_scale_1,rolled-in_scale,train,C:\Users\anmol\OneDrive\Desktop\MobileNetV2\NEU-DET\IMAGES\rolled-in_scale\rolled-in_scale_1.jpg,2
rolled-in_scale_10,rolled-in_scale,train,C:\Users\anmol\OneDrive\Desktop\MobileNetV2\NEU-DET\IMAGES\rolled-in_scale\rolled-in_scale_10.jpg,2
rolled-in_scale_100,rolled-in_scale,train,C:\Users\anmol\OneDrive\Desktop\MobileNetV2\NEU-DET\IMAGES\rolled-in_scale\rolled-in_scale_100.jpg,4
rolled-in_scale_101,rolled-in_scale,train,C:\Users\anmol\OneDrive\Desktop\MobileNetV2\NEU-DET\IMAGES\rolled-in_scale\rolled-in_scale_101.jpg,3
rolled-in_scale_103,rolled-in_scale,train,C:\Users\anmol\OneDrive\Desktop\MobileNetV2\NEU-DET\IMAGES\rolled-in_scale\rolled-in_scale_103.jpg,2
rolled-in_scale_104,rolled-in_scale,train,C:\Users\anmol\OneDrive\Desktop\MobileNetV2\NEU-DET\IMAGES\rolled-in_scale\rolled-in_scale_104.jpg,2
rolled-in_scale_105,rolled-in_scale,train,C:\Users\anmol\OneDrive\Desktop\MobileNetV2\NEU-DET\IMAGES\rolled-in_scale\rolled-in_scale_105.jpg,2
rolled-in_scale_107,rolled-in_scale,train,C:\Users\anmol\OneDrive\Desktop\MobileNetV2\NEU-DET\IMAGES\rolled-in_scale\rolled-in_scale_107.jpg,2
rolled-in_scale_11,rolled-in_scale,train,C:\Users\anmol\OneDrive\Desktop\MobileNetV2\NEU-DET\IMAGES\rolled-in_scale\rolled-in_scale_11.jpg,1
rolled-in_scale_110,rolled-in_scale,train,C:\Users\anmol\OneDrive\Desktop\MobileNetV2\NEU-DET\IMAGES\rolled-in_scale\rolled-in_scale_110.jpg,2
rolled-in_scale_111,rolled-in_scale,train,C:\Users\anmol\OneDrive\Desktop\MobileNetV2\NEU-DET\IMAGES\rolled-in_scale\rolled-in_scale_111.jpg,1
rolled-in_scale_112,rolled-in_scale,train,C:\Users\anmol\OneDrive\Desktop\MobileNetV2\NEU-DET\IMAGES\rolled-in_scale\rolled-in_scale_112.jpg,1
rolled-in_scale_113,rolled-in_scale,train,C:\Users\anmol\OneDrive\Desktop\MobileNetV2\NEU-DET\IMAGES\rolled-in_scale\rolled-in_scale_113.jpg,3
rolled-in_scale_114,rolled-in_scale,train,C:\Users\anmol\OneDrive\Desktop\MobileNetV2\NEU-DET\IMAGES\rolled-in_scale\rolled-in_scale_114.jpg,2
rolled-in_scale_115,rolled-in_scale,train,C:\Users\anmol\OneDrive\Desktop\MobileNetV2\NEU-DET\IMAGES\rolled-in_scale\rolled-in_scale_115.jpg,4
rolled-in_scale_116,rolled-in_scale,train,C:\Users\anmol\OneDrive\Desktop\MobileNetV2\NEU-DET\IMAGES\rolled-in_scale\rolled-in_scale_116.jpg,1
rolled-in_scale_117,rolled-in_scale,train,C:\Users\anmol\OneDrive\Desktop\MobileNetV2\NEU-DET\IMAGES\rolled-in_scale\rolled-in_scale_117.jpg,1
rolled-in_scale_118,rolled-in_scale,train,C:\Users\anmol\OneDrive\Desktop\MobileNetV2\NEU-DET\IMAGES\rolled-in_scale\rolled-in_scale_118.jpg,3
rolled-in_scale_119,rolled-in_scale,train,C:\Users\anmol\OneDrive\Desktop\MobileNetV2\NEU-DET\IMAGES\rolled-in_scale\rolled-in_scale_119.jpg,2
rolled-in_scale_122,rolled-in_scale,train,C:\Users\anmol\OneDrive\Desktop\MobileNetV2\NEU-DET\IMAGES\rolled-in_scale\rolled-in_scale_122.jpg,2
rolled-in_scale_123,rolled-in_scale,train,C:\Users\anmol\OneDrive\Desktop\MobileNetV2\NEU-DET\IMAGES\rolled-in_scale\rolled-in_scale_123.jpg,4
rolled-in_scale_124,rolled-in_scale,train,C:\Users\anmol\OneDrive\Desktop\MobileNetV2\NEU-DET\IMAGES\rolled-in_scale\rolled-in_scale_124.jpg,2
rolled-in_scale_125,rolled-in_scale,train,C:\Users\anmol\OneDrive\Desktop\MobileNetV2\NEU-DET\IMAGES\rolled-in_scale\rolled-in_scale_125.jpg,3
rolled-in_scale_126,rolled-in_scale,train,C:\Users\anmol\OneDrive\Desktop\MobileNetV2\NEU-DET\IMAGES\rolled-in_scale\rolled-in_scale_126.jpg,4
rolled-in_scale_127,rolled-in_scale,train,C:\Users\anmol\OneDrive\Desktop\MobileNetV2\NEU-DET\IMAGES\rolled-in_scale\rolled-in_scale_127.jpg,1
rolled-in_scale_128,rolled-in_scale,train,C:\Users\anmol\OneDrive\Desktop\MobileNetV2\NEU-DET\IMAGES\rolled-in_scale\rolled-in_scale_128.jpg,1
rolled-in_scale_13,rolled-in_scale,train,C:\Users\anmol\OneDrive\Desktop\MobileNetV2\NEU-DET\IMAGES\rolled-in_scale\rolled-in_scale_13.jpg,2
rolled-in_scale_131,rolled-in_scale,train,C:\Users\anmol\OneDrive\Desktop\MobileNetV2\NEU-DET\IMAGES\rolled-in_scale\rolled-in_scale_131.jpg,3
rolled-in_scale_133,rolled-in_scale,train,C:\Users\anmol\OneDrive\Desktop\MobileNetV2\NEU-DET\IMAGES\rolled-in_scale\rolled-in_scale_133.jpg,2
rolled-in_scale_134,rolled-in_scale,train,C:\Users\anmol\OneDrive\Desktop\MobileNetV2\NEU-DET\IMAGES\rolled-in_scale\rolled-in_scale_134.jpg,3
rolled-in_scale_136,rolled-in_scale,train,C:\Users\anmol\OneDrive\Desktop\MobileNetV2\NEU-DET\IMAGES\rolled-in_scale\rolled-in_scale_136.jpg,2
rolled-in_scale_138,rolled-in_scale,train,C:\Users\anmol\OneDrive\Desktop\MobileNetV2\NEU-DET\IMAGES\rolled-in_scale\rolled-in_scale_138.jpg,1
rolled-in_scale_14,rolled-in_scale,train,C:\Users\anmol\OneDrive\Desktop\MobileNetV2\NEU-DET\IMAGES\rolled-in_scale\rolled-in_scale_14.jpg,1
rolled-in_scale_140,rolled-in_scale,train,C:\Users\anmol\OneDrive\Desktop\MobileNetV2\NEU-DET\IMAGES\rolled-in_scale\rolled-in_scale_140.jpg,2
rolled-in_scale_141,rolled-in_scale,train,C:\Users\anmol\OneDrive\Desktop\MobileNetV2\NEU-DET\IMAGES\rolled-in_scale\rolled-in_scale_141.jpg,2
rolled-in_scale_142,rolled-in_scale,train,C:\Users\anmol\OneDrive\Desktop\MobileNetV2\NEU-DET\IMAGES\rolled-in_scale\rolled-in_scale_142.jpg,1
rolled-in_scale_143,rolled-in_scale,train,C:\Users\anmol\OneDrive\Desktop\MobileNetV2\NEU-DET\IMAGES\rolled-in_scale\rolled-in_scale_143.jpg,2
rolled-in_scale_144,rolled-in_scale,train,C:\Users\anmol\OneDrive\Desktop\MobileNetV2\NEU-DET\IMAGES\rolled-in_scale\rolled-in_scale_144.jpg,3
rolled-in_scale_146,rolled-in_scale,train,C:\Users\anmol\OneDrive\Desktop\MobileNetV2\NEU-DET\IMAGES\rolled-in_scale\rolled-in_scale_146.jpg,2
rolled-in_scale_147,rolled-in_scale,train,C:\Users\anmol\OneDrive\Desktop\MobileNetV2\NEU-DET\IMAGES\rolled-in_scale\rolled-in_scale_147.jpg,2
rolled-in_scale_149,rolled-in_scale,train,C:\Users\anmol\OneDrive\Desktop\MobileNetV2\NEU-DET\IMAGES\rolled-in_scale\rolled-in_scale_149.jpg,3
rolled-in_scale_15,rolled-in_scale,train,C:\Users\anmol\OneDrive\Desktop\MobileNetV2\NEU-DET\IMAGES\rolled-in_scale\rolled-in_scale_15.jpg,1
rolled-in_scale_150,rolled-in_scale,train,C:\Users\anmol\OneDrive\Desktop\MobileNetV2\NEU-DET\IMAGES\rolled-in_scale\rolled-in_scale_150.jpg,2
rolled-in_scale_151,rolled-in_scale,train,C:\Users\anmol\OneDrive\Desktop\MobileNetV2\NEU-DET\IMAGES\rolled-in_scale\rolled-in_scale_151.jpg,2
rolled-in_scale_152,rolled-in_scale,train,C:\Users\anmol\OneDrive\Desktop\MobileNetV2\NEU-DET\IMAGES\rolled-in_scale\rolled-in_scale_152.jpg,2
rolled-in_scale_153,rolled-in_scale,train,C:\Users\anmol\OneDrive\Desktop\MobileNetV2\NEU-DET\IMAGES\rolled-in_scale\rolled-in_scale_153.jpg,2
rolled-in_scale_154,rolled-in_scale,train,C:\Users\anmol\OneDrive\Desktop\MobileNetV2\NEU-DET\IMAGES\rolled-in_scale\rolled-in_scale_154.jpg,1
rolled-in_scale_155,rolled-in_scale,train,C:\Users\anmol\OneDrive\Desktop\MobileNetV2\NEU-DET\IMAGES\rolled-in_scale\rolled-in_scale_155.jpg,1
rolled-in_scale_156,rolled-in_scale,train,C:\Users\anmol\OneDrive\Desktop\MobileNetV2\NEU-DET\IMAGES\rolled-in_scale\rolled-in_scale_156.jpg,2
rolled-in_scale_159,rolled-in_scale,train,C:\Users\anmol\OneDrive\Desktop\MobileNetV2\NEU-DET\IMAGES\rolled-in_scale\rolled-in_scale_159.jpg,1
rolled-in_scale_16,rolled-in_scale,train,C:\Users\anmol\OneDrive\Desktop\MobileNetV2\NEU-DET\IMAGES\rolled-in_scale\rolled-in_scale_16.jpg,2
rolled-in_scale_160,rolled-in_scale,train,C:\Users\anmol\OneDrive\Desktop\MobileNetV2\NEU-DET\IMAGES\rolled-in_scale\rolled-in_scale_160.jpg,3
rolled-in_scale_162,rolled-in_scale,train,C:\Users\anmol\OneDrive\Desktop\MobileNetV2\NEU-DET\IMAGES\rolled-in_scale\rolled-in_scale_162.jpg,2
rolled-in_scale_163,rolled-in_scale,train,C:\Users\anmol\OneDrive\Desktop\MobileNetV2\NEU-DET\IMAGES\rolled-in_scale\rolled-in_scale_163.jpg,2
rolled-in_scale_164,rolled-in_scale,train,C:\Users\anmol\OneDrive\Desktop\MobileNetV2\NEU-DET\IMAGES\rolled-in_scale\rolled-in_scale_164.jpg,1
rolled-in_scale_166,rolled-in_scale,train,C:\Users\anmol\OneDrive\Desktop\MobileNetV2\NEU-DET\IMAGES\rolled-in_scale\rolled-in_scale_166.jpg,2
rolled-in_scale_168,rolled-in_scale,train,C:\Users\anmol\OneDrive\Desktop\MobileNetV2\NEU-DET\IMAGES\rolled-in_scale\rolled-in_scale_168.jpg,2
rolled-in_scale_169,rolled-in_scale,train,C:\Users\anmol\OneDrive\Desktop\MobileNetV2\NEU-DET\IMAGES\rolled-in_scale\rolled-in_scale_169.jpg,2
rolled-in_scale_17,rolled-in_scale,train,C:\Users\anmol\OneDrive\Desktop\MobileNetV2\NEU-DET\IMAGES\rolled-in_scale\rolled-in_scale_17.jpg,1
rolled-in_scale_172,rolled-in_scale,train,C:\Users\anmol\OneDrive\Desktop\MobileNetV2\NEU-DET\IMAGES\rolled-in_scale\rolled-in_scale_172.jpg,2
rolled-in_scale_173,rolled-in_scale,train,C:\Users\anmol\OneDrive\Desktop\MobileNetV2\NEU-DET\IMAGES\rolled-in_scale\rolled-in_scale_173.jpg,2
rolled-in_scale_175,rolled-in_scale,train,C:\Users\anmol\OneDrive\Desktop\MobileNetV2\NEU-DET\IMAGES\rolled-in_scale\rolled-in_scale_175.jpg,1
rolled-in_scale_176,rolled-in_scale,train,C:\Users\anmol\OneDrive\Desktop\MobileNetV2\NEU-DET\IMAGES\rolled-in_scale\rolled-in_scale_176.jpg,2
rolled-in_scale_177,rolled-in_scale,train,C:\Users\anmol\OneDrive\Desktop\MobileNetV2\NEU-DET\IMAGES\rolled-in_scale\rolled-in_scale_177.jpg,3
rolled-in_scale_179,rolled-in_scale,train,C:\Users\anmol\OneDrive\Desktop\MobileNetV2\NEU-DET\IMAGES\rolled-in_scale\rolled-in_scale_179.jpg,2
rolled-in_scale_180,rolled-in_scale,train,C:\Users\anmol\OneDrive\Desktop\MobileNetV2\NEU-DET\IMAGES\rolled-in_scale\rolled-in_scale_180.jpg,2
rolled-in_scale_181,rolled-in_scale,train,C:\Users\anmol\OneDrive\Desktop\MobileNetV2\NEU-DET\IMAGES\rolled-in_scale\rolled-in_scale_181.jpg,1
rolled-in_scale_182,rolled-in_scale,train,C:\Users\anmol\OneDrive\Desktop\MobileNetV2\NEU-DET\IMAGES\rolled-in_scale\rolled-in_scale_182.jpg,1
rolled-in_scale_184,rolled-in_scale,train,C:\Users\anmol\OneDrive\Desktop\MobileNetV2\NEU-DET\IMAGES\rolled-in_scale\rolled-in_scale_184.jpg,3
rolled-in_scale_185,rolled-in_scale,train,C:\Users\anmol\OneDrive\Desktop\MobileNetV2\NEU-DET\IMAGES\rolled-in_scale\rolled-in_scale_185.jpg,2
rolled-in_scale_186,rolled-in_scale,train,C:\Users\anmol\OneDrive\Desktop\MobileNetV2\NEU-DET\IMAGES\rolled-in_scale\rolled-in_scale_186.jpg,3
rolled-in_scale_188,rolled-in_scale,train,C:\Users\anmol\OneDrive\Desktop\MobileNetV2\NEU-DET\IMAGES\rolled-in_scale\rolled-in_scale_188.jpg,2
rolled-in_scale_189,rolled-in_scale,train,C:\Users\anmol\OneDrive\Desktop\MobileNetV2\NEU-DET\IMAGES\rolled-in_scale\rolled-in_scale_189.jpg,2
rolled-in_scale_19,rolled-in_scale,train,C:\Users\anmol\OneDrive\Desktop\MobileNetV2\NEU-DET\IMAGES\rolled-in_scale\rolled-in_scale_19.jpg,2
rolled-in_scale_191,rolled-in_scale,train,C:\Users\anmol\OneDrive\Desktop\MobileNetV2\NEU-DET\IMAGES\rolled-in_scale\rolled-in_scale_191.jpg,2
rolled-in_scale_192,rolled-in_scale,train,C:\Users\anmol\OneDrive\Desktop\MobileNetV2\NEU-DET\IMAGES\rolled-in_scale\rolled-in_scale_192.jpg,3
rolled-in_scale_193,rolled-in_scale,train,C:\Users\anmol\OneDrive\Desktop\MobileNetV2\NEU-DET\IMAGES\rolled-in_scale\rolled-in_scale_193.jpg,3
rolled-in_scale_194,rolled-in_scale,train,C:\Users\anmol\OneDrive\Desktop\MobileNetV2\NEU-DET\IMAGES\rolled-in_scale\rolled-in_scale_194.jpg,2
rolled-in_scale_196,rolled-in_scale,train,C:\Users\anmol\OneDrive\Desktop\MobileNetV2\NEU-DET\IMAGES\rolled-in_scale\rolled-in_scale_196.jpg,2
rolled-in_scale_197,rolled-in_scale,train,C:\Users\anmol\OneDrive\Desktop\MobileNetV2\NEU-DET\IMAGES\rolled-in_scale\rolled-in_scale_197.jpg,4
rolled-in_scale_198,rolled-in_scale,train,C:\Users\anmol\OneDrive\Desktop\MobileNetV2\NEU-DET\IMAGES\rolled-in_scale\rolled-in_scale_198.jpg,3
rolled-in_scale_199,rolled-in_scale,train,C:\Users\anmol\OneDrive\Desktop\MobileNetV2\NEU-DET\IMAGES\rolled-in_scale\rolled-in_scale_199.jpg,3
rolled-in_scale_2,rolled-in_scale,train,C:\Users\anmol\OneDrive\Desktop\MobileNetV2\NEU-DET\IMAGES\rolled-in_scale\rolled-in_scale_2.jpg,1
rolled-in_scale_200,rolled-in_scale,train,C:\Users\anmol\OneDrive\Desktop\MobileNetV2\NEU-DET\IMAGES\rolled-in_scale\rolled-in_scale_200.jpg,2
rolled-in_scale_201,rolled-in_scale,train,C:\Users\anmol\OneDrive\Desktop\MobileNetV2\NEU-DET\IMAGES\rolled-in_scale\rolled-in_scale_201.jpg,2
rolled-in_scale_202,rolled-in_scale,train,C:\Users\anmol\OneDrive\Desktop\MobileNetV2\NEU-DET\IMAGES\rolled-in_scale\rolled-in_scale_202.jpg,2
rolled-in_scale_203,rolled-in_scale,train,C:\Users\anmol\OneDrive\Desktop\MobileNetV2\NEU-DET\IMAGES\rolled-in_scale\rolled-in_scale_203.jpg,3
rolled-in_scale_206,rolled-in_scale,train,C:\Users\anmol\OneDrive\Desktop\MobileNetV2\NEU-DET\IMAGES\rolled-in_scale\rolled-in_scale_206.jpg,1
rolled-in_scale_207,rolled-in_scale,train,C:\Users\anmol\OneDrive\Desktop\MobileNetV2\NEU-DET\IMAGES\rolled-in_scale\rolled-in_scale_207.jpg,2
rolled-in_scale_209,rolled-in_scale,train,C:\Users\anmol\OneDrive\Desktop\MobileNetV2\NEU-DET\IMAGES\rolled-in_scale\rolled-in_scale_209.jpg,2
rolled-in_scale_210,rolled-in_scale,train,C:\Users\anmol\OneDrive\Desktop\MobileNetV2\NEU-DET\IMAGES\rolled-in_scale\rolled-in_scale_210.jpg,3
rolled-in_scale_211,rolled-in_scale,train,C:\Users\anmol\OneDrive\Desktop\MobileNetV2\NEU-DET\IMAGES\rolled-in_scale\rolled-in_scale_211.jpg,2
rolled-in_scale_212,rolled-in_scale,train,C:\Users\anmol\OneDrive\Desktop\MobileNetV2\NEU-DET\IMAGES\rolled-in_scale\rolled-in_scale_212.jpg,3
rolled-in_scale_213,rolled-in_scale,train,C:\Users\anmol\OneDrive\Desktop\MobileNetV2\NEU-DET\IMAGES\rolled-in_scale\rolled-in_scale_213.jpg,1
rolled-in_scale_215,rolled-in_scale,train,C:\Users\anmol\OneDrive\Desktop\MobileNetV2\NEU-DET\IMAGES\rolled-in_scale\rolled-in_scale_215.jpg,2
rolled-in_scale_217,rolled-in_scale,train,C:\Users\anmol\OneDrive\Desktop\MobileNetV2\NEU-DET\IMAGES\rolled-in_scale\rolled-in_scale_217.jpg,2
rolled-in_scale_218,rolled-in_scale,train,C:\Users\anmol\OneDrive\Desktop\MobileNetV2\NEU-DET\IMAGES\rolled-in_scale\rolled-in_scale_218.jpg,1
rolled-in_scale_219,rolled-in_scale,train,C:\Users\anmol\OneDrive\Desktop\MobileNetV2\NEU-DET\IMAGES\rolled-in_scale\rolled-in_scale_219.jpg,2
rolled-in_scale_22,rolled-in_scale,train,C:\Users\anmol\OneDrive\Desktop\MobileNetV2\NEU-DET\IMAGES\rolled-in_scale\rolled-in_scale_22.jpg,1
rolled-in_scale_221,rolled-in_scale,train,C:\Users\anmol\OneDrive\Desktop\MobileNetV2\NEU-DET\IMAGES\rolled-in_scale\rolled-in_scale_221.jpg,1
rolled-in_scale_222,rolled-in_scale,train,C:\Users\anmol\OneDrive\Desktop\MobileNetV2\NEU-DET\IMAGES\rolled-in_scale\rolled-in_scale_222.jpg,2
rolled-in_scale_224,rolled-in_scale,train,C:\Users\anmol\OneDrive\Desktop\MobileNetV2\NEU-DET\IMAGES\rolled-in_scale\rolled-in_scale_224.jpg,3
rolled-in_scale_226,rolled-in_scale,train,C:\Users\anmol\OneDrive\Desktop\MobileNetV2\NEU-DET\IMAGES\rolled-in_scale\rolled-in_scale_226.jpg,2
rolled-in_scale_227,rolled-in_scale,train,C:\Users\anmol\OneDrive\Desktop\MobileNetV2\NEU-DET\IMAGES\rolled-in_scale\rolled-in_scale_227.jpg,2
rolled-in_scale_228,rolled-in_scale,train,C:\Users\anmol\OneDrive\Desktop\MobileNetV2\NEU-DET\IMAGES\rolled-in_scale\rolled-in_scale_228.jpg,2
rolled-in_scale_229,rolled-in_scale,train,C:\Users\anmol\OneDrive\Desktop\MobileNetV2\NEU-DET\IMAGES\rolled-in_scale\rolled-in_scale_229.jpg,2
rolled-in_scale_23,rolled-in_scale,train,C:\Users\anmol\OneDrive\Desktop\MobileNetV2\NEU-DET\IMAGES\rolled-in_scale\rolled-in_scale_23.jpg,2
rolled-in_scale_233,rolled-in_scale,train,C:\Users\anmol\OneDrive\Desktop\MobileNetV2\NEU-DET\IMAGES\rolled-in_scale\rolled-in_scale_233.jpg,2
rolled-in_scale_234,rolled-in_scale,train,C:\Users\anmol\OneDrive\Desktop\MobileNetV2\NEU-DET\IMAGES\rolled-in_scale\rolled-in_scale_234.jpg,2
rolled-in_scale_236,rolled-in_scale,train,C:\Users\anmol\OneDrive\Desktop\MobileNetV2\NEU-DET\IMAGES\rolled-in_scale\rolled-in_scale_236.jpg,1
rolled-in_scale_239,rolled-in_scale,train,C:\Users\anmol\OneDrive\Desktop\MobileNetV2\NEU-DET\IMAGES\rolled-in_scale\rolled-in_scale_239.jpg,1
rolled-in_scale_24,rolled-in_scale,train,C:\Users\anmol\OneDrive\Desktop\MobileNetV2\NEU-DET\IMAGES\rolled-in_scale\rolled-in_scale_24.jpg,3
rolled-in_scale_240,rolled-in_scale,train,C:\Users\anmol\OneDrive\Desktop\MobileNetV2\NEU-DET\IMAGES\rolled-in_scale\rolled-in_scale_240.jpg,1
rolled-in_scale_242,rolled-in_scale,train,C:\Users\anmol\OneDrive\Desktop\MobileNetV2\NEU-DET\IMAGES\rolled-in_scale\rolled-in_scale_242.jpg,2
rolled-in_scale_244,rolled-in_scale,train,C:\Users\anmol\OneDrive\Desktop\MobileNetV2\NEU-DET\IMAGES\rolled-in_scale\rolled-in_scale_244.jpg,3
rolled-in_scale_245,rolled-in_scale,train,C:\Users\anmol\OneDrive\Desktop\MobileNetV2\NEU-DET\IMAGES\rolled-in_scale\rolled-in_scale_245.jpg,2
rolled-in_scale_246,rolled-in_scale,train,C:\Users\anmol\OneDrive\Desktop\MobileNetV2\NEU-DET\IMAGES\rolled-in_scale\rolled-in_scale_246.jpg,2
rolled-in_scale_247,rolled-in_scale,train,C:\Users\anmol\OneDrive\Desktop\MobileNetV2\NEU-DET\IMAGES\rolled-in_scale\rolled-in_scale_247.jpg,3
rolled-in_scale_249,rolled-in_scale,train,C:\Users\anmol\OneDrive\Desktop\MobileNetV2\NEU-DET\IMAGES\rolled-in_scale\rolled-in_scale_249.jpg,1
rolled-in_scale_25,rolled-in_scale,train,C:\Users\anmol\OneDrive\Desktop\MobileNetV2\NEU-DET\IMAGES\rolled-in_scale\rolled-in_scale_25.jpg,2
rolled-in_scale_251,rolled-in_scale,train,C:\Users\anmol\OneDrive\Desktop\MobileNetV2\NEU-DET\IMAGES\rolled-in_scale\rolled-in_scale_251.jpg,2
rolled-in_scale_252,rolled-in_scale,train,C:\Users\anmol\OneDrive\Desktop\MobileNetV2\NEU-DET\IMAGES\rolled-in_scale\rolled-in_scale_252.jpg,2
rolled-in_scale_253,rolled-in_scale,train,C:\Users\anmol\OneDrive\Desktop\MobileNetV2\NEU-DET\IMAGES\rolled-in_scale\rolled-in_scale_253.jpg,1
rolled-in_scale_254,rolled-in_scale,train,C:\Users\anmol\OneDrive\Desktop\MobileNetV2\NEU-DET\IMAGES\rolled-in_scale\rolled-in_scale_254.jpg,1
rolled-in_scale_257,rolled-in_scale,train,C:\Users\anmol\OneDrive\Desktop\MobileNetV2\NEU-DET\IMAGES\rolled-in_scale\rolled-in_scale_257.jpg,3
rolled-in_scale_259,rolled-in_scale,train,C:\Users\anmol\OneDrive\Desktop\MobileNetV2\NEU-DET\IMAGES\rolled-in_scale\rolled-in_scale_259.jpg,4
rolled-in_scale_26,rolled-in_scale,train,C:\Users\anmol\OneDrive\Desktop\MobileNetV2\NEU-DET\IMAGES\rolled-in_scale\rolled-in_scale_26.jpg,3
rolled-in_scale_260,rolled-in_scale,train,C:\Users\anmol\OneDrive\Desktop\MobileNetV2\NEU-DET\IMAGES\rolled-in_scale\rolled-in_scale_260.jpg,3
rolled-in_scale_262,rolled-in_scale,train,C:\Users\anmol\OneDrive\Desktop\MobileNetV2\NEU-DET\IMAGES\rolled-in_scale\rolled-in_scale_262.jpg,1
rolled-in_scale_263,rolled-in_scale,train,C:\Users\anmol\OneDrive\Desktop\MobileNetV2\NEU-DET\IMAGES\rolled-in_scale\rolled-in_scale_263.jpg,2
rolled-in_scale_266,rolled-in_scale,train,C:\Users\anmol\OneDrive\Desktop\MobileNetV2\NEU-DET\IMAGES\rolled-in_scale\rolled-in_scale_266.jpg,2
rolled-in_scale_267,rolled-in_scale,train,C:\Users\anmol\OneDrive\Desktop\MobileNetV2\NEU-DET\IMAGES\rolled-in_scale\rolled-in_scale_267.jpg,3
rolled-in_scale_269,rolled-in_scale,train,C:\Users\anmol\OneDrive\Desktop\MobileNetV2\NEU-DET\IMAGES\rolled-in_scale\rolled-in_scale_269.jpg,1
rolled-in_scale_27,rolled-in_scale,train,C:\Users\anmol\OneDrive\Desktop\MobileNetV2\NEU-DET\IMAGES\rolled-in_scale\rolled-in_scale_27.jpg,1
rolled-in_scale_270,rolled-in_scale,train,C:\Users\anmol\OneDrive\Desktop\MobileNetV2\NEU-DET\IMAGES\rolled-in_scale\rolled-in_scale_270.jpg,3
rolled-in_scale_272,rolled-in_scale,train,C:\Users\anmol\OneDrive\Desktop\MobileNetV2\NEU-DET\IMAGES\rolled-in_scale\rolled-in_scale_272.jpg,2
rolled-in_scale_274,rolled-in_scale,train,C:\Users\anmol\OneDrive\Desktop\MobileNetV2\NEU-DET\IMAGES\rolled-in_scale\rolled-in_scale_274.jpg,4
rolled-in_scale_277,rolled-in_scale,train,C:\Users\anmol\OneDrive\Desktop\MobileNetV2\NEU-DET\IMAGES\rolled-in_scale\rolled-in_scale_277.jpg,3
rolled-in_scale_278,rolled-in_scale,train,C:\Users\anmol\OneDrive\Desktop\MobileNetV2\NEU-DET\IMAGES\rolled-in_scale\rolled-in_scale_278.jpg,3
rolled-in_scale_279,rolled-in_scale,train,C:\Users\anmol\OneDrive\Desktop\MobileNetV2\NEU-DET\IMAGES\rolled-in_scale\rolled-in_scale_279.jpg,3
rolled-in_scale_28,rolled-in_scale,train,C:\Users\anmol\OneDrive\Desktop\MobileNetV2\NEU-DET\IMAGES\rolled-in_scale\rolled-in_scale_28.jpg,1
rolled-in_scale_282,rolled-in_scale,train,C:\Users\anmol\OneDrive\Desktop\MobileNetV2\NEU-DET\IMAGES\rolled-in_scale\rolled-in_scale_282.jpg,2
rolled-in_scale_283,rolled-in_scale,train,C:\Users\anmol\OneDrive\Desktop\MobileNetV2\NEU-DET\IMAGES\rolled-in_scale\rolled-in_scale_283.jpg,3
rolled-in_scale_284,rolled-in_scale,train,C:\Users\anmol\OneDrive\Desktop\MobileNetV2\NEU-DET\IMAGES\rolled-in_scale\rolled-in_scale_284.jpg,1
rolled-in_scale_286,rolled-in_scale,train,C:\Users\anmol\OneDrive\Desktop\MobileNetV2\NEU-DET\IMAGES\rolled-in_scale\rolled-in_scale_286.jpg,2
rolled-in_scale_287,rolled-in_scale,train,C:\Users\anmol\OneDrive\Desktop\MobileNetV2\NEU-DET\IMAGES\rolled-in_scale\rolled-in_scale_287.jpg,2
rolled-in_scale_288,rolled-in_scale,train,C:\Users\anmol\OneDrive\Desktop\MobileNetV2\NEU-DET\IMAGES\rolled-in_scale\rolled-in_scale_288.jpg,2
rolled-in_scale_289,rolled-in_scale,train,C:\Users\anmol\OneDrive\Desktop\MobileNetV2\NEU-DET\IMAGES\rolled-in_scale\rolled-in_scale_289.jpg,2
rolled-in_scale_291,rolled-in_scale,train,C:\Users\anmol\OneDrive\Desktop\MobileNetV2\NEU-DET\IMAGES\rolled-in_scale\rolled-in_scale_291.jpg,3
rolled-in_scale_293,rolled-in_scale,train,C:\Users\anmol\OneDrive\Desktop\MobileNetV2\NEU-DET\IMAGES\rolled-in_scale\rolled-in_scale_293.jpg,2
rolled-in_scale_294,rolled-in_scale,train,C:\Users\anmol\OneDrive\Desktop\MobileNetV2\NEU-DET\IMAGES\rolled-in_scale\rolled-in_scale_294.jpg,2
rolled-in_scale_296,rolled-in_scale,train,C:\Users\anmol\OneDrive\Desktop\MobileNetV2\NEU-DET\IMAGES\rolled-in_scale\rolled-in_scale_296.jpg,1
rolled-in_scale_297,rolled-in_scale,train,C:\Users\anmol\OneDrive\Desktop\MobileNetV2\NEU-DET\IMAGES\rolled-in_scale\rolled-in_scale_297.jpg,2
rolled-in_scale_298,rolled-in_scale,train,C:\Users\anmol\OneDrive\Desktop\MobileNetV2\NEU-DET\IMAGES\rolled-in_scale\rolled-in_scale_298.jpg,1
rolled-in_scale_299,rolled-in_scale,train,C:\Users\anmol\OneDrive\Desktop\MobileNetV2\NEU-DET\IMAGES\rolled-in_scale\rolled-in_scale_299.jpg,2
rolled-in_scale_3,rolled-in_scale,train,C:\Users\anmol\OneDrive\Desktop\MobileNetV2\NEU-DET\IMAGES\rolled-in_scale\rolled-in_scale_3.jpg,2
rolled-in_scale_30,rolled-in_scale,train,C:\Users\anmol\OneDrive\Desktop\MobileNetV2\NEU-DET\IMAGES\rolled-in_scale\rolled-in_scale_30.jpg,2
rolled-in_scale_300,rolled-in_scale,train,C:\Users\anmol\OneDrive\Desktop\MobileNetV2\NEU-DET\IMAGES\rolled-in_scale\rolled-in_scale_300.jpg,2
rolled-in_scale_31,rolled-in_scale,train,C:\Users\anmol\OneDrive\Desktop\MobileNetV2\NEU-DET\IMAGES\rolled-in_scale\rolled-in_scale_31.jpg,1
rolled-in_scale_33,rolled-in_scale,train,C:\Users\anmol\OneDrive\Desktop\MobileNetV2\NEU-DET\IMAGES\rolled-in_scale\rolled-in_scale_33.jpg,1
rolled-in_scale_34,rolled-in_scale,train,C:\Users\anmol\OneDrive\Desktop\MobileNetV2\NEU-DET\IMAGES\rolled-in_scale\rolled-in_scale_34.jpg,1
rolled-in_scale_36,rolled-in_scale,train,C:\Users\anmol\OneDrive\Desktop\MobileNetV2\NEU-DET\IMAGES\rolled-in_scale\rolled-in_scale_36.jpg,4
rolled-in_scale_38,rolled-in_scale,train,C:\Users\anmol\OneDrive\Desktop\MobileNetV2\NEU-DET\IMAGES\rolled-in_scale\rolled-in_scale_38.jpg,2
rolled-in_scale_4,rolled-in_scale,train,C:\Users\anmol\OneDrive\Desktop\MobileNetV2\NEU-DET\IMAGES\rolled-in_scale\rolled-in_scale_4.jpg,2
rolled-in_scale_44,rolled-in_scale,train,C:\Users\anmol\OneDrive\Desktop\MobileNetV2\NEU-DET\IMAGES\rolled-in_scale\rolled-in_scale_44.jpg,2
rolled-in_scale_45,rolled-in_scale,train,C:\Users\anmol\OneDrive\Desktop\MobileNetV2\NEU-DET\IMAGES\rolled-in_scale\rolled-in_scale_45.jpg,2
rolled-in_scale_46,rolled-in_scale,train,C:\Users\anmol\OneDrive\Desktop\MobileNetV2\NEU-DET\IMAGES\rolled-in_scale\rolled-in_scale_46.jpg,2
rolled-in_scale_48,rolled-in_scale,train,C:\Users\anmol\OneDrive\Desktop\MobileNetV2\NEU-DET\IMAGES\rolled-in_scale\rolled-in_scale_48.jpg,3
rolled-in_scale_5,rolled-in_scale,train,C:\Users\anmol\OneDrive\Desktop\MobileNetV2\NEU-DET\IMAGES\rolled-in_scale\rolled-in_scale_5.jpg,2
rolled-in_scale_50,rolled-in_scale,train,C:\Users\anmol\OneDrive\Desktop\MobileNetV2\NEU-DET\IMAGES\rolled-in_scale\rolled-in_scale_50.jpg,4
rolled-in_scale_52,rolled-in_scale,train,C:\Users\anmol\OneDrive\Desktop\MobileNetV2\NEU-DET\IMAGES\rolled-in_scale\rolled-in_scale_52.jpg,3
rolled-in_scale_53,rolled-in_scale,train,C:\Users\anmol\OneDrive\Desktop\MobileNetV2\NEU-DET\IMAGES\rolled-in_scale\rolled-in_scale_53.jpg,2
rolled-in_scale_54,rolled-in_scale,train,C:\Users\anmol\OneDrive\Desktop\MobileNetV2\NEU-DET\IMAGES\rolled-in_scale\rolled-in_scale_54.jpg,1
rolled-in_scale_55,rolled-in_scale,train,C:\Users\anmol\OneDrive\Desktop\MobileNetV2\NEU-DET\IMAGES\rolled-in_scale\rolled-in_scale_55.jpg,2
rolled-in_scale_56,rolled-in_scale,train,C:\Users\anmol\OneDrive\Desktop\MobileNetV2\NEU-DET\IMAGES\rolled-in_scale\rolled-in_scale_56.jpg,2
rolled-in_scale_57,rolled-in_scale,train,C:\Users\anmol\OneDrive\Desktop\MobileNetV2\NEU-DET\IMAGES\rolled-in_scale\rolled-in_scale_57.jpg,2
rolled-in_scale_59,rolled-in_scale,train,C:\Users\anmol\OneDrive\Desktop\MobileNetV2\NEU-DET\IMAGES\rolled-in_scale\rolled-in_scale_59.jpg,1
rolled-in_scale_60,rolled-in_scale,train,C:\Users\anmol\OneDrive\Desktop\MobileNetV2\NEU-DET\IMAGES\rolled-in_scale\rolled-in_scale_60.jpg,2
rolled-in_scale_61,rolled-in_scale,train,C:\Users\anmol\OneDrive\Desktop\MobileNetV2\NEU-DET\IMAGES\rolled-in_scale\rolled-in_scale_61.jpg,1
rolled-in_scale_62,rolled-in_scale,train,C:\Users\anmol\OneDrive\Desktop\MobileNetV2\NEU-DET\IMAGES\rolled-in_scale\rolled-in_scale_62.jpg,3
rolled-in_scale_63,rolled-in_scale,train,C:\Users\anmol\OneDrive\Desktop\MobileNetV2\NEU-DET\IMAGES\rolled-in_scale\rolled-in_scale_63.jpg,2
rolled-in_scale_64,rolled-in_scale,train,C:\Users\anmol\OneDrive\Desktop\MobileNetV2\NEU-DET\IMAGES\rolled-in_scale\rolled-in_scale_64.jpg,2
rolled-in_scale_65,rolled-in_scale,train,C:\Users\anmol\OneDrive\Desktop\MobileNetV2\NEU-DET\IMAGES\rolled-in_scale\rolled-in_scale_65.jpg,2
rolled-in_scale_66,rolled-in_scale,train,C:\Users\anmol\OneDrive\Desktop\MobileNetV2\NEU-DET\IMAGES\rolled-in_scale\rolled-in_scale_66.jpg,2
rolled-in_scale_67,rolled-in_scale,train,C:\Users\anmol\OneDrive\Desktop\MobileNetV2\NEU-DET\IMAGES\rolled-in_scale\rolled-in_scale_67.jpg,3
rolled-in_scale_68,rolled-in_scale,train,C:\Users\anmol\OneDrive\Desktop\MobileNetV2\NEU-DET\IMAGES\rolled-in_scale\rolled-in_scale_68.jpg,1
rolled-in_scale_69,rolled-in_scale,train,C:\Users\anmol\OneDrive\Desktop\MobileNetV2\NEU-DET\IMAGES\rolled-in_scale\rolled-in_scale_69.jpg,2
rolled-in_scale_70,rolled-in_scale,train,C:\Users\anmol\OneDrive\Desktop\MobileNetV2\NEU-DET\IMAGES\rolled-in_scale\rolled-in_scale_70.jpg,3
rolled-in_scale_71,rolled-in_scale,train,C:\Users\anmol\OneDrive\Desktop\MobileNetV2\NEU-DET\IMAGES\rolled-in_scale\rolled-in_scale_71.jpg,2
rolled-in_scale_72,rolled-in_scale,train,C:\Users\anmol\OneDrive\Desktop\MobileNetV2\NEU-DET\IMAGES\rolled-in_scale\rolled-in_scale_72.jpg,3
rolled-in_scale_73,rolled-in_scale,train,C:\Users\anmol\OneDrive\Desktop\MobileNetV2\NEU-DET\IMAGES\rolled-in_scale\rolled-in_scale_73.jpg,2
rolled-in_scale_74,rolled-in_scale,train,C:\Users\anmol\OneDrive\Desktop\MobileNetV2\NEU-DET\IMAGES\rolled-in_scale\rolled-in_scale_74.jpg,2
rolled-in_scale_76,rolled-in_scale,train,C:\Users\anmol\OneDrive\Desktop\MobileNetV2\NEU-DET\IMAGES\rolled-in_scale\rolled-in_scale_76.jpg,2
rolled-in_scale_77,rolled-in_scale,train,C:\Users\anmol\OneDrive\Desktop\MobileNetV2\NEU-DET\IMAGES\rolled-in_scale\rolled-in_scale_77.jpg,2
rolled-in_scale_8,rolled-in_scale,train,C:\Users\anmol\OneDrive\Desktop\MobileNetV2\NEU-DET\IMAGES\rolled-in_scale\rolled-in_scale_8.jpg,2
rolled-in_scale_81,rolled-in_scale,train,C:\Users\anmol\OneDrive\Desktop\MobileNetV2\NEU-DET\IMAGES\rolled-in_scale\rolled-in_scale_81.jpg,3
rolled-in_scale_82,rolled-in_scale,train,C:\Users\anmol\OneDrive\Desktop\MobileNetV2\NEU-DET\IMAGES\rolled-in_scale\rolled-in_scale_82.jpg,2
rolled-in_scale_83,rolled-in_scale,train,C:\Users\anmol\OneDrive\Desktop\MobileNetV2\NEU-DET\IMAGES\rolled-in_scale\rolled-in_scale_83.jpg,3
rolled-in_scale_84,rolled-in_scale,train,C:\Users\anmol\OneDrive\Desktop\MobileNetV2\NEU-DET\IMAGES\rolled-in_scale\rolled-in_scale_84.jpg,2
rolled-in_scale_85,rolled-in_scale,train,C:\Users\anmol\OneDrive\Desktop\MobileNetV2\NEU-DET\IMAGES\rolled-in_scale\rolled-in_scale_85.jpg,2
rolled-in_scale_86,rolled-in_scale,train,C:\Users\anmol\OneDrive\Desktop\MobileNetV2\NEU-DET\IMAGES\rolled-in_scale\rolled-in_scale_86.jpg,2
rolled-in_scale_87,rolled-in_scale,train,C:\Users\anmol\OneDrive\Desktop\MobileNetV2\NEU-DET\IMAGES\rolled-in_scale\rolled-in_scale_87.jpg,2
rolled-in_scale_89,rolled-in_scale,train,C:\Users\anmol\OneDrive\Desktop\MobileNetV2\NEU-DET\IMAGES\rolled-in_scale\rolled-in_scale_89.jpg,2
rolled-in_scale_9,rolled-in_scale,train,C:\Users\anmol\OneDrive\Desktop\MobileNetV2\NEU-DET\IMAGES\rolled-in_scale\rolled-in_scale_9.jpg,1
rolled-in_scale_91,rolled-in_scale,train,C:\Users\anmol\OneDrive\Desktop\MobileNetV2\NEU-DET\IMAGES\rolled-in_scale\rolled-in_scale_91.jpg,2
rolled-in_scale_92,rolled-in_scale,train,C:\Users\anmol\OneDrive\Desktop\MobileNetV2\NEU-DET\IMAGES\rolled-in_scale\rolled-in_scale_92.jpg,1
rolled-in_scale_93,rolled-in_scale,train,C:\Users\anmol\OneDrive\Desktop\MobileNetV2\NEU-DET\IMAGES\rolled-in_scale\rolled-in_scale_93.jpg,2
rolled-in_scale_97,rolled-in_scale,train,C:\Users\anmol\OneDrive\Desktop\MobileNetV2\NEU-DET\IMAGES\rolled-in_scale\rolled-in_scale_97.jpg,2
rolled-in_scale_98,rolled-in_scale,train,C:\Users\anmol\OneDrive\Desktop\MobileNetV2\NEU-DET\IMAGES\rolled-in_scale\rolled-in_scale_98.jpg,3
rolled-in_scale_99,rolled-in_scale,train,C:\Users\anmol\OneDrive\Desktop\MobileNetV2\NEU-DET\IMAGES\rolled-in_scale\rolled-in_scale_99.jpg,2
scratches_1,scratches,train,C:\Users\anmol\OneDrive\Desktop\MobileNetV2\NEU-DET\IMAGES\scratches\scratches_1.jpg,2
scratches_10,scratches,train,C:\Users\anmol\OneDrive\Desktop\MobileNetV2\NEU-DET\IMAGES\scratches\scratches_10.jpg,3
scratches_100,scratches,train,C:\Users\anmol\OneDrive\Desktop\MobileNetV2\NEU-DET\IMAGES\scratches\scratches_100.jpg,1
scratches_102,scratches,train,C:\Users\anmol\OneDrive\Desktop\MobileNetV2\NEU-DET\IMAGES\scratches\scratches_102.jpg,1
scratches_103,scratches,train,C:\Users\anmol\OneDrive\Desktop\MobileNetV2\NEU-DET\IMAGES\scratches\scratches_103.jpg,1
scratches_104,scratches,train,C:\Users\anmol\OneDrive\Desktop\MobileNetV2\NEU-DET\IMAGES\scratches\scratches_104.jpg,1
scratches_106,scratches,train,C:\Users\anmol\OneDrive\Desktop\MobileNetV2\NEU-DET\IMAGES\scratches\scratches_106.jpg,1
scratches_107,scratches,train,C:\Users\anmol\OneDrive\Desktop\MobileNetV2\NEU-DET\IMAGES\scratches\scratches_107.jpg,1
scratches_108,scratches,train,C:\Users\anmol\OneDrive\Desktop\MobileNetV2\NEU-DET\IMAGES\scratches\scratches_108.jpg,4
scratches_109,scratches,train,C:\Users\anmol\OneDrive\Desktop\MobileNetV2\NEU-DET\IMAGES\scratches\scratches_109.jpg,5
scratches_112,scratches,train,C:\Users\anmol\OneDrive\Desktop\MobileNetV2\NEU-DET\IMAGES\scratches\scratches_112.jpg,1
scratches_113,scratches,train,C:\Users\anmol\OneDrive\Desktop\MobileNetV2\NEU-DET\IMAGES\scratches\scratches_113.jpg,3
scratches_115,scratches,train,C:\Users\anmol\OneDrive\Desktop\MobileNetV2\NEU-DET\IMAGES\scratches\scratches_115.jpg,3
scratches_116,scratches,train,C:\Users\anmol\OneDrive\Desktop\MobileNetV2\NEU-DET\IMAGES\scratches\scratches_116.jpg,2
scratches_119,scratches,train,C:\Users\anmol\OneDrive\Desktop\MobileNetV2\NEU-DET\IMAGES\scratches\scratches_119.jpg,2
scratches_120,scratches,train,C:\Users\anmol\OneDrive\Desktop\MobileNetV2\NEU-DET\IMAGES\scratches\scratches_120.jpg,4
scratches_121,scratches,train,C:\Users\anmol\OneDrive\Desktop\MobileNetV2\NEU-DET\IMAGES\scratches\scratches_121.jpg,3
scratches_123,scratches,train,C:\Users\anmol\OneDrive\Desktop\MobileNetV2\NEU-DET\IMAGES\scratches\scratches_123.jpg,3
scratches_124,scratches,train,C:\Users\anmol\OneDrive\Desktop\MobileNetV2\NEU-DET\IMAGES\scratches\scratches_124.jpg,2
scratches_125,scratches,train,C:\Users\anmol\OneDrive\Desktop\MobileNetV2\NEU-DET\IMAGES\scratches\scratches_125.jpg,1
scratches_127,scratches,train,C:\Users\anmol\OneDrive\Desktop\MobileNetV2\NEU-DET\IMAGES\scratches\scratches_127.jpg,2
scratches_128,scratches,train,C:\Users\anmol\OneDrive\Desktop\MobileNetV2\NEU-DET\IMAGES\scratches\scratches_128.jpg,2
scratches_129,scratches,train,C:\Users\anmol\OneDrive\Desktop\MobileNetV2\NEU-DET\IMAGES\scratches\scratches_129.jpg,2
scratches_130,scratches,train,C:\Users\anmol\OneDrive\Desktop\MobileNetV2\NEU-DET\IMAGES\scratches\scratches_130.jpg,3
scratches_132,scratches,train,C:\Users\anmol\OneDrive\Desktop\MobileNetV2\NEU-DET\IMAGES\scratches\scratches_132.jpg,3
scratches_133,scratches,train,C:\Users\anmol\OneDrive\Desktop\MobileNetV2\NEU-DET\IMAGES\scratches\scratches_133.jpg,1
scratches_136,scratches,train,C:\Users\anmol\OneDrive\Desktop\MobileNetV2\NEU-DET\IMAGES\scratches\scratches_136.jpg,1
scratches_137,scratches,train,C:\Users\anmol\OneDrive\Desktop\MobileNetV2\NEU-DET\IMAGES\scratches\scratches_137.jpg,2
scratches_139,scratches,train,C:\Users\anmol\OneDrive\Desktop\MobileNetV2\NEU-DET\IMAGES\scratches\scratches_139.jpg,3
scratches_14,scratches,train,C:\Users\anmol\OneDrive\Desktop\MobileNetV2\NEU-DET\IMAGES\scratches\scratches_14.jpg,2
scratches_142,scratches,train,C:\Users\anmol\OneDrive\Desktop\MobileNetV2\NEU-DET\IMAGES\scratches\scratches_142.jpg,2
scratches_144,scratches,train,C:\Users\anmol\OneDrive\Desktop\MobileNetV2\NEU-DET\IMAGES\scratches\scratches_144.jpg,3
scratches_145,scratches,train,C:\Users\anmol\OneDrive\Desktop\MobileNetV2\NEU-DET\IMAGES\scratches\scratches_145.jpg,2
scratches_146,scratches,train,C:\Users\anmol\OneDrive\Desktop\MobileNetV2\NEU-DET\IMAGES\scratches\scratches_146.jpg,3
scratches_148,scratches,train,C:\Users\anmol\OneDrive\Desktop\MobileNetV2\NEU-DET\IMAGES\scratches\scratches_148.jpg,2
scratches_15,scratches,train,C:\Users\anmol\OneDrive\Desktop\MobileNetV2\NEU-DET\IMAGES\scratches\scratches_15.jpg,4
scratches_150,scratches,train,C:\Users\anmol\OneDrive\Desktop\MobileNetV2\NEU-DET\IMAGES\scratches\scratches_150.jpg,1
scratches_152,scratches,train,C:\Users\anmol\OneDrive\Desktop\MobileNetV2\NEU-DET\IMAGES\scratches\scratches_152.jpg,1
scratches_153,scratches,train,C:\Users\anmol\OneDrive\Desktop\MobileNetV2\NEU-DET\IMAGES\scratches\scratches_153.jpg,2
scratches_154,scratches,train,C:\Users\anmol\OneDrive\Desktop\MobileNetV2\NEU-DET\IMAGES\scratches\scratches_154.jpg,3
scratches_156,scratches,train,C:\Users\anmol\OneDrive\Desktop\MobileNetV2\NEU-DET\IMAGES\scratches\scratches_156.jpg,2
scratches_157,scratches,train,C:\Users\anmol\OneDrive\Desktop\MobileNetV2\NEU-DET\IMAGES\scratches\scratches_157.jpg,2
scratches_158,scratches,train,C:\Users\anmol\OneDrive\Desktop\MobileNetV2\NEU-DET\IMAGES\scratches\scratches_158.jpg,3
scratches_16,scratches,train,C:\Users\anmol\OneDrive\Desktop\MobileNetV2\NEU-DET\IMAGES\scratches\scratches_16.jpg,2
scratches_160,scratches,train,C:\Users\anmol\OneDrive\Desktop\MobileNetV2\NEU-DET\IMAGES\scratches\scratches_160.jpg,3
scratches_162,scratches,train,C:\Users\anmol\OneDrive\Desktop\MobileNetV2\NEU-DET\IMAGES\scratches\scratches_162.jpg,2
scratches_163,scratches,train,C:\Users\anmol\OneDrive\Desktop\MobileNetV2\NEU-DET\IMAGES\scratches\scratches_163.jpg,4
scratches_164,scratches,train,C:\Users\anmol\OneDrive\Desktop\MobileNetV2\NEU-DET\IMAGES\scratches\scratches_164.jpg,3
scratches_166,scratches,train,C:\Users\anmol\OneDrive\Desktop\MobileNetV2\NEU-DET\IMAGES\scratches\scratches_166.jpg,4
scratches_167,scratches,train,C:\Users\anmol\OneDrive\Desktop\MobileNetV2\NEU-DET\IMAGES\scratches\scratches_167.jpg,2
scratches_168,scratches,train,C:\Users\anmol\OneDrive\Desktop\MobileNetV2\NEU-DET\IMAGES\scratches\scratches_168.jpg,3
scratches_169,scratches,train,C:\Users\anmol\OneDrive\Desktop\MobileNetV2\NEU-DET\IMAGES\scratches\scratches_169.jpg,1
scratches_17,scratches,train,C:\Users\anmol\OneDrive\Desktop\MobileNetV2\NEU-DET\IMAGES\scratches\scratches_17.jpg,1
scratches_171,scratches,train,C:\Users\anmol\OneDrive\Desktop\MobileNetV2\NEU-DET\IMAGES\scratches\scratches_171.jpg,2
scratches_172,scratches,train,C:\Users\anmol\OneDrive\Desktop\MobileNetV2\NEU-DET\IMAGES\scratches\scratches_172.jpg,2
scratches_173,scratches,train,C:\Users\anmol\OneDrive\Desktop\MobileNetV2\NEU-DET\IMAGES\scratches\scratches_173.jpg,1
scratches_175,scratches,train,C:\Users\anmol\OneDrive\Desktop\MobileNetV2\NEU-DET\IMAGES\scratches\scratches_175.jpg,2
scratches_176,scratches,train,C:\Users\anmol\OneDrive\Desktop\MobileNetV2\NEU-DET\IMAGES\scratches\scratches_176.jpg,2
scratches_177,scratches,train,C:\Users\anmol\OneDrive\Desktop\MobileNetV2\NEU-DET\IMAGES\scratches\scratches_177.jpg,2
scratches_179,scratches,train,C:\Users\anmol\OneDrive\Desktop\MobileNetV2\NEU-DET\IMAGES\scratches\scratches_179.jpg,1
scratches_18,scratches,train,C:\Users\anmol\OneDrive\Desktop\MobileNetV2\NEU-DET\IMAGES\scratches\scratches_18.jpg,1
scratches_180,scratches,train,C:\Users\anmol\OneDrive\Desktop\MobileNetV2\NEU-DET\IMAGES\scratches\scratches_180.jpg,1
scratches_181,scratches,train,C:\Users\anmol\OneDrive\Desktop\MobileNetV2\NEU-DET\IMAGES\scratches\scratches_181.jpg,1
scratches_183,scratches,train,C:\Users\anmol\OneDrive\Desktop\MobileNetV2\NEU-DET\IMAGES\scratches\scratches_183.jpg,2
scratches_185,scratches,train,C:\Users\anmol\OneDrive\Desktop\MobileNetV2\NEU-DET\IMAGES\scratches\scratches_185.jpg,1
scratches_187,scratches,train,C:\Users\anmol\OneDrive\Desktop\MobileNetV2\NEU-DET\IMAGES\scratches\scratches_187.jpg,1
scratches_188,scratches,train,C:\Users\anmol\OneDrive\Desktop\MobileNetV2\NEU-DET\IMAGES\scratches\scratches_188.jpg,2
scratches_189,scratches,train,C:\Users\anmol\OneDrive\Desktop\MobileNetV2\NEU-DET\IMAGES\scratches\scratches_189.jpg,2
scratches_19,scratches,train,C:\Users\anmol\OneDrive\Desktop\MobileNetV2\NEU-DET\IMAGES\scratches\scratches_19.jpg,1
scratches_190,scratches,train,C:\Users\anmol\OneDrive\Desktop\MobileNetV2\NEU-DET\IMAGES\scratches\scratches_190.jpg,1
scratches_192,scratches,train,C:\Users\anmol\OneDrive\Desktop\MobileNetV2\NEU-DET\IMAGES\scratches\scratches_192.jpg,1
scratches_193,scratches,train,C:\Users\anmol\OneDrive\Desktop\MobileNetV2\NEU-DET\IMAGES\scratches\scratches_193.jpg,1
scratches_194,scratches,train,C:\Users\anmol\OneDrive\Desktop\MobileNetV2\NEU-DET\IMAGES\scratches\scratches_194.jpg,2
scratches_198,scratches,train,C:\Users\anmol\OneDrive\Desktop\MobileNetV2\NEU-DET\IMAGES\scratches\scratches_198.jpg,3
scratches_199,scratches,train,C:\Users\anmol\OneDrive\Desktop\MobileNetV2\NEU-DET\IMAGES\scratches\scratches_199.jpg,2
scratches_2,scratches,train,C:\Users\anmol\OneDrive\Desktop\MobileNetV2\NEU-DET\IMAGES\scratches\scratches_2.jpg,1
scratches_20,scratches,train,C:\Users\anmol\OneDrive\Desktop\MobileNetV2\NEU-DET\IMAGES\scratches\scratches_20.jpg,1
scratches_204,scratches,train,C:\Users\anmol\OneDrive\Desktop\MobileNetV2\NEU-DET\IMAGES\scratches\scratches_204.jpg,1
scratches_205,scratches,train,C:\Users\anmol\OneDrive\Desktop\MobileNetV2\NEU-DET\IMAGES\scratches\scratches_205.jpg,2
scratches_206,scratches,train,C:\Users\anmol\OneDrive\Desktop\MobileNetV2\NEU-DET\IMAGES\scratches\scratches_206.jpg,2
scratches_207,scratches,train,C:\Users\anmol\OneDrive\Desktop\MobileNetV2\NEU-DET\IMAGES\scratches\scratches_207.jpg,2
scratches_208,scratches,train,C:\Users\anmol\OneDrive\Desktop\MobileNetV2\NEU-DET\IMAGES\scratches\scratches_208.jpg,1
scratches_209,scratches,train,C:\Users\anmol\OneDrive\Desktop\MobileNetV2\NEU-DET\IMAGES\scratches\scratches_209.jpg,3
scratches_21,scratches,train,C:\Users\anmol\OneDrive\Desktop\MobileNetV2\NEU-DET\IMAGES\scratches\scratches_21.jpg,2
scratches_211,scratches,train,C:\Users\anmol\OneDrive\Desktop\MobileNetV2\NEU-DET\IMAGES\scratches\scratches_211.jpg,3
scratches_212,scratches,train,C:\Users\anmol\OneDrive\Desktop\MobileNetV2\NEU-DET\IMAGES\scratches\scratches_212.jpg,2
scratches_213,scratches,train,C:\Users\anmol\OneDrive\Desktop\MobileNetV2\NEU-DET\IMAGES\scratches\scratches_213.jpg,2
scratches_214,scratches,train,C:\Users\anmol\OneDrive\Desktop\MobileNetV2\NEU-DET\IMAGES\scratches\scratches_214.jpg,2
scratches_215,scratches,train,C:\Users\anmol\OneDrive\Desktop\MobileNetV2\NEU-DET\IMAGES\scratches\scratches_215.jpg,2
scratches_216,scratches,train,C:\Users\anmol\OneDrive\Desktop\MobileNetV2\NEU-DET\IMAGES\scratches\scratches_216.jpg,5
scratches_217,scratches,train,C:\Users\anmol\OneDrive\Desktop\MobileNetV2\NEU-DET\IMAGES\scratches\scratches_217.jpg,3
scratches_218,scratches,train,C:\Users\anmol\OneDrive\Desktop\MobileNetV2\NEU-DET\IMAGES\scratches\scratches_218.jpg,4
scratches_219,scratches,train,C:\Users\anmol\OneDrive\Desktop\MobileNetV2\NEU-DET\IMAGES\scratches\scratches_219.jpg,4
scratches_22,scratches,train,C:\Users\anmol\OneDrive\Desktop\MobileNetV2\NEU-DET\IMAGES\scratches\scratches_22.jpg,3
scratches_222,scratches,train,C:\Users\anmol\OneDrive\Desktop\MobileNetV2\NEU-DET\IMAGES\scratches\scratches_222.jpg,5
scratches_223,scratches,train,C:\Users\anmol\OneDrive\Desktop\MobileNetV2\NEU-DET\IMAGES\scratches\scratches_223.jpg,3
scratches_225,scratches,train,C:\Users\anmol\OneDrive\Desktop\MobileNetV2\NEU-DET\IMAGES\scratches\scratches_225.jpg,5
scratches_226,scratches,train,C:\Users\anmol\OneDrive\Desktop\MobileNetV2\NEU-DET\IMAGES\scratches\scratches_226.jpg,4
scratches_228,scratches,train,C:\Users\anmol\OneDrive\Desktop\MobileNetV2\NEU-DET\IMAGES\scratches\scratches_228.jpg,3
scratches_230,scratches,train,C:\Users\anmol\OneDrive\Desktop\MobileNetV2\NEU-DET\IMAGES\scratches\scratches_230.jpg,5
scratches_232,scratches,train,C:\Users\anmol\OneDrive\Desktop\MobileNetV2\NEU-DET\IMAGES\scratches\scratches_232.jpg,2
scratches_233,scratches,train,C:\Users\anmol\OneDrive\Desktop\MobileNetV2\NEU-DET\IMAGES\scratches\scratches_233.jpg,4
scratches_234,scratches,train,C:\Users\anmol\OneDrive\Desktop\MobileNetV2\NEU-DET\IMAGES\scratches\scratches_234.jpg,2
scratches_235,scratches,train,C:\Users\anmol\OneDrive\Desktop\MobileNetV2\NEU-DET\IMAGES\scratches\scratches_235.jpg,1
scratches_237,scratches,train,C:\Users\anmol\OneDrive\Desktop\MobileNetV2\NEU-DET\IMAGES\scratches\scratches_237.jpg,2
scratches_238,scratches,train,C:\Users\anmol\OneDrive\Desktop\MobileNetV2\NEU-DET\IMAGES\scratches\scratches_238.jpg,2
scratches_24,scratches,train,C:\Users\anmol\OneDrive\Desktop\MobileNetV2\NEU-DET\IMAGES\scratches\scratches_24.jpg,1
scratches_240,scratches,train,C:\Users\anmol\OneDrive\Desktop\MobileNetV2\NEU-DET\IMAGES\scratches\scratches_240.jpg,4
scratches_243,scratches,train,C:\Users\anmol\OneDrive\Desktop\MobileNetV2\NEU-DET\IMAGES\scratches\scratches_243.jpg,4
scratches_244,scratches,train,C:\Users\anmol\OneDrive\Desktop\MobileNetV2\NEU-DET\IMAGES\scratches\scratches_244.jpg,4
scratches_246,scratches,train,C:\Users\anmol\OneDrive\Desktop\MobileNetV2\NEU-DET\IMAGES\scratches\scratches_246.jpg,1
scratches_247,scratches,train,C:\Users\anmol\OneDrive\Desktop\MobileNetV2\NEU-DET\IMAGES\scratches\scratches_247.jpg,2
scratches_248,scratches,train,C:\Users\anmol\OneDrive\Desktop\MobileNetV2\NEU-DET\IMAGES\scratches\scratches_248.jpg,2
scratches_249,scratches,train,C:\Users\anmol\OneDrive\Desktop\MobileNetV2\NEU-DET\IMAGES\scratches\scratches_249.jpg,1
scratches_25,scratches,train,C:\Users\anmol\OneDrive\Desktop\MobileNetV2\NEU-DET\IMAGES\scratches\scratches_25.jpg,2
scratches_252,scratches,train,C:\Users\anmol\OneDrive\Desktop\MobileNetV2\NEU-DET\IMAGES\scratches\scratches_252.jpg,2
scratches_253,scratches,train,C:\Users\anmol\OneDrive\Desktop\MobileNetV2\NEU-DET\IMAGES\scratches\scratches_253.jpg,2
scratches_256,scratches,train,C:\Users\anmol\OneDrive\Desktop\MobileNetV2\NEU-DET\IMAGES\scratches\scratches_256.jpg,1
scratches_257,scratches,train,C:\Users\anmol\OneDrive\Desktop\MobileNetV2\NEU-DET\IMAGES\scratches\scratches_257.jpg,1
scratches_258,scratches,train,C:\Users\anmol\OneDrive\Desktop\MobileNetV2\NEU-DET\IMAGES\scratches\scratches_258.jpg,1
scratches_259,scratches,train,C:\Users\anmol\OneDrive\Desktop\MobileNetV2\NEU-DET\IMAGES\scratches\scratches_259.jpg,1
scratches_26,scratches,train,C:\Users\anmol\OneDrive\Desktop\MobileNetV2\NEU-DET\IMAGES\scratches\scratches_26.jpg,2
scratches_263,scratches,train,C:\Users\anmol\OneDrive\Desktop\MobileNetV2\NEU-DET\IMAGES\scratches\scratches_263.jpg,2
scratches_264,scratches,train,C:\Users\anmol\OneDrive\Desktop\MobileNetV2\NEU-DET\IMAGES\scratches\scratches_264.jpg,3
scratches_266,scratches,train,C:\Users\anmol\OneDrive\Desktop\MobileNetV2\NEU-DET\IMAGES\scratches\scratches_266.jpg,2
scratches_267,scratches,train,C:\Users\anmol\OneDrive\Desktop\MobileNetV2\NEU-DET\IMAGES\scratches\scratches_267.jpg,2
scratches_268,scratches,train,C:\Users\anmol\OneDrive\Desktop\MobileNetV2\NEU-DET\IMAGES\scratches\scratches_268.jpg,2
scratches_272,scratches,train,C:\Users\anmol\OneDrive\Desktop\MobileNetV2\NEU-DET\IMAGES\scratches\scratches_272.jpg,2
scratches_274,scratches,train,C:\Users\anmol\OneDrive\Desktop\MobileNetV2\NEU-DET\IMAGES\scratches\scratches_274.jpg,3
scratches_275,scratches,train,C:\Users\anmol\OneDrive\Desktop\MobileNetV2\NEU-DET\IMAGES\scratches\scratches_275.jpg,4
scratches_276,scratches,train,C:\Users\anmol\OneDrive\Desktop\MobileNetV2\NEU-DET\IMAGES\scratches\scratches_276.jpg,2
scratches_277,scratches,train,C:\Users\anmol\OneDrive\Desktop\MobileNetV2\NEU-DET\IMAGES\scratches\scratches_277.jpg,2
scratches_279,scratches,train,C:\Users\anmol\OneDrive\Desktop\MobileNetV2\NEU-DET\IMAGES\scratches\scratches_279.jpg,2
scratches_28,scratches,train,C:\Users\anmol\OneDrive\Desktop\MobileNetV2\NEU-DET\IMAGES\scratches\scratches_28.jpg,2
scratches_280,scratches,train,C:\Users\anmol\OneDrive\Desktop\MobileNetV2\NEU-DET\IMAGES\scratches\scratches_280.jpg,2
scratches_281,scratches,train,C:\Users\anmol\OneDrive\Desktop\MobileNetV2\NEU-DET\IMAGES\scratches\scratches_281.jpg,1
scratches_282,scratches,train,C:\Users\anmol\OneDrive\Desktop\MobileNetV2\NEU-DET\IMAGES\scratches\scratches_282.jpg,1
scratches_283,scratches,train,C:\Users\anmol\OneDrive\Desktop\MobileNetV2\NEU-DET\IMAGES\scratches\scratches_283.jpg,2
scratches_284,scratches,train,C:\Users\anmol\OneDrive\Desktop\MobileNetV2\NEU-DET\IMAGES\scratches\scratches_284.jpg,2
scratches_285,scratches,train,C:\Users\anmol\OneDrive\Desktop\MobileNetV2\NEU-DET\IMAGES\scratches\scratches_285.jpg,2
scratches_286,scratches,train,C:\Users\anmol\OneDrive\Desktop\MobileNetV2\NEU-DET\IMAGES\scratches\scratches_286.jpg,1
scratches_287,scratches,train,C:\Users\anmol\OneDrive\Desktop\MobileNetV2\NEU-DET\IMAGES\scratches\scratches_287.jpg,1
scratches_288,scratches,train,C:\Users\anmol\OneDrive\Desktop\MobileNetV2\NEU-DET\IMAGES\scratches\scratches_288.jpg,1
scratches_29,scratches,train,C:\Users\anmol\OneDrive\Desktop\MobileNetV2\NEU-DET\IMAGES\scratches\scratches_29.jpg,3
scratches_290,scratches,train,C:\Users\anmol\OneDrive\Desktop\MobileNetV2\NEU-DET\IMAGES\scratches\scratches_290.jpg,3
scratches_291,scratches,train,C:\Users\anmol\OneDrive\Desktop\MobileNetV2\NEU-DET\IMAGES\scratches\scratches_291.jpg,1
scratches_292,scratches,train,C:\Users\anmol\OneDrive\Desktop\MobileNetV2\NEU-DET\IMAGES\scratches\scratches_292.jpg,2
scratches_293,scratches,train,C:\Users\anmol\OneDrive\Desktop\MobileNetV2\NEU-DET\IMAGES\scratches\scratches_293.jpg,2
scratches_295,scratches,train,C:\Users\anmol\OneDrive\Desktop\MobileNetV2\NEU-DET\IMAGES\scratches\scratches_295.jpg,4
scratches_296,scratches,train,C:\Users\anmol\OneDrive\Desktop\MobileNetV2\NEU-DET\IMAGES\scratches\scratches_296.jpg,5
scratches_3,scratches,train,C:\Users\anmol\OneDrive\Desktop\MobileNetV2\NEU-DET\IMAGES\scratches\scratches_3.jpg,2
scratches_30,scratches,train,C:\Users\anmol\OneDrive\Desktop\MobileNetV2\NEU-DET\IMAGES\scratches\scratches_30.jpg,5
scratches_300,scratches,train,C:\Users\anmol\OneDrive\Desktop\MobileNetV2\NEU-DET\IMAGES\scratches\scratches_300.jpg,2
scratches_33,scratches,train,C:\Users\anmol\OneDrive\Desktop\MobileNetV2\NEU-DET\IMAGES\scratches\scratches_33.jpg,2
scratches_34,scratches,train,C:\Users\anmol\OneDrive\Desktop\MobileNetV2\NEU-DET\IMAGES\scratches\scratches_34.jpg,1
scratches_35,scratches,train,C:\Users\anmol\OneDrive\Desktop\MobileNetV2\NEU-DET\IMAGES\scratches\scratches_35.jpg,1
scratches_36,scratches,train,C:\Users\anmol\OneDrive\Desktop\MobileNetV2\NEU-DET\IMAGES\scratches\scratches_36.jpg,1
scratches_37,scratches,train,C:\Users\anmol\OneDrive\Desktop\MobileNetV2\NEU-DET\IMAGES\scratches\scratches_37.jpg,1
scratches_38,scratches,train,C:\Users\anmol\OneDrive\Desktop\MobileNetV2\NEU-DET\IMAGES\scratches\scratches_38.jpg,1
scratches_39,scratches,train,C:\Users\anmol\OneDrive\Desktop\MobileNetV2\NEU-DET\IMAGES\scratches\scratches_39.jpg,1
scratches_4,scratches,train,C:\Users\anmol\OneDrive\Desktop\MobileNetV2\NEU-DET\IMAGES\scratches\scratches_4.jpg,1
scratches_40,scratches,train,C:\Users\anmol\OneDrive\Desktop\MobileNetV2\NEU-DET\IMAGES\scratches\scratches_40.jpg,1
scratches_41,scratches,train,C:\Users\anmol\OneDrive\Desktop\MobileNetV2\NEU-DET\IMAGES\scratches\scratches_41.jpg,1
scratches_42,scratches,train,C:\Users\anmol\OneDrive\Desktop\MobileNetV2\NEU-DET\IMAGES\scratches\scratches_42.jpg,1
scratches_44,scratches,train,C:\Users\anmol\OneDrive\Desktop\MobileNetV2\NEU-DET\IMAGES\scratches\scratches_44.jpg,1
scratches_45,scratches,train,C:\Users\anmol\OneDrive\Desktop\MobileNetV2\NEU-DET\IMAGES\scratches\scratches_45.jpg,1
scratches_46,scratches,train,C:\Users\anmol\OneDrive\Desktop\MobileNetV2\NEU-DET\IMAGES\scratches\scratches_46.jpg,1
scratches_47,scratches,train,C:\Users\anmol\OneDrive\Desktop\MobileNetV2\NEU-DET\IMAGES\scratches\scratches_47.jpg,1
scratches_49,scratches,train,C:\Users\anmol\OneDrive\Desktop\MobileNetV2\NEU-DET\IMAGES\scratches\scratches_49.jpg,1
scratches_5,scratches,train,C:\Users\anmol\OneDrive\Desktop\MobileNetV2\NEU-DET\IMAGES\scratches\scratches_5.jpg,1
scratches_51,scratches,train,C:\Users\anmol\OneDrive\Desktop\MobileNetV2\NEU-DET\IMAGES\scratches\scratches_51.jpg,1
scratches_52,scratches,train,C:\Users\anmol\OneDrive\Desktop\MobileNetV2\NEU-DET\IMAGES\scratches\scratches_52.jpg,1
scratches_53,scratches,train,C:\Users\anmol\OneDrive\Desktop\MobileNetV2\NEU-DET\IMAGES\scratches\scratches_53.jpg,1
scratches_54,scratches,train,C:\Users\anmol\OneDrive\Desktop\MobileNetV2\NEU-DET\IMAGES\scratches\scratches_54.jpg,1
scratches_55,scratches,train,C:\Users\anmol\OneDrive\Desktop\MobileNetV2\NEU-DET\IMAGES\scratches\scratches_55.jpg,1
scratches_56,scratches,train,C:\Users\anmol\OneDrive\Desktop\MobileNetV2\NEU-DET\IMAGES\scratches\scratches_56.jpg,1
scratches_57,scratches,train,C:\Users\anmol\OneDrive\Desktop\MobileNetV2\NEU-DET\IMAGES\scratches\scratches_57.jpg,1
scratches_58,scratches,train,C:\Users\anmol\OneDrive\Desktop\MobileNetV2\NEU-DET\IMAGES\scratches\scratches_58.jpg,1
scratches_59,scratches,train,C:\Users\anmol\OneDrive\Desktop\MobileNetV2\NEU-DET\IMAGES\scratches\scratches_59.jpg,1
scratches_6,scratches,train,C:\Users\anmol\OneDrive\Desktop\MobileNetV2\NEU-DET\IMAGES\scratches\scratches_6.jpg,3
scratches_60,scratches,train,C:\Users\anmol\OneDrive\Desktop\MobileNetV2\NEU-DET\IMAGES\scratches\scratches_60.jpg,1
scratches_61,scratches,train,C:\Users\anmol\OneDrive\Desktop\MobileNetV2\NEU-DET\IMAGES\scratches\scratches_61.jpg,1
scratches_64,scratches,train,C:\Users\anmol\OneDrive\Desktop\MobileNetV2\NEU-DET\IMAGES\scratches\scratches_64.jpg,1
scratches_66,scratches,train,C:\Users\anmol\OneDrive\Desktop\MobileNetV2\NEU-DET\IMAGES\scratches\scratches_66.jpg,3
scratches_67,scratches,train,C:\Users\anmol\OneDrive\Desktop\MobileNetV2\NEU-DET\IMAGES\scratches\scratches_67.jpg,2
scratches_7,scratches,train,C:\Users\anmol\OneDrive\Desktop\MobileNetV2\NEU-DET\IMAGES\scratches\scratches_7.jpg,4
scratches_70,scratches,train,C:\Users\anmol\OneDrive\Desktop\MobileNetV2\NEU-DET\IMAGES\scratches\scratches_70.jpg,2
scratches_71,scratches,train,C:\Users\anmol\OneDrive\Desktop\MobileNetV2\NEU-DET\IMAGES\scratches\scratches_71.jpg,1
scratches_72,scratches,train,C:\Users\anmol\OneDrive\Desktop\MobileNetV2\NEU-DET\IMAGES\scratches\scratches_72.jpg,1
scratches_75,scratches,train,C:\Users\anmol\OneDrive\Desktop\MobileNetV2\NEU-DET\IMAGES\scratches\scratches_75.jpg,3
scratches_76,scratches,train,C:\Users\anmol\OneDrive\Desktop\MobileNetV2\NEU-DET\IMAGES\scratches\scratches_76.jpg,1
scratches_79,scratches,train,C:\Users\anmol\OneDrive\Desktop\MobileNetV2\NEU-DET\IMAGES\scratches\scratches_79.jpg,2
scratches_8,scratches,train,C:\Users\anmol\OneDrive\Desktop\MobileNetV2\NEU-DET\IMAGES\scratches\scratches_8.jpg,2
scratches_80,scratches,train,C:\Users\anmol\OneDrive\Desktop\MobileNetV2\NEU-DET\IMAGES\scratches\scratches_80.jpg,1
scratches_81,scratches,train,C:\Users\anmol\OneDrive\Desktop\MobileNetV2\NEU-DET\IMAGES\scratches\scratches_81.jpg,2
scratches_82,scratches,train,C:\Users\anmol\OneDrive\Desktop\MobileNetV2\NEU-DET\IMAGES\scratches\scratches_82.jpg,3
scratches_83,scratches,train,C:\Users\anmol\OneDrive\Desktop\MobileNetV2\NEU-DET\IMAGES\scratches\scratches_83.jpg,2
scratches_84,scratches,train,C:\Users\anmol\OneDrive\Desktop\MobileNetV2\NEU-DET\IMAGES\scratches\scratches_84.jpg,1
scratches_86,scratches,train,C:\Users\anmol\OneDrive\Desktop\MobileNetV2\NEU-DET\IMAGES\scratches\scratches_86.jpg,3
scratches_87,scratches,train,C:\Users\anmol\OneDrive\Desktop\MobileNetV2\NEU-DET\IMAGES\scratches\scratches_87.jpg,1
scratches_90,scratches,train,C:\Users\anmol\OneDrive\Desktop\MobileNetV2\NEU-DET\IMAGES\scratches\scratches_90.jpg,2
scratches_91,scratches,train,C:\Users\anmol\OneDrive\Desktop\MobileNetV2\NEU-DET\IMAGES\scratches\scratches_91.jpg,1
scratches_92,scratches,train,C:\Users\anmol\OneDrive\Desktop\MobileNetV2\NEU-DET\IMAGES\scratches\scratches_92.jpg,3
scratches_93,scratches,train,C:\Users\anmol\OneDrive\Desktop\MobileNetV2\NEU-DET\IMAGES\scratches\scratches_93.jpg,2
scratches_94,scratches,train,C:\Users\anmol\OneDrive\Desktop\MobileNetV2\NEU-DET\IMAGES\scratches\scratches_94.jpg,5
scratches_95,scratches,train,C:\Users\anmol\OneDrive\Desktop\MobileNetV2\NEU-DET\IMAGES\scratches\scratches_95.jpg,1
scratches_96,scratches,train,C:\Users\anmol\OneDrive\Desktop\MobileNetV2\NEU-DET\IMAGES\scratches\scratches_96.jpg,1
scratches_97,scratches,train,C:\Users\anmol\OneDrive\Desktop\MobileNetV2\NEU-DET\IMAGES\scratches\scratches_97.jpg,3
scratches_98,scratches,train,C:\Users\anmol\OneDrive\Desktop\MobileNetV2\NEU-DET\IMAGES\scratches\scratches_98.jpg,1
scratches_99,scratches,train,C:\Users\anmol\OneDrive\Desktop\MobileNetV2\NEU-DET\IMAGES\scratches\scratches_99.jpg,1
crazing_115,crazing,val,C:\Users\anmol\OneDrive\Desktop\MobileNetV2\NEU-DET\IMAGES\crazing\crazing_115.jpg,3
crazing_136,crazing,val,C:\Users\anmol\OneDrive\Desktop\MobileNetV2\NEU-DET\IMAGES\crazing\crazing_136.jpg,2
crazing_138,crazing,val,C:\Users\anmol\OneDrive\Desktop\MobileNetV2\NEU-DET\IMAGES\crazing\crazing_138.jpg,2
crazing_147,crazing,val,C:\Users\anmol\OneDrive\Desktop\MobileNetV2\NEU-DET\IMAGES\crazing\crazing_147.jpg,2
crazing_15,crazing,val,C:\Users\anmol\OneDrive\Desktop\MobileNetV2\NEU-DET\IMAGES\crazing\crazing_15.jpg,2
crazing_155,crazing,val,C:\Users\anmol\OneDrive\Desktop\MobileNetV2\NEU-DET\IMAGES\crazing\crazing_155.jpg,3
crazing_160,crazing,val,C:\Users\anmol\OneDrive\Desktop\MobileNetV2\NEU-DET\IMAGES\crazing\crazing_160.jpg,2
crazing_161,crazing,val,C:\Users\anmol\OneDrive\Desktop\MobileNetV2\NEU-DET\IMAGES\crazing\crazing_161.jpg,1
crazing_180,crazing,val,C:\Users\anmol\OneDrive\Desktop\MobileNetV2\NEU-DET\IMAGES\crazing\crazing_180.jpg,4
crazing_183,crazing,val,C:\Users\anmol\OneDrive\Desktop\MobileNetV2\NEU-DET\IMAGES\crazing\crazing_183.jpg,3
crazing_184,crazing,val,C:\Users\anmol\OneDrive\Desktop\MobileNetV2\NEU-DET\IMAGES\crazing\crazing_184.jpg,3
crazing_203,crazing,val,C:\Users\anmol\OneDrive\Desktop\MobileNetV2\NEU-DET\IMAGES\crazing\crazing_203.jpg,2
crazing_205,crazing,val,C:\Users\anmol\OneDrive\Desktop\MobileNetV2\NEU-DET\IMAGES\crazing\crazing_205.jpg,1
crazing_221,crazing,val,C:\Users\anmol\OneDrive\Desktop\MobileNetV2\NEU-DET\IMAGES\crazing\crazing_221.jpg,3
crazing_239,crazing,val,C:\Users\anmol\OneDrive\Desktop\MobileNetV2\NEU-DET\IMAGES\crazing\crazing_239.jpg,4
crazing_245,crazing,val,C:\Users\anmol\OneDrive\Desktop\MobileNetV2\NEU-DET\IMAGES\crazing\crazing_245.jpg,2
crazing_246,crazing,val,C:\Users\anmol\OneDrive\Desktop\MobileNetV2\NEU-DET\IMAGES\crazing\crazing_246.jpg,4
crazing_248,crazing,val,C:\Users\anmol\OneDrive\Desktop\MobileNetV2\NEU-DET\IMAGES\crazing\crazing_248.jpg,3
crazing_253,crazing,val,C:\Users\anmol\OneDrive\Desktop\MobileNetV2\NEU-DET\IMAGES\crazing\crazing_253.jpg,3
crazing_257,crazing,val,C:\Users\anmol\OneDrive\Desktop\MobileNetV2\NEU-DET\IMAGES\crazing\crazing_257.jpg,3
crazing_260,crazing,val,C:\Users\anmol\OneDrive\Desktop\MobileNetV2\NEU-DET\IMAGES\crazing\crazing_260.jpg,2
crazing_267,crazing,val,C:\Users\anmol\OneDrive\Desktop\MobileNetV2\NEU-DET\IMAGES\crazing\crazing_267.jpg,3
crazing_291,crazing,val,C:\Users\anmol\OneDrive\Desktop\MobileNetV2\NEU-DET\IMAGES\crazing\crazing_291.jpg,3
crazing_4,crazing,val,C:\Users\anmol\OneDrive\Desktop\MobileNetV2\NEU-DET\IMAGES\crazing\crazing_4.jpg,2
crazing_42,crazing,val,C:\Users\anmol\OneDrive\Desktop\MobileNetV2\NEU-DET\IMAGES\crazing\crazing_42.jpg,1
crazing_45,crazing,val,C:\Users\anmol\OneDrive\Desktop\MobileNetV2\NEU-DET\IMAGES\crazing\crazing_45.jpg,1
crazing_66,crazing,val,C:\Users\anmol\OneDrive\Desktop\MobileNetV2\NEU-DET\IMAGES\crazing\crazing_66.jpg,2
crazing_74,crazing,val,C:\Users\anmol\OneDrive\Desktop\MobileNetV2\NEU-DET\IMAGES\crazing\crazing_74.jpg,2
crazing_75,crazing,val,C:\Users\anmol\OneDrive\Desktop\MobileNetV2\NEU-DET\IMAGES\crazing\crazing_75.jpg,2
crazing_94,crazing,val,C:\Users\anmol\OneDrive\Desktop\MobileNetV2\NEU-DET\IMAGES\crazing\crazing_94.jpg,2
inclusion_100,inclusion,val,C:\Users\anmol\OneDrive\Desktop\MobileNetV2\NEU-DET\IMAGES\inclusion\inclusion_100.jpg,1
inclusion_122,inclusion,val,C:\Users\anmol\OneDrive\Desktop\MobileNetV2\NEU-DET\IMAGES\inclusion\inclusion_122.jpg,4
inclusion_123,inclusion,val,C:\Users\anmol\OneDrive\Desktop\MobileNetV2\NEU-DET\IMAGES\inclusion\inclusion_123.jpg,2
inclusion_134,inclusion,val,C:\Users\anmol\OneDrive\Desktop\MobileNetV2\NEU-DET\IMAGES\inclusion\inclusion_134.jpg,2
inclusion_146,inclusion,val,C:\Users\anmol\OneDrive\Desktop\MobileNetV2\NEU-DET\IMAGES\inclusion\inclusion_146.jpg,4
inclusion_147,inclusion,val,C:\Users\anmol\OneDrive\Desktop\MobileNetV2\NEU-DET\IMAGES\inclusion\inclusion_147.jpg,3
inclusion_161,inclusion,val,C:\Users\anmol\OneDrive\Desktop\MobileNetV2\NEU-DET\IMAGES\inclusion\inclusion_161.jpg,3
inclusion_168,inclusion,val,C:\Users\anmol\OneDrive\Desktop\MobileNetV2\NEU-DET\IMAGES\inclusion\inclusion_168.jpg,3
inclusion_169,inclusion,val,C:\Users\anmol\OneDrive\Desktop\MobileNetV2\NEU-DET\IMAGES\inclusion\inclusion_169.jpg,3
inclusion_178,inclusion,val,C:\Users\anmol\OneDrive\Desktop\MobileNetV2\NEU-DET\IMAGES\inclusion\inclusion_178.jpg,4
inclusion_20,inclusion,val,C:\Users\anmol\OneDrive\Desktop\MobileNetV2\NEU-DET\IMAGES\inclusion\inclusion_20.jpg,4
inclusion_224,inclusion,val,C:\Users\anmol\OneDrive\Desktop\MobileNetV2\NEU-DET\IMAGES\inclusion\inclusion_224.jpg,2
inclusion_226,inclusion,val,C:\Users\anmol\OneDrive\Desktop\MobileNetV2\NEU-DET\IMAGES\inclusion\inclusion_226.jpg,1
inclusion_238,inclusion,val,C:\Users\anmol\OneDrive\Desktop\MobileNetV2\NEU-DET\IMAGES\inclusion\inclusion_238.jpg,2
inclusion_24,inclusion,val,C:\Users\anmol\OneDrive\Desktop\MobileNetV2\NEU-DET\IMAGES\inclusion\inclusion_24.jpg,6
inclusion_25,inclusion,val,C:\Users\anmol\OneDrive\Desktop\MobileNetV2\NEU-DET\IMAGES\inclusion\inclusion_25.jpg,5
inclusion_251,inclusion,val,C:\Users\anmol\OneDrive\Desktop\MobileNetV2\NEU-DET\IMAGES\inclusion\inclusion_251.jpg,1
inclusion_252,inclusion,val,C:\Users\anmol\OneDrive\Desktop\MobileNetV2\NEU-DET\IMAGES\inclusion\inclusion_252.jpg,2
inclusion_261,inclusion,val,C:\Users\anmol\OneDrive\Desktop\MobileNetV2\NEU-DET\IMAGES\inclusion\inclusion_261.jpg,2
inclusion_264,inclusion,val,C:\Users\anmol\OneDrive\Desktop\MobileNetV2\NEU-DET\IMAGES\inclusion\inclusion_264.jpg,4
inclusion_270,inclusion,val,C:\Users\anmol\OneDrive\Desktop\MobileNetV2\NEU-DET\IMAGES\inclusion\inclusion_270.jpg,1
inclusion_288,inclusion,val,C:\Users\anmol\OneDrive\Desktop\MobileNetV2\NEU-DET\IMAGES\inclusion\inclusion_288.jpg,2
inclusion_291,inclusion,val,C:\Users\anmol\OneDrive\Desktop\MobileNetV2\NEU-DET\IMAGES\inclusion\inclusion_291.jpg,4
inclusion_33,inclusion,val,C:\Users\anmol\OneDrive\Desktop\MobileNetV2\NEU-DET\IMAGES\inclusion\inclusion_33.jpg,3
inclusion_46,inclusion,val,C:\Users\anmol\OneDrive\Desktop\MobileNetV2\NEU-DET\IMAGES\inclusion\inclusion_46.jpg,2
inclusion_54,inclusion,val,C:\Users\anmol\OneDrive\Desktop\MobileNetV2\NEU-DET\IMAGES\inclusion\inclusion_54.jpg,2
inclusion_67,inclusion,val,C:\Users\anmol\OneDrive\Desktop\MobileNetV2\NEU-DET\IMAGES\inclusion\inclusion_67.jpg,4
inclusion_78,inclusion,val,C:\Users\anmol\OneDrive\Desktop\MobileNetV2\NEU-DET\IMAGES\inclusion\inclusion_78.jpg,3
inclusion_8,inclusion,val,C:\Users\anmol\OneDrive\Desktop\MobileNetV2\NEU-DET\IMAGES\inclusion\inclusion_8.jpg,2
inclusion_84,inclusion,val,C:\Users\anmol\OneDrive\Desktop\MobileNetV2\NEU-DET\IMAGES\inclusion\inclusion_84.jpg,6
patches_104,patches,val,C:\Users\anmol\OneDrive\Desktop\MobileNetV2\NEU-DET\IMAGES\patches\patches_104.jpg,4
patches_105,patches,val,C:\Users\anmol\OneDrive\Desktop\MobileNetV2\NEU-DET\IMAGES\patches\patches_105.jpg,3
patches_137,patches,val,C:\Users\anmol\OneDrive\Desktop\MobileNetV2\NEU-DET\IMAGES\patches\patches_137.jpg,2
patches_15,patches,val,C:\Users\anmol\OneDrive\Desktop\MobileNetV2\NEU-DET\IMAGES\patches\patches_15.jpg,2
patches_161,patches,val,C:\Users\anmol\OneDrive\Desktop\MobileNetV2\NEU-DET\IMAGES\patches\patches_161.jpg,1
patches_177,patches,val,C:\Users\anmol\OneDrive\Desktop\MobileNetV2\NEU-DET\IMAGES\patches\patches_177.jpg,3
patches_19,patches,val,C:\Users\anmol\OneDrive\Desktop\MobileNetV2\NEU-DET\IMAGES\patches\patches_19.jpg,4
patches_192,patches,val,C:\Users\anmol\OneDrive\Desktop\MobileNetV2\NEU-DET\IMAGES\patches\patches_192.jpg,4
patches_2,patches,val,C:\Users\anmol\OneDrive\Desktop\MobileNetV2\NEU-DET\IMAGES\patches\patches_2.jpg,3
patches_206,patches,val,C:\Users\anmol\OneDrive\Desktop\MobileNetV2\NEU-DET\IMAGES\patches\patches_206.jpg,4
patches_210,patches,val,C:\Users\anmol\OneDrive\Desktop\MobileNetV2\NEU-DET\IMAGES\patches\patches_210.jpg,3
patches_221,patches,val,C:\Users\anmol\OneDrive\Desktop\MobileNetV2\NEU-DET\IMAGES\patches\patches_221.jpg,3
patches_229,patches,val,C:\Users\anmol\OneDrive\Desktop\MobileNetV2\NEU-DET\IMAGES\patches\patches_229.jpg,3
patches_235,patches,val,C:\Users\anmol\OneDrive\Desktop\MobileNetV2\NEU-DET\IMAGES\patches\patches_235.jpg,3
patches_238,patches,val,C:\Users\anmol\OneDrive\Desktop\MobileNetV2\NEU-DET\IMAGES\patches\patches_238.jpg,2
patches_242,patches,val,C:\Users\anmol\OneDrive\Desktop\MobileNetV2\NEU-DET\IMAGES\patches\patches_242.jpg,3
patches_255,patches,val,C:\Users\anmol\OneDrive\Desktop\MobileNetV2\NEU-DET\IMAGES\patches\patches_255.jpg,3
patches_266,patches,val,C:\Users\anmol\OneDrive\Desktop\MobileNetV2\NEU-DET\IMAGES\patches\patches_266.jpg,3
patches_283,patches,val,C:\Users\anmol\OneDrive\Desktop\MobileNetV2\NEU-DET\IMAGES\patches\patches_283.jpg,4
patches_298,patches,val,C:\Users\anmol\OneDrive\Desktop\MobileNetV2\NEU-DET\IMAGES\patches\patches_298.jpg,4
patches_35,patches,val,C:\Users\anmol\OneDrive\Desktop\MobileNetV2\NEU-DET\IMAGES\patches\patches_35.jpg,3
patches_4,patches,val,C:\Users\anmol\OneDrive\Desktop\MobileNetV2\NEU-DET\IMAGES\patches\patches_4.jpg,2
patches_40,patches,val,C:\Users\anmol\OneDrive\Desktop\MobileNetV2\NEU-DET\IMAGES\patches\patches_40.jpg,2
patches_65,patches,val,C:\Users\anmol\OneDrive\Desktop\MobileNetV2\NEU-DET\IMAGES\patches\patches_65.jpg,1
patches_66,patches,val,C:\Users\anmol\OneDrive\Desktop\MobileNetV2\NEU-DET\IMAGES\patches\patches_66.jpg,2
patches_77,patches,val,C:\Users\anmol\OneDrive\Desktop\MobileNetV2\NEU-DET\IMAGES\patches\patches_77.jpg,3
patches_78,patches,val,C:\Users\anmol\OneDrive\Desktop\MobileNetV2\NEU-DET\IMAGES\patches\patches_78.jpg,3
patches_84,patches,val,C:\Users\anmol\OneDrive\Desktop\MobileNetV2\NEU-DET\IMAGES\patches\patches_84.jpg,3
patches_85,patches,val,C:\Users\anmol\OneDrive\Desktop\MobileNetV2\NEU-DET\IMAGES\patches\patches_85.jpg,2
patches_94,patches,val,C:\Users\anmol\OneDrive\Desktop\MobileNetV2\NEU-DET\IMAGES\patches\patches_94.jpg,1
pitted_surface_112,pitted_surface,val,C:\Users\anmol\OneDrive\Desktop\MobileNetV2\NEU-DET\IMAGES\pitted_surface\pitted_surface_112.jpg,4
pitted_surface_115,pitted_surface,val,C:\Users\anmol\OneDrive\Desktop\MobileNetV2\NEU-DET\IMAGES\pitted_surface\pitted_surface_115.jpg,2
pitted_surface_117,pitted_surface,val,C:\Users\anmol\OneDrive\Desktop\MobileNetV2\NEU-DET\IMAGES\pitted_surface\pitted_surface_117.jpg,3
pitted_surface_127,pitted_surface,val,C:\Users\anmol\OneDrive\Desktop\MobileNetV2\NEU-DET\IMAGES\pitted_surface\pitted_surface_127.jpg,2
pitted_surface_137,pitted_surface,val,C:\Users\anmol\OneDrive\Desktop\MobileNetV2\NEU-DET\IMAGES\pitted_surface\pitted_surface_137.jpg,2
pitted_surface_150,pitted_surface,val,C:\Users\anmol\OneDrive\Desktop\MobileNetV2\NEU-DET\IMAGES\pitted_surface\pitted_surface_150.jpg,4
pitted_surface_160,pitted_surface,val,C:\Users\anmol\OneDrive\Desktop\MobileNetV2\NEU-DET\IMAGES\pitted_surface\pitted_surface_160.jpg,2
pitted_surface_161,pitted_surface,val,C:\Users\anmol\OneDrive\Desktop\MobileNetV2\NEU-DET\IMAGES\pitted_surface\pitted_surface_161.jpg,2
pitted_surface_165,pitted_surface,val,C:\Users\anmol\OneDrive\Desktop\MobileNetV2\NEU-DET\IMAGES\pitted_surface\pitted_surface_165.jpg,2
pitted_surface_17,pitted_surface,val,C:\Users\anmol\OneDrive\Desktop\MobileNetV2\NEU-DET\IMAGES\pitted_surface\pitted_surface_17.jpg,1
pitted_surface_192,pitted_surface,val,C:\Users\anmol\OneDrive\Desktop\MobileNetV2\NEU-DET\IMAGES\pitted_surface\pitted_surface_192.jpg,1
pitted_surface_20,pitted_surface,val,C:\Users\anmol\OneDrive\Desktop\MobileNetV2\NEU-DET\IMAGES\pitted_surface\pitted_surface_20.jpg,2
pitted_surface_206,pitted_surface,val,C:\Users\anmol\OneDrive\Desktop\MobileNetV2\NEU-DET\IMAGES\pitted_surface\pitted_surface_206.jpg,1
pitted_surface_212,pitted_surface,val,C:\Users\anmol\OneDrive\Desktop\MobileNetV2\NEU-DET\IMAGES\pitted_surface\pitted_surface_212.jpg,1
pitted_surface_214,pitted_surface,val,C:\Users\anmol\OneDrive\Desktop\MobileNetV2\NEU-DET\IMAGES\pitted_surface\pitted_surface_214.jpg,3
pitted_surface_223,pitted_surface,val,C:\Users\anmol\OneDrive\Desktop\MobileNetV2\NEU-DET\IMAGES\pitted_surface\pitted_surface_223.jpg,3
pitted_surface_23,pitted_surface,val,C:\Users\anmol\OneDrive\Desktop\MobileNetV2\NEU-DET\IMAGES\pitted_surface\pitted_surface_23.jpg,1
pitted_surface_248,pitted_surface,val,C:\Users\anmol\OneDrive\Desktop\MobileNetV2\NEU-DET\IMAGES\pitted_surface\pitted_surface_248.jpg,2
pitted_surface_258,pitted_surface,val,C:\Users\anmol\OneDrive\Desktop\MobileNetV2\NEU-DET\IMAGES\pitted_surface\pitted_surface_258.jpg,2
pitted_surface_260,pitted_surface,val,C:\Users\anmol\OneDrive\Desktop\MobileNetV2\NEU-DET\IMAGES\pitted_surface\pitted_surface_260.jpg,1
pitted_surface_271,pitted_surface,val,C:\Users\anmol\OneDrive\Desktop\MobileNetV2\NEU-DET\IMAGES\pitted_surface\pitted_surface_271.jpg,2
pitted_surface_29,pitted_surface,val,C:\Users\anmol\OneDrive\Desktop\MobileNetV2\NEU-DET\IMAGES\pitted_surface\pitted_surface_29.jpg,1
pitted_surface_3,pitted_surface,val,C:\Users\anmol\OneDrive\Desktop\MobileNetV2\NEU-DET\IMAGES\pitted_surface\pitted_surface_3.jpg,2
pitted_surface_4,pitted_surface,val,C:\Users\anmol\OneDrive\Desktop\MobileNetV2\NEU-DET\IMAGES\pitted_surface\pitted_surface_4.jpg,1
pitted_surface_53,pitted_surface,val,C:\Users\anmol\OneDrive\Desktop\MobileNetV2\NEU-DET\IMAGES\pitted_surface\pitted_surface_53.jpg,1
pitted_surface_59,pitted_surface,val,C:\Users\anmol\OneDrive\Desktop\MobileNetV2\NEU-DET\IMAGES\pitted_surface\pitted_surface_59.jpg,2
pitted_surface_6,pitted_surface,val,C:\Users\anmol\OneDrive\Desktop\MobileNetV2\NEU-DET\IMAGES\pitted_surface\pitted_surface_6.jpg,1
pitted_surface_80,pitted_surface,val,C:\Users\anmol\OneDrive\Desktop\MobileNetV2\NEU-DET\IMAGES\pitted_surface\pitted_surface_80.jpg,2
pitted_surface_84,pitted_surface,val,C:\Users\anmol\OneDrive\Desktop\MobileNetV2\NEU-DET\IMAGES\pitted_surface\pitted_surface_84.jpg,1
pitted_surface_93,pitted_surface,val,C:\Users\anmol\OneDrive\Desktop\MobileNetV2\NEU-DET\IMAGES\pitted_surface\pitted_surface_93.jpg,2
rolled-in_scale_106,rolled-in_scale,val,C:\Users\anmol\OneDrive\Desktop\MobileNetV2\NEU-DET\IMAGES\rolled-in_scale\rolled-in_scale_106.jpg,2
rolled-in_scale_108,rolled-in_scale,val,C:\Users\anmol\OneDrive\Desktop\MobileNetV2\NEU-DET\IMAGES\rolled-in_scale\rolled-in_scale_108.jpg,2
rolled-in_scale_12,rolled-in_scale,val,C:\Users\anmol\OneDrive\Desktop\MobileNetV2\NEU-DET\IMAGES\rolled-in_scale\rolled-in_scale_12.jpg,2
rolled-in_scale_129,rolled-in_scale,val,C:\Users\anmol\OneDrive\Desktop\MobileNetV2\NEU-DET\IMAGES\rolled-in_scale\rolled-in_scale_129.jpg,1
rolled-in_scale_137,rolled-in_scale,val,C:\Users\anmol\OneDrive\Desktop\MobileNetV2\NEU-DET\IMAGES\rolled-in_scale\rolled-in_scale_137.jpg,2
rolled-in_scale_139,rolled-in_scale,val,C:\Users\anmol\OneDrive\Desktop\MobileNetV2\NEU-DET\IMAGES\rolled-in_scale\rolled-in_scale_139.jpg,2
rolled-in_scale_145,rolled-in_scale,val,C:\Users\anmol\OneDrive\Desktop\MobileNetV2\NEU-DET\IMAGES\rolled-in_scale\rolled-in_scale_145.jpg,2
rolled-in_scale_158,rolled-in_scale,val,C:\Users\anmol\OneDrive\Desktop\MobileNetV2\NEU-DET\IMAGES\rolled-in_scale\rolled-in_scale_158.jpg,1
rolled-in_scale_161,rolled-in_scale,val,C:\Users\anmol\OneDrive\Desktop\MobileNetV2\NEU-DET\IMAGES\rolled-in_scale\rolled-in_scale_161.jpg,2
rolled-in_scale_167,rolled-in_scale,val,C:\Users\anmol\OneDrive\Desktop\MobileNetV2\NEU-DET\IMAGES\rolled-in_scale\rolled-in_scale_167.jpg,2
rolled-in_scale_170,rolled-in_scale,val,C:\Users\anmol\OneDrive\Desktop\MobileNetV2\NEU-DET\IMAGES\rolled-in_scale\rolled-in_scale_170.jpg,2
rolled-in_scale_174,rolled-in_scale,val,C:\Users\anmol\OneDrive\Desktop\MobileNetV2\NEU-DET\IMAGES\rolled-in_scale\rolled-in_scale_174.jpg,1
rolled-in_scale_183,rolled-in_scale,val,C:\Users\anmol\OneDrive\Desktop\MobileNetV2\NEU-DET\IMAGES\rolled-in_scale\rolled-in_scale_183.jpg,3
rolled-in_scale_195,rolled-in_scale,val,C:\Users\anmol\OneDrive\Desktop\MobileNetV2\NEU-DET\IMAGES\rolled-in_scale\rolled-in_scale_195.jpg,1
rolled-in_scale_220,rolled-in_scale,val,C:\Users\anmol\OneDrive\Desktop\MobileNetV2\NEU-DET\IMAGES\rolled-in_scale\rolled-in_scale_220.jpg,1
rolled-in_scale_223,rolled-in_scale,val,C:\Users\anmol\OneDrive\Desktop\MobileNetV2\NEU-DET\IMAGES\rolled-in_scale\rolled-in_scale_223.jpg,2
rolled-in_scale_232,rolled-in_scale,val,C:\Users\anmol\OneDrive\Desktop\MobileNetV2\NEU-DET\IMAGES\rolled-in_scale\rolled-in_scale_232.jpg,1
rolled-in_scale_268,rolled-in_scale,val,C:\Users\anmol\OneDrive\Desktop\MobileNetV2\NEU-DET\IMAGES\rolled-in_scale\rolled-in_scale_268.jpg,2
rolled-in_scale_271,rolled-in_scale,val,C:\Users\anmol\OneDrive\Desktop\MobileNetV2\NEU-DET\IMAGES\rolled-in_scale\rolled-in_scale_271.jpg,2
rolled-in_scale_280,rolled-in_scale,val,C:\Users\anmol\OneDrive\Desktop\MobileNetV2\NEU-DET\IMAGES\rolled-in_scale\rolled-in_scale_280.jpg,2
rolled-in_scale_285,rolled-in_scale,val,C:\Users\anmol\OneDrive\Desktop\MobileNetV2\NEU-DET\IMAGES\rolled-in_scale\rolled-in_scale_285.jpg,2
rolled-in_scale_29,rolled-in_scale,val,C:\Users\anmol\OneDrive\Desktop\MobileNetV2\NEU-DET\IMAGES\rolled-in_scale\rolled-in_scale_29.jpg,3
rolled-in_scale_290,rolled-in_scale,val,C:\Users\anmol\OneDrive\Desktop\MobileNetV2\NEU-DET\IMAGES\rolled-in_scale\rolled-in_scale_290.jpg,2
rolled-in_scale_35,rolled-in_scale,val,C:\Users\anmol\OneDrive\Desktop\MobileNetV2\NEU-DET\IMAGES\rolled-in_scale\rolled-in_scale_35.jpg,3
rolled-in_scale_42,rolled-in_scale,val,C:\Users\anmol\OneDrive\Desktop\MobileNetV2\NEU-DET\IMAGES\rolled-in_scale\rolled-in_scale_42.jpg,2
rolled-in_scale_47,rolled-in_scale,val,C:\Users\anmol\OneDrive\Desktop\MobileNetV2\NEU-DET\IMAGES\rolled-in_scale\rolled-in_scale_47.jpg,2
rolled-in_scale_6,rolled-in_scale,val,C:\Users\anmol\OneDrive\Desktop\MobileNetV2\NEU-DET\IMAGES\rolled-in_scale\rolled-in_scale_6.jpg,3
rolled-in_scale_78,rolled-in_scale,val,C:\Users\anmol\OneDrive\Desktop\MobileNetV2\NEU-DET\IMAGES\rolled-in_scale\rolled-in_scale_78.jpg,2
rolled-in_scale_79,rolled-in_scale,val,C:\Users\anmol\OneDrive\Desktop\MobileNetV2\NEU-DET\IMAGES\rolled-in_scale\rolled-in_scale_79.jpg,2
rolled-in_scale_95,rolled-in_scale,val,C:\Users\anmol\OneDrive\Desktop\MobileNetV2\NEU-DET\IMAGES\rolled-in_scale\rolled-in_scale_95.jpg,2
scratches_11,scratches,val,C:\Users\anmol\OneDrive\Desktop\MobileNetV2\NEU-DET\IMAGES\scratches\scratches_11.jpg,2
scratches_117,scratches,val,C:\Users\anmol\OneDrive\Desktop\MobileNetV2\NEU-DET\IMAGES\scratches\scratches_117.jpg,3
scratches_118,scratches,val,C:\Users\anmol\OneDrive\Desktop\MobileNetV2\NEU-DET\IMAGES\scratches\scratches_118.jpg,3
scratches_134,scratches,val,C:\Users\anmol\OneDrive\Desktop\MobileNetV2\NEU-DET\IMAGES\scratches\scratches_134.jpg,1
scratches_135,scratches,val,C:\Users\anmol\OneDrive\Desktop\MobileNetV2\NEU-DET\IMAGES\scratches\scratches_135.jpg,2
scratches_161,scratches,val,C:\Users\anmol\OneDrive\Desktop\MobileNetV2\NEU-DET\IMAGES\scratches\scratches_161.jpg,2
scratches_174,scratches,val,C:\Users\anmol\OneDrive\Desktop\MobileNetV2\NEU-DET\IMAGES\scratches\scratches_174.jpg,3
scratches_178,scratches,val,C:\Users\anmol\OneDrive\Desktop\MobileNetV2\NEU-DET\IMAGES\scratches\scratches_178.jpg,1
scratches_184,scratches,val,C:\Users\anmol\OneDrive\Desktop\MobileNetV2\NEU-DET\IMAGES\scratches\scratches_184.jpg,1
scratches_195,scratches,val,C:\Users\anmol\OneDrive\Desktop\MobileNetV2\NEU-DET\IMAGES\scratches\scratches_195.jpg,1
scratches_200,scratches,val,C:\Users\anmol\OneDrive\Desktop\MobileNetV2\NEU-DET\IMAGES\scratches\scratches_200.jpg,1
scratches_210,scratches,val,C:\Users\anmol\OneDrive\Desktop\MobileNetV2\NEU-DET\IMAGES\scratches\scratches_210.jpg,5
scratches_23,scratches,val,C:\Users\anmol\OneDrive\Desktop\MobileNetV2\NEU-DET\IMAGES\scratches\scratches_23.jpg,3
scratches_236,scratches,val,C:\Users\anmol\OneDrive\Desktop\MobileNetV2\NEU-DET\IMAGES\scratches\scratches_236.jpg,4
scratches_239,scratches,val,C:\Users\anmol\OneDrive\Desktop\MobileNetV2\NEU-DET\IMAGES\scratches\scratches_239.jpg,3
scratches_251,scratches,val,C:\Users\anmol\OneDrive\Desktop\MobileNetV2\NEU-DET\IMAGES\scratches\scratches_251.jpg,2
scratches_254,scratches,val,C:\Users\anmol\OneDrive\Desktop\MobileNetV2\NEU-DET\IMAGES\scratches\scratches_254.jpg,1
scratches_265,scratches,val,C:\Users\anmol\OneDrive\Desktop\MobileNetV2\NEU-DET\IMAGES\scratches\scratches_265.jpg,2
scratches_273,scratches,val,C:\Users\anmol\OneDrive\Desktop\MobileNetV2\NEU-DET\IMAGES\scratches\scratches_273.jpg,3
scratches_278,scratches,val,C:\Users\anmol\OneDrive\Desktop\MobileNetV2\NEU-DET\IMAGES\scratches\scratches_278.jpg,3
scratches_298,scratches,val,C:\Users\anmol\OneDrive\Desktop\MobileNetV2\NEU-DET\IMAGES\scratches\scratches_298.jpg,1
scratches_31,scratches,val,C:\Users\anmol\OneDrive\Desktop\MobileNetV2\NEU-DET\IMAGES\scratches\scratches_31.jpg,2
scratches_32,scratches,val,C:\Users\anmol\OneDrive\Desktop\MobileNetV2\NEU-DET\IMAGES\scratches\scratches_32.jpg,4
scratches_43,scratches,val,C:\Users\anmol\OneDrive\Desktop\MobileNetV2\NEU-DET\IMAGES\scratches\scratches_43.jpg,1
scratches_48,scratches,val,C:\Users\anmol\OneDrive\Desktop\MobileNetV2\NEU-DET\IMAGES\scratches\scratches_48.jpg,2
scratches_63,scratches,val,C:\Users\anmol\OneDrive\Desktop\MobileNetV2\NEU-DET\IMAGES\scratches\scratches_63.jpg,1
scratches_68,scratches,val,C:\Users\anmol\OneDrive\Desktop\MobileNetV2\NEU-DET\IMAGES\scratches\scratches_68.jpg,3
scratches_69,scratches,val,C:\Users\anmol\OneDrive\Desktop\MobileNetV2\NEU-DET\IMAGES\scratches\scratches_69.jpg,2
scratches_77,scratches,val,C:\Users\anmol\OneDrive\Desktop\MobileNetV2\NEU-DET\IMAGES\scratches\scratches_77.jpg,2
scratches_78,scratches,val,C:\Users\anmol\OneDrive\Desktop\MobileNetV2\NEU-DET\IMAGES\scratches\scratches_78.jpg,3
