stem,class,split,path,n_boxes
crease__img_01_4402116900_00003,crease,test,C:\Users\anmol\OneDrive\Desktop\MobileNetV2\GC10-DET_PREPARED\IMAGES\crease\crease__img_01_4402116900_00003.jpg,1
crease__img_01_4402117100_00006,crease,test,C:\Users\anmol\OneDrive\Desktop\MobileNetV2\GC10-DET_PREPARED\IMAGES\crease\crease__img_01_4402117100_00006.jpg,1
crease__img_01_4402270500_00003,crease,test,C:\Users\anmol\OneDrive\Desktop\MobileNetV2\GC10-DET_PREPARED\IMAGES\crease\crease__img_01_4402270500_00003.jpg,6
crease__img_01_4402270500_00004,crease,test,C:\Users\anmol\OneDrive\Desktop\MobileNetV2\GC10-DET_PREPARED\IMAGES\crease\crease__img_01_4402270500_00004.jpg,2
crease__img_02_425613700_00758,crease,test,C:\Users\anmol\OneDrive\Desktop\MobileNetV2\GC10-DET_PREPARED\IMAGES\crease\crease__img_02_425613700_00758.jpg,1
crease__img_02_4402116700_00002,crease,test,C:\Users\anmol\OneDrive\Desktop\MobileNetV2\GC10-DET_PREPARED\IMAGES\crease\crease__img_02_4402116700_00002.jpg,1
crease__img_03_4405964900_00010,crease,test,C:\Users\anmol\OneDrive\Desktop\MobileNetV2\GC10-DET_PREPARED\IMAGES\crease\crease__img_03_4405964900_00010.jpg,2
crease__img_05_4402826400_01261,crease,test,C:\Users\anmol\OneDrive\Desktop\MobileNetV2\GC10-DET_PREPARED\IMAGES\crease\crease__img_05_4402826400_01261.jpg,3
crease__img_05_4405381400_00774,crease,test,C:\Users\anmol\OneDrive\Desktop\MobileNetV2\GC10-DET_PREPARED\IMAGES\crease\crease__img_05_4405381400_00774.jpg,1
crease__img_07_4405376700_00809,crease,test,C:\Users\anmol\OneDrive\Desktop\MobileNetV2\GC10-DET_PREPARED\IMAGES\crease\crease__img_07_4405376700_00809.jpg,1
crease__img_07_4405376700_00815,crease,test,C:\Users\anmol\OneDrive\Desktop\MobileNetV2\GC10-DET_PREPARED\IMAGES\crease\crease__img_07_4405376700_00815.jpg,1
crescent_gap__img_01_3402617700_00001,crescent_gap,test,C:\Users\anmol\OneDrive\Desktop\MobileNetV2\GC10-DET_PREPARED\IMAGES\crescent_gap\crescent_gap__img_01_3402617700_00001.jpg,1
crescent_gap__img_01_424826800_00003,crescent_gap,test,C:\Users\anmol\OneDrive\Desktop\MobileNetV2\GC10-DET_PREPARED\IMAGES\crescent_gap\crescent_gap__img_01_424826800_00003.jpg,1
crescent_gap__img_01_425006200_01173,crescent_gap,test,C:\Users\anmol\OneDrive\Desktop\MobileNetV2\GC10-DET_PREPARED\IMAGES\crescent_gap\crescent_gap__img_01_425006200_01173.jpg,1
crescent_gap__img_01_425007600_01072,crescent_gap,test,C:\Users\anmol\OneDrive\Desktop\MobileNetV2\GC10-DET_PREPARED\IMAGES\crescent_gap\crescent_gap__img_01_425007600_01072.jpg,2
crescent_gap__img_01_425502200_00018,crescent_gap,test,C:\Users\anmol\OneDrive\Desktop\MobileNetV2\GC10-DET_PREPARED\IMAGES\crescent_gap\crescent_gap__img_01_425502200_00018.jpg,2
crescent_gap__img_01_425502900_00018,crescent_gap,test,C:\Users\anmol\OneDrive\Desktop\MobileNetV2\GC10-DET_PREPARED\IMAGES\crescent_gap\crescent_gap__img_01_425502900_00018.jpg,1
crescent_gap__img_01_425503000_00018,crescent_gap,test,C:\Users\anmol\OneDrive\Desktop\MobileNetV2\GC10-DET_PREPARED\IMAGES\crescent_gap\crescent_gap__img_01_425503000_00018.jpg,2
crescent_gap__img_01_425616300_00001,crescent_gap,test,C:\Users\anmol\OneDrive\Desktop\MobileNetV2\GC10-DET_PREPARED\IMAGES\crescent_gap\crescent_gap__img_01_425616300_00001.jpg,2
crescent_gap__img_01_425637800_00001,crescent_gap,test,C:\Users\anmol\OneDrive\Desktop\MobileNetV2\GC10-DET_PREPARED\IMAGES\crescent_gap\crescent_gap__img_01_425637800_00001.jpg,3
crescent_gap__img_04_3402618000_00001,crescent_gap,test,C:\Users\anmol\OneDrive\Desktop\MobileNetV2\GC10-DET_PREPARED\IMAGES\crescent_gap\crescent_gap__img_04_3402618000_00001.jpg,1
crescent_gap__img_04_425501700_00018,crescent_gap,test,C:\Users\anmol\OneDrive\Desktop\MobileNetV2\GC10-DET_PREPARED\IMAGES\crescent_gap\crescent_gap__img_04_425501700_00018.jpg,1
crescent_gap__img_04_425501900_00018,crescent_gap,test,C:\Users\anmol\OneDrive\Desktop\MobileNetV2\GC10-DET_PREPARED\IMAGES\crescent_gap\crescent_gap__img_04_425501900_00018.jpg,2
crescent_gap__img_04_425502100_00017,crescent_gap,test,C:\Users\anmol\OneDrive\Desktop\MobileNetV2\GC10-DET_PREPARED\IMAGES\crescent_gap\crescent_gap__img_04_425502100_00017.jpg,1
crescent_gap__img_04_425502600_00017,crescent_gap,test,C:\Users\anmol\OneDrive\Desktop\MobileNetV2\GC10-DET_PREPARED\IMAGES\crescent_gap\crescent_gap__img_04_425502600_00017.jpg,2
crescent_gap__img_04_425502700_00016,crescent_gap,test,C:\Users\anmol\OneDrive\Desktop\MobileNetV2\GC10-DET_PREPARED\IMAGES\crescent_gap\crescent_gap__img_04_425502700_00016.jpg,1
crescent_gap__img_04_425503600_00017,crescent_gap,test,C:\Users\anmol\OneDrive\Desktop\MobileNetV2\GC10-DET_PREPARED\IMAGES\crescent_gap\crescent_gap__img_04_425503600_00017.jpg,2
crescent_gap__img_04_425613500_00001,crescent_gap,test,C:\Users\anmol\OneDrive\Desktop\MobileNetV2\GC10-DET_PREPARED\IMAGES\crescent_gap\crescent_gap__img_04_425613500_00001.jpg,1
crescent_gap__img_04_425622400_00002,crescent_gap,test,C:\Users\anmol\OneDrive\Desktop\MobileNetV2\GC10-DET_PREPARED\IMAGES\crescent_gap\crescent_gap__img_04_425622400_00002.jpg,1
crescent_gap__img_04_425640100_00875,crescent_gap,test,C:\Users\anmol\OneDrive\Desktop\MobileNetV2\GC10-DET_PREPARED\IMAGES\crescent_gap\crescent_gap__img_04_425640100_00875.jpg,2
crescent_gap__img_04_436068600_00001,crescent_gap,test,C:\Users\anmol\OneDrive\Desktop\MobileNetV2\GC10-DET_PREPARED\IMAGES\crescent_gap\crescent_gap__img_04_436068600_00001.jpg,2
crescent_gap__img_05_424798500_01234,crescent_gap,test,C:\Users\anmol\OneDrive\Desktop\MobileNetV2\GC10-DET_PREPARED\IMAGES\crescent_gap\crescent_gap__img_05_424798500_01234.jpg,1
crescent_gap__img_05_424798500_01235,crescent_gap,test,C:\Users\anmol\OneDrive\Desktop\MobileNetV2\GC10-DET_PREPARED\IMAGES\crescent_gap\crescent_gap__img_05_424798500_01235.jpg,1
crescent_gap__img_05_425503800_00052,crescent_gap,test,C:\Users\anmol\OneDrive\Desktop\MobileNetV2\GC10-DET_PREPARED\IMAGES\crescent_gap\crescent_gap__img_05_425503800_00052.jpg,1
crescent_gap__img_05_425503800_00053,crescent_gap,test,C:\Users\anmol\OneDrive\Desktop\MobileNetV2\GC10-DET_PREPARED\IMAGES\crescent_gap\crescent_gap__img_05_425503800_00053.jpg,1
crescent_gap__img_05_425505100_00052,crescent_gap,test,C:\Users\anmol\OneDrive\Desktop\MobileNetV2\GC10-DET_PREPARED\IMAGES\crescent_gap\crescent_gap__img_05_425505100_00052.jpg,1
crescent_gap__img_05_425506100_00052,crescent_gap,test,C:\Users\anmol\OneDrive\Desktop\MobileNetV2\GC10-DET_PREPARED\IMAGES\crescent_gap\crescent_gap__img_05_425506100_00052.jpg,1
crescent_gap__img_05_425622400_00001,crescent_gap,test,C:\Users\anmol\OneDrive\Desktop\MobileNetV2\GC10-DET_PREPARED\IMAGES\crescent_gap\crescent_gap__img_05_425622400_00001.jpg,1
crescent_gap__img_05_425637900_00899,crescent_gap,test,C:\Users\anmol\OneDrive\Desktop\MobileNetV2\GC10-DET_PREPARED\IMAGES\crescent_gap\crescent_gap__img_05_425637900_00899.jpg,2
crescent_gap__img_05_436068100_00002,crescent_gap,test,C:\Users\anmol\OneDrive\Desktop\MobileNetV2\GC10-DET_PREPARED\IMAGES\crescent_gap\crescent_gap__img_05_436068100_00002.jpg,1
crescent_gap__img_05_4406772100_00001,crescent_gap,test,C:\Users\anmol\OneDrive\Desktop\MobileNetV2\GC10-DET_PREPARED\IMAGES\crescent_gap\crescent_gap__img_05_4406772100_00001.jpg,2
crescent_gap__img_08_424799400_01079,crescent_gap,test,C:\Users\anmol\OneDrive\Desktop\MobileNetV2\GC10-DET_PREPARED\IMAGES\crescent_gap\crescent_gap__img_08_424799400_01079.jpg,1
crescent_gap__img_08_424799400_01080,crescent_gap,test,C:\Users\anmol\OneDrive\Desktop\MobileNetV2\GC10-DET_PREPARED\IMAGES\crescent_gap\crescent_gap__img_08_424799400_01080.jpg,1
crescent_gap__img_08_424799600_00001,crescent_gap,test,C:\Users\anmol\OneDrive\Desktop\MobileNetV2\GC10-DET_PREPARED\IMAGES\crescent_gap\crescent_gap__img_08_424799600_00001.jpg,2
crescent_gap__img_08_425006600_00930,crescent_gap,test,C:\Users\anmol\OneDrive\Desktop\MobileNetV2\GC10-DET_PREPARED\IMAGES\crescent_gap\crescent_gap__img_08_425006600_00930.jpg,2
crescent_gap__img_08_425244400_00900,crescent_gap,test,C:\Users\anmol\OneDrive\Desktop\MobileNetV2\GC10-DET_PREPARED\IMAGES\crescent_gap\crescent_gap__img_08_425244400_00900.jpg,2
crescent_gap__img_08_425502600_00052,crescent_gap,test,C:\Users\anmol\OneDrive\Desktop\MobileNetV2\GC10-DET_PREPARED\IMAGES\crescent_gap\crescent_gap__img_08_425502600_00052.jpg,1
crescent_gap__img_08_425502700_00052,crescent_gap,test,C:\Users\anmol\OneDrive\Desktop\MobileNetV2\GC10-DET_PREPARED\IMAGES\crescent_gap\crescent_gap__img_08_425502700_00052.jpg,2
crescent_gap__img_08_425502900_00053,crescent_gap,test,C:\Users\anmol\OneDrive\Desktop\MobileNetV2\GC10-DET_PREPARED\IMAGES\crescent_gap\crescent_gap__img_08_425502900_00053.jpg,1
crescent_gap__img_08_425503100_00053,crescent_gap,test,C:\Users\anmol\OneDrive\Desktop\MobileNetV2\GC10-DET_PREPARED\IMAGES\crescent_gap\crescent_gap__img_08_425503100_00053.jpg,2
crescent_gap__img_08_425503600_00053,crescent_gap,test,C:\Users\anmol\OneDrive\Desktop\MobileNetV2\GC10-DET_PREPARED\IMAGES\crescent_gap\crescent_gap__img_08_425503600_00053.jpg,2
crescent_gap__img_08_425505100_00053,crescent_gap,test,C:\Users\anmol\OneDrive\Desktop\MobileNetV2\GC10-DET_PREPARED\IMAGES\crescent_gap\crescent_gap__img_08_425505100_00053.jpg,2
crescent_gap__img_08_425505500_00052,crescent_gap,test,C:\Users\anmol\OneDrive\Desktop\MobileNetV2\GC10-DET_PREPARED\IMAGES\crescent_gap\crescent_gap__img_08_425505500_00052.jpg,1
crescent_gap__img_08_436068100_00003,crescent_gap,test,C:\Users\anmol\OneDrive\Desktop\MobileNetV2\GC10-DET_PREPARED\IMAGES\crescent_gap\crescent_gap__img_08_436068100_00003.jpg,2
crescent_gap__img_08_436068100_00004,crescent_gap,test,C:\Users\anmol\OneDrive\Desktop\MobileNetV2\GC10-DET_PREPARED\IMAGES\crescent_gap\crescent_gap__img_08_436068100_00004.jpg,1
crescent_gap__img_08_4402842500_01043,crescent_gap,test,C:\Users\anmol\OneDrive\Desktop\MobileNetV2\GC10-DET_PREPARED\IMAGES\crescent_gap\crescent_gap__img_08_4402842500_01043.jpg,1
inclusion__img_02_3436816100_00147,inclusion,test,C:\Users\anmol\OneDrive\Desktop\MobileNetV2\GC10-DET_PREPARED\IMAGES\inclusion\inclusion__img_02_3436816100_00147.jpg,1
inclusion__img_02_3436816100_00148,inclusion,test,C:\Users\anmol\OneDrive\Desktop\MobileNetV2\GC10-DET_PREPARED\IMAGES\inclusion\inclusion__img_02_3436816100_00148.jpg,3
inclusion__img_02_3436816100_00152,inclusion,test,C:\Users\anmol\OneDrive\Desktop\MobileNetV2\GC10-DET_PREPARED\IMAGES\inclusion\inclusion__img_02_3436816100_00152.jpg,2
inclusion__img_02_424799600_00382,inclusion,test,C:\Users\anmol\OneDrive\Desktop\MobileNetV2\GC10-DET_PREPARED\IMAGES\inclusion\inclusion__img_02_424799600_00382.jpg,1
inclusion__img_02_425392300_00834,inclusion,test,C:\Users\anmol\OneDrive\Desktop\MobileNetV2\GC10-DET_PREPARED\IMAGES\inclusion\inclusion__img_02_425392300_00834.jpg,2
inclusion__img_02_425392400_00022,inclusion,test,C:\Users\anmol\OneDrive\Desktop\MobileNetV2\GC10-DET_PREPARED\IMAGES\inclusion\inclusion__img_02_425392400_00022.jpg,1
inclusion__img_02_425502300_00338,inclusion,test,C:\Users\anmol\OneDrive\Desktop\MobileNetV2\GC10-DET_PREPARED\IMAGES\inclusion\inclusion__img_02_425502300_00338.jpg,1
inclusion__img_02_425503800_00019,inclusion,test,C:\Users\anmol\OneDrive\Desktop\MobileNetV2\GC10-DET_PREPARED\IMAGES\inclusion\inclusion__img_02_425503800_00019.jpg,1
inclusion__img_02_425505100_00022,inclusion,test,C:\Users\anmol\OneDrive\Desktop\MobileNetV2\GC10-DET_PREPARED\IMAGES\inclusion\inclusion__img_02_425505100_00022.jpg,1
inclusion__img_02_425646200_00634,inclusion,test,C:\Users\anmol\OneDrive\Desktop\MobileNetV2\GC10-DET_PREPARED\IMAGES\inclusion\inclusion__img_02_425646200_00634.jpg,2
inclusion__img_02_4402623300_00028,inclusion,test,C:\Users\anmol\OneDrive\Desktop\MobileNetV2\GC10-DET_PREPARED\IMAGES\inclusion\inclusion__img_02_4402623300_00028.jpg,1
inclusion__img_02_4406446600_00072,inclusion,test,C:\Users\anmol\OneDrive\Desktop\MobileNetV2\GC10-DET_PREPARED\IMAGES\inclusion\inclusion__img_02_4406446600_00072.jpg,3
inclusion__img_02_4406645900_00339,inclusion,test,C:\Users\anmol\OneDrive\Desktop\MobileNetV2\GC10-DET_PREPARED\IMAGES\inclusion\inclusion__img_02_4406645900_00339.jpg,1
inclusion__img_03_424799600_00382,inclusion,test,C:\Users\anmol\OneDrive\Desktop\MobileNetV2\GC10-DET_PREPARED\IMAGES\inclusion\inclusion__img_03_424799600_00382.jpg,2
inclusion__img_03_425383400_00420,inclusion,test,C:\Users\anmol\OneDrive\Desktop\MobileNetV2\GC10-DET_PREPARED\IMAGES\inclusion\inclusion__img_03_425383400_00420.jpg,1
inclusion__img_03_425391800_00255,inclusion,test,C:\Users\anmol\OneDrive\Desktop\MobileNetV2\GC10-DET_PREPARED\IMAGES\inclusion\inclusion__img_03_425391800_00255.jpg,1
inclusion__img_03_425501800_01166,inclusion,test,C:\Users\anmol\OneDrive\Desktop\MobileNetV2\GC10-DET_PREPARED\IMAGES\inclusion\inclusion__img_03_425501800_01166.jpg,2
inclusion__img_03_425501800_01196,inclusion,test,C:\Users\anmol\OneDrive\Desktop\MobileNetV2\GC10-DET_PREPARED\IMAGES\inclusion\inclusion__img_03_425501800_01196.jpg,2
inclusion__img_03_425501800_01202,inclusion,test,C:\Users\anmol\OneDrive\Desktop\MobileNetV2\GC10-DET_PREPARED\IMAGES\inclusion\inclusion__img_03_425501800_01202.jpg,2
inclusion__img_03_425637500_00012,inclusion,test,C:\Users\anmol\OneDrive\Desktop\MobileNetV2\GC10-DET_PREPARED\IMAGES\inclusion\inclusion__img_03_425637500_00012.jpg,1
inclusion__img_03_4401440300_00347,inclusion,test,C:\Users\anmol\OneDrive\Desktop\MobileNetV2\GC10-DET_PREPARED\IMAGES\inclusion\inclusion__img_03_4401440300_00347.jpg,3
inclusion__img_04_425380400_00732,inclusion,test,C:\Users\anmol\OneDrive\Desktop\MobileNetV2\GC10-DET_PREPARED\IMAGES\inclusion\inclusion__img_04_425380400_00732.jpg,1
inclusion__img_04_425503200_00019,inclusion,test,C:\Users\anmol\OneDrive\Desktop\MobileNetV2\GC10-DET_PREPARED\IMAGES\inclusion\inclusion__img_04_425503200_00019.jpg,1
inclusion__img_04_4402622500_00362,inclusion,test,C:\Users\anmol\OneDrive\Desktop\MobileNetV2\GC10-DET_PREPARED\IMAGES\inclusion\inclusion__img_04_4402622500_00362.jpg,2
inclusion__img_04_4402622500_00373,inclusion,test,C:\Users\anmol\OneDrive\Desktop\MobileNetV2\GC10-DET_PREPARED\IMAGES\inclusion\inclusion__img_04_4402622500_00373.jpg,2
inclusion__img_04_4402622500_00378,inclusion,test,C:\Users\anmol\OneDrive\Desktop\MobileNetV2\GC10-DET_PREPARED\IMAGES\inclusion\inclusion__img_04_4402622500_00378.jpg,1
inclusion__img_05_425243500_00952,inclusion,test,C:\Users\anmol\OneDrive\Desktop\MobileNetV2\GC10-DET_PREPARED\IMAGES\inclusion\inclusion__img_05_425243500_00952.jpg,1
inclusion__img_05_425243500_01116,inclusion,test,C:\Users\anmol\OneDrive\Desktop\MobileNetV2\GC10-DET_PREPARED\IMAGES\inclusion\inclusion__img_05_425243500_01116.jpg,1
inclusion__img_05_425504900_00057,inclusion,test,C:\Users\anmol\OneDrive\Desktop\MobileNetV2\GC10-DET_PREPARED\IMAGES\inclusion\inclusion__img_05_425504900_00057.jpg,1
inclusion__img_06_425237000_00528,inclusion,test,C:\Users\anmol\OneDrive\Desktop\MobileNetV2\GC10-DET_PREPARED\IMAGES\inclusion\inclusion__img_06_425237000_00528.jpg,4
inclusion__img_06_425237000_00664,inclusion,test,C:\Users\anmol\OneDrive\Desktop\MobileNetV2\GC10-DET_PREPARED\IMAGES\inclusion\inclusion__img_06_425237000_00664.jpg,2
inclusion__img_06_425237000_00673,inclusion,test,C:\Users\anmol\OneDrive\Desktop\MobileNetV2\GC10-DET_PREPARED\IMAGES\inclusion\inclusion__img_06_425237000_00673.jpg,1
inclusion__img_06_425237000_00674,inclusion,test,C:\Users\anmol\OneDrive\Desktop\MobileNetV2\GC10-DET_PREPARED\IMAGES\inclusion\inclusion__img_06_425237000_00674.jpg,1
inclusion__img_06_425506300_01028,inclusion,test,C:\Users\anmol\OneDrive\Desktop\MobileNetV2\GC10-DET_PREPARED\IMAGES\inclusion\inclusion__img_06_425506300_01028.jpg,1
inclusion__img_07_425008500_00314,inclusion,test,C:\Users\anmol\OneDrive\Desktop\MobileNetV2\GC10-DET_PREPARED\IMAGES\inclusion\inclusion__img_07_425008500_00314.jpg,2
inclusion__img_07_425503000_00061,inclusion,test,C:\Users\anmol\OneDrive\Desktop\MobileNetV2\GC10-DET_PREPARED\IMAGES\inclusion\inclusion__img_07_425503000_00061.jpg,1
inclusion__img_07_425508400_00364,inclusion,test,C:\Users\anmol\OneDrive\Desktop\MobileNetV2\GC10-DET_PREPARED\IMAGES\inclusion\inclusion__img_07_425508400_00364.jpg,1
inclusion__img_07_425508700_01012,inclusion,test,C:\Users\anmol\OneDrive\Desktop\MobileNetV2\GC10-DET_PREPARED\IMAGES\inclusion\inclusion__img_07_425508700_01012.jpg,3
inclusion__img_07_4406645900_00863,inclusion,test,C:\Users\anmol\OneDrive\Desktop\MobileNetV2\GC10-DET_PREPARED\IMAGES\inclusion\inclusion__img_07_4406645900_00863.jpg,2
inclusion__img_08_425506600_00952,inclusion,test,C:\Users\anmol\OneDrive\Desktop\MobileNetV2\GC10-DET_PREPARED\IMAGES\inclusion\inclusion__img_08_425506600_00952.jpg,1
inclusion__img_08_425508100_01404,inclusion,test,C:\Users\anmol\OneDrive\Desktop\MobileNetV2\GC10-DET_PREPARED\IMAGES\inclusion\inclusion__img_08_425508100_01404.jpg,1
inclusion__img_08_425508200_00024,inclusion,test,C:\Users\anmol\OneDrive\Desktop\MobileNetV2\GC10-DET_PREPARED\IMAGES\inclusion\inclusion__img_08_425508200_00024.jpg,2
inclusion__img_08_425638500_00036,inclusion,test,C:\Users\anmol\OneDrive\Desktop\MobileNetV2\GC10-DET_PREPARED\IMAGES\inclusion\inclusion__img_08_425638500_00036.jpg,1
oil_spot__img_02_425507000_00872,oil_spot,test,C:\Users\anmol\OneDrive\Desktop\MobileNetV2\GC10-DET_PREPARED\IMAGES\oil_spot\oil_spot__img_02_425507000_00872.jpg,3
oil_spot__img_02_425507000_00876,oil_spot,test,C:\Users\anmol\OneDrive\Desktop\MobileNetV2\GC10-DET_PREPARED\IMAGES\oil_spot\oil_spot__img_02_425507000_00876.jpg,2
oil_spot__img_02_425507200_01510,oil_spot,test,C:\Users\anmol\OneDrive\Desktop\MobileNetV2\GC10-DET_PREPARED\IMAGES\oil_spot\oil_spot__img_02_425507200_01510.jpg,3
oil_spot__img_02_425507200_01511,oil_spot,test,C:\Users\anmol\OneDrive\Desktop\MobileNetV2\GC10-DET_PREPARED\IMAGES\oil_spot\oil_spot__img_02_425507200_01511.jpg,3
oil_spot__img_02_425507200_01514,oil_spot,test,C:\Users\anmol\OneDrive\Desktop\MobileNetV2\GC10-DET_PREPARED\IMAGES\oil_spot\oil_spot__img_02_425507200_01514.jpg,3
oil_spot__img_02_425507200_01517,oil_spot,test,C:\Users\anmol\OneDrive\Desktop\MobileNetV2\GC10-DET_PREPARED\IMAGES\oil_spot\oil_spot__img_02_425507200_01517.jpg,3
oil_spot__img_03_3402617700_00456,oil_spot,test,C:\Users\anmol\OneDrive\Desktop\MobileNetV2\GC10-DET_PREPARED\IMAGES\oil_spot\oil_spot__img_03_3402617700_00456.jpg,2
oil_spot__img_03_3402617700_00886,oil_spot,test,C:\Users\anmol\OneDrive\Desktop\MobileNetV2\GC10-DET_PREPARED\IMAGES\oil_spot\oil_spot__img_03_3402617700_00886.jpg,2
oil_spot__img_03_3437006500_00033,oil_spot,test,C:\Users\anmol\OneDrive\Desktop\MobileNetV2\GC10-DET_PREPARED\IMAGES\oil_spot\oil_spot__img_03_3437006500_00033.jpg,3
oil_spot__img_03_SIS001546_00029,oil_spot,test,C:\Users\anmol\OneDrive\Desktop\MobileNetV2\GC10-DET_PREPARED\IMAGES\oil_spot\oil_spot__img_03_SIS001546_00029.jpg,4
oil_spot__img_04_431854700_00086,oil_spot,test,C:\Users\anmol\OneDrive\Desktop\MobileNetV2\GC10-DET_PREPARED\IMAGES\oil_spot\oil_spot__img_04_431854700_00086.jpg,1
oil_spot__img_04_431854700_00385,oil_spot,test,C:\Users\anmol\OneDrive\Desktop\MobileNetV2\GC10-DET_PREPARED\IMAGES\oil_spot\oil_spot__img_04_431854700_00385.jpg,2
oil_spot__img_04_436163100_00005,oil_spot,test,C:\Users\anmol\OneDrive\Desktop\MobileNetV2\GC10-DET_PREPARED\IMAGES\oil_spot\oil_spot__img_04_436163100_00005.jpg,4
oil_spot__img_04_436163100_00007,oil_spot,test,C:\Users\anmol\OneDrive\Desktop\MobileNetV2\GC10-DET_PREPARED\IMAGES\oil_spot\oil_spot__img_04_436163100_00007.jpg,3
oil_spot__img_04_436163100_00009,oil_spot,test,C:\Users\anmol\OneDrive\Desktop\MobileNetV2\GC10-DET_PREPARED\IMAGES\oil_spot\oil_spot__img_04_436163100_00009.jpg,3
oil_spot__img_04_436163100_00010,oil_spot,test,C:\Users\anmol\OneDrive\Desktop\MobileNetV2\GC10-DET_PREPARED\IMAGES\oil_spot\oil_spot__img_04_436163100_00010.jpg,3
oil_spot__img_04_436163100_00039,oil_spot,test,C:\Users\anmol\OneDrive\Desktop\MobileNetV2\GC10-DET_PREPARED\IMAGES\oil_spot\oil_spot__img_04_436163100_00039.jpg,1
oil_spot__img_06_425502300_01405,oil_spot,test,C:\Users\anmol\OneDrive\Desktop\MobileNetV2\GC10-DET_PREPARED\IMAGES\oil_spot\oil_spot__img_06_425502300_01405.jpg,5
oil_spot__img_06_425502300_01406,oil_spot,test,C:\Users\anmol\OneDrive\Desktop\MobileNetV2\GC10-DET_PREPARED\IMAGES\oil_spot\oil_spot__img_06_425502300_01406.jpg,6
oil_spot__img_06_425502300_01407,oil_spot,test,C:\Users\anmol\OneDrive\Desktop\MobileNetV2\GC10-DET_PREPARED\IMAGES\oil_spot\oil_spot__img_06_425502300_01407.jpg,6
oil_spot__img_06_425502300_01408,oil_spot,test,C:\Users\anmol\OneDrive\Desktop\MobileNetV2\GC10-DET_PREPARED\IMAGES\oil_spot\oil_spot__img_06_425502300_01408.jpg,5
oil_spot__img_06_425503400_00049,oil_spot,test,C:\Users\anmol\OneDrive\Desktop\MobileNetV2\GC10-DET_PREPARED\IMAGES\oil_spot\oil_spot__img_06_425503400_00049.jpg,1
oil_spot__img_06_427199900_01065,oil_spot,test,C:\Users\anmol\OneDrive\Desktop\MobileNetV2\GC10-DET_PREPARED\IMAGES\oil_spot\oil_spot__img_06_427199900_01065.jpg,1
oil_spot__img_07_3437011100_00685,oil_spot,test,C:\Users\anmol\OneDrive\Desktop\MobileNetV2\GC10-DET_PREPARED\IMAGES\oil_spot\oil_spot__img_07_3437011100_00685.jpg,2
oil_spot__img_07_425100400_00067,oil_spot,test,C:\Users\anmol\OneDrive\Desktop\MobileNetV2\GC10-DET_PREPARED\IMAGES\oil_spot\oil_spot__img_07_425100400_00067.jpg,1
oil_spot__img_07_425390700_00052,oil_spot,test,C:\Users\anmol\OneDrive\Desktop\MobileNetV2\GC10-DET_PREPARED\IMAGES\oil_spot\oil_spot__img_07_425390700_00052.jpg,1
oil_spot__img_07_425390800_00008,oil_spot,test,C:\Users\anmol\OneDrive\Desktop\MobileNetV2\GC10-DET_PREPARED\IMAGES\oil_spot\oil_spot__img_07_425390800_00008.jpg,1
oil_spot__img_07_425390900_00055,oil_spot,test,C:\Users\anmol\OneDrive\Desktop\MobileNetV2\GC10-DET_PREPARED\IMAGES\oil_spot\oil_spot__img_07_425390900_00055.jpg,4
oil_spot__img_07_425390900_00056,oil_spot,test,C:\Users\anmol\OneDrive\Desktop\MobileNetV2\GC10-DET_PREPARED\IMAGES\oil_spot\oil_spot__img_07_425390900_00056.jpg,5
oil_spot__img_07_425390900_00069,oil_spot,test,C:\Users\anmol\OneDrive\Desktop\MobileNetV2\GC10-DET_PREPARED\IMAGES\oil_spot\oil_spot__img_07_425390900_00069.jpg,4
oil_spot__img_07_425390900_00083,oil_spot,test,C:\Users\anmol\OneDrive\Desktop\MobileNetV2\GC10-DET_PREPARED\IMAGES\oil_spot\oil_spot__img_07_425390900_00083.jpg,5
oil_spot__img_07_425390900_00087,oil_spot,test,C:\Users\anmol\OneDrive\Desktop\MobileNetV2\GC10-DET_PREPARED\IMAGES\oil_spot\oil_spot__img_07_425390900_00087.jpg,6
oil_spot__img_07_435974600_00220,oil_spot,test,C:\Users\anmol\OneDrive\Desktop\MobileNetV2\GC10-DET_PREPARED\IMAGES\oil_spot\oil_spot__img_07_435974600_00220.jpg,1
oil_spot__img_07_435974600_00226,oil_spot,test,C:\Users\anmol\OneDrive\Desktop\MobileNetV2\GC10-DET_PREPARED\IMAGES\oil_spot\oil_spot__img_07_435974600_00226.jpg,1
oil_spot__img_07_436163600_00084,oil_spot,test,C:\Users\anmol\OneDrive\Desktop\MobileNetV2\GC10-DET_PREPARED\IMAGES\oil_spot\oil_spot__img_07_436163600_00084.jpg,2
oil_spot__img_07_4405168700_00710,oil_spot,test,C:\Users\anmol\OneDrive\Desktop\MobileNetV2\GC10-DET_PREPARED\IMAGES\oil_spot\oil_spot__img_07_4405168700_00710.jpg,2
oil_spot__img_08_3437011100_00687,oil_spot,test,C:\Users\anmol\OneDrive\Desktop\MobileNetV2\GC10-DET_PREPARED\IMAGES\oil_spot\oil_spot__img_08_3437011100_00687.jpg,2
oil_spot__img_08_425391700_00182,oil_spot,test,C:\Users\anmol\OneDrive\Desktop\MobileNetV2\GC10-DET_PREPARED\IMAGES\oil_spot\oil_spot__img_08_425391700_00182.jpg,2
oil_spot__img_08_425506100_01049,oil_spot,test,C:\Users\anmol\OneDrive\Desktop\MobileNetV2\GC10-DET_PREPARED\IMAGES\oil_spot\oil_spot__img_08_425506100_01049.jpg,2
oil_spot__img_08_425506100_01053,oil_spot,test,C:\Users\anmol\OneDrive\Desktop\MobileNetV2\GC10-DET_PREPARED\IMAGES\oil_spot\oil_spot__img_08_425506100_01053.jpg,2
oil_spot__img_08_425508100_01398,oil_spot,test,C:\Users\anmol\OneDrive\Desktop\MobileNetV2\GC10-DET_PREPARED\IMAGES\oil_spot\oil_spot__img_08_425508100_01398.jpg,1
punching_hole__img_02_425502300_00018,punching_hole,test,C:\Users\anmol\OneDrive\Desktop\MobileNetV2\GC10-DET_PREPARED\IMAGES\punching_hole\punching_hole__img_02_425502300_00018.jpg,1
punching_hole__img_02_425507200_00018,punching_hole,test,C:\Users\anmol\OneDrive\Desktop\MobileNetV2\GC10-DET_PREPARED\IMAGES\punching_hole\punching_hole__img_02_425507200_00018.jpg,1
punching_hole__img_02_425508300_00017,punching_hole,test,C:\Users\anmol\OneDrive\Desktop\MobileNetV2\GC10-DET_PREPARED\IMAGES\punching_hole\punching_hole__img_02_425508300_00017.jpg,1
punching_hole__img_02_425613600_00582,punching_hole,test,C:\Users\anmol\OneDrive\Desktop\MobileNetV2\GC10-DET_PREPARED\IMAGES\punching_hole\punching_hole__img_02_425613600_00582.jpg,2
punching_hole__img_03_3403393800_01156,punching_hole,test,C:\Users\anmol\OneDrive\Desktop\MobileNetV2\GC10-DET_PREPARED\IMAGES\punching_hole\punching_hole__img_03_3403393800_01156.jpg,5
punching_hole__img_03_3403394000_01158,punching_hole,test,C:\Users\anmol\OneDrive\Desktop\MobileNetV2\GC10-DET_PREPARED\IMAGES\punching_hole\punching_hole__img_03_3403394000_01158.jpg,3
punching_hole__img_03_3403395700_01033,punching_hole,test,C:\Users\anmol\OneDrive\Desktop\MobileNetV2\GC10-DET_PREPARED\IMAGES\punching_hole\punching_hole__img_03_3403395700_01033.jpg,2
punching_hole__img_03_3403397300_00901,punching_hole,test,C:\Users\anmol\OneDrive\Desktop\MobileNetV2\GC10-DET_PREPARED\IMAGES\punching_hole\punching_hole__img_03_3403397300_00901.jpg,1
punching_hole__img_03_3403401700_00908,punching_hole,test,C:\Users\anmol\OneDrive\Desktop\MobileNetV2\GC10-DET_PREPARED\IMAGES\punching_hole\punching_hole__img_03_3403401700_00908.jpg,2
punching_hole__img_03_3403402800_00951,punching_hole,test,C:\Users\anmol\OneDrive\Desktop\MobileNetV2\GC10-DET_PREPARED\IMAGES\punching_hole\punching_hole__img_03_3403402800_00951.jpg,4
punching_hole__img_03_3403402900_00962,punching_hole,test,C:\Users\anmol\OneDrive\Desktop\MobileNetV2\GC10-DET_PREPARED\IMAGES\punching_hole\punching_hole__img_03_3403402900_00962.jpg,2
punching_hole__img_03_424826300_00949,punching_hole,test,C:\Users\anmol\OneDrive\Desktop\MobileNetV2\GC10-DET_PREPARED\IMAGES\punching_hole\punching_hole__img_03_424826300_00949.jpg,2
punching_hole__img_03_425364500_00001,punching_hole,test,C:\Users\anmol\OneDrive\Desktop\MobileNetV2\GC10-DET_PREPARED\IMAGES\punching_hole\punching_hole__img_03_425364500_00001.jpg,2
punching_hole__img_03_425501700_00018,punching_hole,test,C:\Users\anmol\OneDrive\Desktop\MobileNetV2\GC10-DET_PREPARED\IMAGES\punching_hole\punching_hole__img_03_425501700_00018.jpg,5
punching_hole__img_03_425501800_00018,punching_hole,test,C:\Users\anmol\OneDrive\Desktop\MobileNetV2\GC10-DET_PREPARED\IMAGES\punching_hole\punching_hole__img_03_425501800_00018.jpg,4
punching_hole__img_03_425502200_00017,punching_hole,test,C:\Users\anmol\OneDrive\Desktop\MobileNetV2\GC10-DET_PREPARED\IMAGES\punching_hole\punching_hole__img_03_425502200_00017.jpg,1
punching_hole__img_03_425502700_00017,punching_hole,test,C:\Users\anmol\OneDrive\Desktop\MobileNetV2\GC10-DET_PREPARED\IMAGES\punching_hole\punching_hole__img_03_425502700_00017.jpg,2
punching_hole__img_03_425503800_00017,punching_hole,test,C:\Users\anmol\OneDrive\Desktop\MobileNetV2\GC10-DET_PREPARED\IMAGES\punching_hole\punching_hole__img_03_425503800_00017.jpg,2
punching_hole__img_03_425504800_00018,punching_hole,test,C:\Users\anmol\OneDrive\Desktop\MobileNetV2\GC10-DET_PREPARED\IMAGES\punching_hole\punching_hole__img_03_425504800_00018.jpg,2
punching_hole__img_03_425613600_00582,punching_hole,test,C:\Users\anmol\OneDrive\Desktop\MobileNetV2\GC10-DET_PREPARED\IMAGES\punching_hole\punching_hole__img_03_425613600_00582.jpg,1
punching_hole__img_03_425613700_00782,punching_hole,test,C:\Users\anmol\OneDrive\Desktop\MobileNetV2\GC10-DET_PREPARED\IMAGES\punching_hole\punching_hole__img_03_425613700_00782.jpg,3
punching_hole__img_03_4406425000_00001,punching_hole,test,C:\Users\anmol\OneDrive\Desktop\MobileNetV2\GC10-DET_PREPARED\IMAGES\punching_hole\punching_hole__img_03_4406425000_00001.jpg,4
punching_hole__img_03_4406425200_00001,punching_hole,test,C:\Users\anmol\OneDrive\Desktop\MobileNetV2\GC10-DET_PREPARED\IMAGES\punching_hole\punching_hole__img_03_4406425200_00001.jpg,2
punching_hole__img_06_3403328800_01055,punching_hole,test,C:\Users\anmol\OneDrive\Desktop\MobileNetV2\GC10-DET_PREPARED\IMAGES\punching_hole\punching_hole__img_06_3403328800_01055.jpg,1
punching_hole__img_06_3403392100_00869,punching_hole,test,C:\Users\anmol\OneDrive\Desktop\MobileNetV2\GC10-DET_PREPARED\IMAGES\punching_hole\punching_hole__img_06_3403392100_00869.jpg,2
punching_hole__img_06_3403399100_01155,punching_hole,test,C:\Users\anmol\OneDrive\Desktop\MobileNetV2\GC10-DET_PREPARED\IMAGES\punching_hole\punching_hole__img_06_3403399100_01155.jpg,2
punching_hole__img_06_3403399700_00746,punching_hole,test,C:\Users\anmol\OneDrive\Desktop\MobileNetV2\GC10-DET_PREPARED\IMAGES\punching_hole\punching_hole__img_06_3403399700_00746.jpg,2
punching_hole__img_06_3403403700_00805,punching_hole,test,C:\Users\anmol\OneDrive\Desktop\MobileNetV2\GC10-DET_PREPARED\IMAGES\punching_hole\punching_hole__img_06_3403403700_00805.jpg,2
punching_hole__img_06_3403403800_00910,punching_hole,test,C:\Users\anmol\OneDrive\Desktop\MobileNetV2\GC10-DET_PREPARED\IMAGES\punching_hole\punching_hole__img_06_3403403800_00910.jpg,1
punching_hole__img_06_3403405800_00821,punching_hole,test,C:\Users\anmol\OneDrive\Desktop\MobileNetV2\GC10-DET_PREPARED\IMAGES\punching_hole\punching_hole__img_06_3403405800_00821.jpg,3
punching_hole__img_06_425501800_00053,punching_hole,test,C:\Users\anmol\OneDrive\Desktop\MobileNetV2\GC10-DET_PREPARED\IMAGES\punching_hole\punching_hole__img_06_425501800_00053.jpg,3
punching_hole__img_06_425502300_00053,punching_hole,test,C:\Users\anmol\OneDrive\Desktop\MobileNetV2\GC10-DET_PREPARED\IMAGES\punching_hole\punching_hole__img_06_425502300_00053.jpg,2
punching_hole__img_06_425503600_00053,punching_hole,test,C:\Users\anmol\OneDrive\Desktop\MobileNetV2\GC10-DET_PREPARED\IMAGES\punching_hole\punching_hole__img_06_425503600_00053.jpg,2
punching_hole__img_06_425505100_00052,punching_hole,test,C:\Users\anmol\OneDrive\Desktop\MobileNetV2\GC10-DET_PREPARED\IMAGES\punching_hole\punching_hole__img_06_425505100_00052.jpg,2
punching_hole__img_06_425505400_00052,punching_hole,test,C:\Users\anmol\OneDrive\Desktop\MobileNetV2\GC10-DET_PREPARED\IMAGES\punching_hole\punching_hole__img_06_425505400_00052.jpg,2
punching_hole__img_06_425506100_00051,punching_hole,test,C:\Users\anmol\OneDrive\Desktop\MobileNetV2\GC10-DET_PREPARED\IMAGES\punching_hole\punching_hole__img_06_425506100_00051.jpg,1
punching_hole__img_06_425506300_00054,punching_hole,test,C:\Users\anmol\OneDrive\Desktop\MobileNetV2\GC10-DET_PREPARED\IMAGES\punching_hole\punching_hole__img_06_425506300_00054.jpg,2
punching_hole__img_06_425507000_00054,punching_hole,test,C:\Users\anmol\OneDrive\Desktop\MobileNetV2\GC10-DET_PREPARED\IMAGES\punching_hole\punching_hole__img_06_425507000_00054.jpg,2
punching_hole__img_06_425507200_00054,punching_hole,test,C:\Users\anmol\OneDrive\Desktop\MobileNetV2\GC10-DET_PREPARED\IMAGES\punching_hole\punching_hole__img_06_425507200_00054.jpg,2
punching_hole__img_06_425613700_00781,punching_hole,test,C:\Users\anmol\OneDrive\Desktop\MobileNetV2\GC10-DET_PREPARED\IMAGES\punching_hole\punching_hole__img_06_425613700_00781.jpg,3
punching_hole__img_06_425616500_00769,punching_hole,test,C:\Users\anmol\OneDrive\Desktop\MobileNetV2\GC10-DET_PREPARED\IMAGES\punching_hole\punching_hole__img_06_425616500_00769.jpg,1
punching_hole__img_06_425638500_00714,punching_hole,test,C:\Users\anmol\OneDrive\Desktop\MobileNetV2\GC10-DET_PREPARED\IMAGES\punching_hole\punching_hole__img_06_425638500_00714.jpg,2
punching_hole__img_06_4406424700_00001,punching_hole,test,C:\Users\anmol\OneDrive\Desktop\MobileNetV2\GC10-DET_PREPARED\IMAGES\punching_hole\punching_hole__img_06_4406424700_00001.jpg,3
punching_hole__img_06_4406772100_00002,punching_hole,test,C:\Users\anmol\OneDrive\Desktop\MobileNetV2\GC10-DET_PREPARED\IMAGES\punching_hole\punching_hole__img_06_4406772100_00002.jpg,2
rolled_pit__img_02_431854300_00002,rolled_pit,test,C:\Users\anmol\OneDrive\Desktop\MobileNetV2\GC10-DET_PREPARED\IMAGES\rolled_pit\rolled_pit__img_02_431854300_00002.jpg,6
rolled_pit__img_03_425501800_00019,rolled_pit,test,C:\Users\anmol\OneDrive\Desktop\MobileNetV2\GC10-DET_PREPARED\IMAGES\rolled_pit\rolled_pit__img_03_425501800_00019.jpg,3
rolled_pit__img_03_436068500_00002,rolled_pit,test,C:\Users\anmol\OneDrive\Desktop\MobileNetV2\GC10-DET_PREPARED\IMAGES\rolled_pit\rolled_pit__img_03_436068500_00002.jpg,2
rolled_pit__img_03_4402724500_01238,rolled_pit,test,C:\Users\anmol\OneDrive\Desktop\MobileNetV2\GC10-DET_PREPARED\IMAGES\rolled_pit\rolled_pit__img_03_4402724500_01238.jpg,2
rolled_pit__img_03_4402724500_01243,rolled_pit,test,C:\Users\anmol\OneDrive\Desktop\MobileNetV2\GC10-DET_PREPARED\IMAGES\rolled_pit\rolled_pit__img_03_4402724500_01243.jpg,2
rolled_pit__img_04_4403453700_00019,rolled_pit,test,C:\Users\anmol\OneDrive\Desktop\MobileNetV2\GC10-DET_PREPARED\IMAGES\rolled_pit\rolled_pit__img_04_4403453700_00019.jpg,1
silk_spot__img_01_425005700_00159,silk_spot,test,C:\Users\anmol\OneDrive\Desktop\MobileNetV2\GC10-DET_PREPARED\IMAGES\silk_spot\silk_spot__img_01_425005700_00159.jpg,1
silk_spot__img_01_425005700_00162,silk_spot,test,C:\Users\anmol\OneDrive\Desktop\MobileNetV2\GC10-DET_PREPARED\IMAGES\silk_spot\silk_spot__img_01_425005700_00162.jpg,1
silk_spot__img_01_425005700_00175,silk_spot,test,C:\Users\anmol\OneDrive\Desktop\MobileNetV2\GC10-DET_PREPARED\IMAGES\silk_spot\silk_spot__img_01_425005700_00175.jpg,1
silk_spot__img_01_425005700_00195,silk_spot,test,C:\Users\anmol\OneDrive\Desktop\MobileNetV2\GC10-DET_PREPARED\IMAGES\silk_spot\silk_spot__img_01_425005700_00195.jpg,1
silk_spot__img_01_425005700_00198,silk_spot,test,C:\Users\anmol\OneDrive\Desktop\MobileNetV2\GC10-DET_PREPARED\IMAGES\silk_spot\silk_spot__img_01_425005700_00198.jpg,1
silk_spot__img_01_425005700_00208,silk_spot,test,C:\Users\anmol\OneDrive\Desktop\MobileNetV2\GC10-DET_PREPARED\IMAGES\silk_spot\silk_spot__img_01_425005700_00208.jpg,1
silk_spot__img_01_425005700_00211,silk_spot,test,C:\Users\anmol\OneDrive\Desktop\MobileNetV2\GC10-DET_PREPARED\IMAGES\silk_spot\silk_spot__img_01_425005700_00211.jpg,1
silk_spot__img_01_425005700_00223,silk_spot,test,C:\Users\anmol\OneDrive\Desktop\MobileNetV2\GC10-DET_PREPARED\IMAGES\silk_spot\silk_spot__img_01_425005700_00223.jpg,1
silk_spot__img_01_425005700_00239,silk_spot,test,C:\Users\anmol\OneDrive\Desktop\MobileNetV2\GC10-DET_PREPARED\IMAGES\silk_spot\silk_spot__img_01_425005700_00239.jpg,1
silk_spot__img_01_425005700_00255,silk_spot,test,C:\Users\anmol\OneDrive\Desktop\MobileNetV2\GC10-DET_PREPARED\IMAGES\silk_spot\silk_spot__img_01_425005700_00255.jpg,1
silk_spot__img_01_425005700_00267,silk_spot,test,C:\Users\anmol\OneDrive\Desktop\MobileNetV2\GC10-DET_PREPARED\IMAGES\silk_spot\silk_spot__img_01_425005700_00267.jpg,1
silk_spot__img_01_425005700_00297,silk_spot,test,C:\Users\anmol\OneDrive\Desktop\MobileNetV2\GC10-DET_PREPARED\IMAGES\silk_spot\silk_spot__img_01_425005700_00297.jpg,1
silk_spot__img_01_425005700_00314,silk_spot,test,C:\Users\anmol\OneDrive\Desktop\MobileNetV2\GC10-DET_PREPARED\IMAGES\silk_spot\silk_spot__img_01_425005700_00314.jpg,1
silk_spot__img_01_425005700_00320,silk_spot,test,C:\Users\anmol\OneDrive\Desktop\MobileNetV2\GC10-DET_PREPARED\IMAGES\silk_spot\silk_spot__img_01_425005700_00320.jpg,1
silk_spot__img_01_425005700_00371,silk_spot,test,C:\Users\anmol\OneDrive\Desktop\MobileNetV2\GC10-DET_PREPARED\IMAGES\silk_spot\silk_spot__img_01_425005700_00371.jpg,1
silk_spot__img_01_425005700_00395,silk_spot,test,C:\Users\anmol\OneDrive\Desktop\MobileNetV2\GC10-DET_PREPARED\IMAGES\silk_spot\silk_spot__img_01_425005700_00395.jpg,1
silk_spot__img_01_425005700_00398,silk_spot,test,C:\Users\anmol\OneDrive\Desktop\MobileNetV2\GC10-DET_PREPARED\IMAGES\silk_spot\silk_spot__img_01_425005700_00398.jpg,1
silk_spot__img_01_425005700_00421,silk_spot,test,C:\Users\anmol\OneDrive\Desktop\MobileNetV2\GC10-DET_PREPARED\IMAGES\silk_spot\silk_spot__img_01_425005700_00421.jpg,1
silk_spot__img_01_425005700_00440,silk_spot,test,C:\Users\anmol\OneDrive\Desktop\MobileNetV2\GC10-DET_PREPARED\IMAGES\silk_spot\silk_spot__img_01_425005700_00440.jpg,1
silk_spot__img_01_425005700_00453,silk_spot,test,C:\Users\anmol\OneDrive\Desktop\MobileNetV2\GC10-DET_PREPARED\IMAGES\silk_spot\silk_spot__img_01_425005700_00453.jpg,1
silk_spot__img_01_425005700_00463,silk_spot,test,C:\Users\anmol\OneDrive\Desktop\MobileNetV2\GC10-DET_PREPARED\IMAGES\silk_spot\silk_spot__img_01_425005700_00463.jpg,1
silk_spot__img_01_425005700_00464,silk_spot,test,C:\Users\anmol\OneDrive\Desktop\MobileNetV2\GC10-DET_PREPARED\IMAGES\silk_spot\silk_spot__img_01_425005700_00464.jpg,1
silk_spot__img_01_425005700_00471,silk_spot,test,C:\Users\anmol\OneDrive\Desktop\MobileNetV2\GC10-DET_PREPARED\IMAGES\silk_spot\silk_spot__img_01_425005700_00471.jpg,1
silk_spot__img_01_425005700_00503,silk_spot,test,C:\Users\anmol\OneDrive\Desktop\MobileNetV2\GC10-DET_PREPARED\IMAGES\silk_spot\silk_spot__img_01_425005700_00503.jpg,1
silk_spot__img_01_425005700_00506,silk_spot,test,C:\Users\anmol\OneDrive\Desktop\MobileNetV2\GC10-DET_PREPARED\IMAGES\silk_spot\silk_spot__img_01_425005700_00506.jpg,1
silk_spot__img_01_425243200_00439,silk_spot,test,C:\Users\anmol\OneDrive\Desktop\MobileNetV2\GC10-DET_PREPARED\IMAGES\silk_spot\silk_spot__img_01_425243200_00439.jpg,1
silk_spot__img_01_425243300_00234,silk_spot,test,C:\Users\anmol\OneDrive\Desktop\MobileNetV2\GC10-DET_PREPARED\IMAGES\silk_spot\silk_spot__img_01_425243300_00234.jpg,1
silk_spot__img_01_425243300_00542,silk_spot,test,C:\Users\anmol\OneDrive\Desktop\MobileNetV2\GC10-DET_PREPARED\IMAGES\silk_spot\silk_spot__img_01_425243300_00542.jpg,1
silk_spot__img_01_4406743300_00017,silk_spot,test,C:\Users\anmol\OneDrive\Desktop\MobileNetV2\GC10-DET_PREPARED\IMAGES\silk_spot\silk_spot__img_01_4406743300_00017.jpg,1
silk_spot__img_01_4406743300_00020,silk_spot,test,C:\Users\anmol\OneDrive\Desktop\MobileNetV2\GC10-DET_PREPARED\IMAGES\silk_spot\silk_spot__img_01_4406743300_00020.jpg,1
silk_spot__img_01_4406743300_00223,silk_spot,test,C:\Users\anmol\OneDrive\Desktop\MobileNetV2\GC10-DET_PREPARED\IMAGES\silk_spot\silk_spot__img_01_4406743300_00223.jpg,1
silk_spot__img_01_4406743300_00447,silk_spot,test,C:\Users\anmol\OneDrive\Desktop\MobileNetV2\GC10-DET_PREPARED\IMAGES\silk_spot\silk_spot__img_01_4406743300_00447.jpg,1
silk_spot__img_01_4406743300_00801,silk_spot,test,C:\Users\anmol\OneDrive\Desktop\MobileNetV2\GC10-DET_PREPARED\IMAGES\silk_spot\silk_spot__img_01_4406743300_00801.jpg,1
silk_spot__img_01_SIS001577_00041,silk_spot,test,C:\Users\anmol\OneDrive\Desktop\MobileNetV2\GC10-DET_PREPARED\IMAGES\silk_spot\silk_spot__img_01_SIS001577_00041.jpg,1
silk_spot__img_02_425243200_00561,silk_spot,test,C:\Users\anmol\OneDrive\Desktop\MobileNetV2\GC10-DET_PREPARED\IMAGES\silk_spot\silk_spot__img_02_425243200_00561.jpg,1
silk_spot__img_02_436152900_00533,silk_spot,test,C:\Users\anmol\OneDrive\Desktop\MobileNetV2\GC10-DET_PREPARED\IMAGES\silk_spot\silk_spot__img_02_436152900_00533.jpg,1
silk_spot__img_02_436152900_00542,silk_spot,test,C:\Users\anmol\OneDrive\Desktop\MobileNetV2\GC10-DET_PREPARED\IMAGES\silk_spot\silk_spot__img_02_436152900_00542.jpg,1
silk_spot__img_02_436153600_00683,silk_spot,test,C:\Users\anmol\OneDrive\Desktop\MobileNetV2\GC10-DET_PREPARED\IMAGES\silk_spot\silk_spot__img_02_436153600_00683.jpg,1
silk_spot__img_02_436153600_00685,silk_spot,test,C:\Users\anmol\OneDrive\Desktop\MobileNetV2\GC10-DET_PREPARED\IMAGES\silk_spot\silk_spot__img_02_436153600_00685.jpg,1
silk_spot__img_02_436153600_00687,silk_spot,test,C:\Users\anmol\OneDrive\Desktop\MobileNetV2\GC10-DET_PREPARED\IMAGES\silk_spot\silk_spot__img_02_436153600_00687.jpg,1
silk_spot__img_02_436153600_00693,silk_spot,test,C:\Users\anmol\OneDrive\Desktop\MobileNetV2\GC10-DET_PREPARED\IMAGES\silk_spot\silk_spot__img_02_436153600_00693.jpg,1
silk_spot__img_02_436153600_00698,silk_spot,test,C:\Users\anmol\OneDrive\Desktop\MobileNetV2\GC10-DET_PREPARED\IMAGES\silk_spot\silk_spot__img_02_436153600_00698.jpg,1
silk_spot__img_02_436153600_00700,silk_spot,test,C:\Users\anmol\OneDrive\Desktop\MobileNetV2\GC10-DET_PREPARED\IMAGES\silk_spot\silk_spot__img_02_436153600_00700.jpg,1
silk_spot__img_02_436153600_00708,silk_spot,test,C:\Users\anmol\OneDrive\Desktop\MobileNetV2\GC10-DET_PREPARED\IMAGES\silk_spot\silk_spot__img_02_436153600_00708.jpg,1
silk_spot__img_02_436153600_00709,silk_spot,test,C:\Users\anmol\OneDrive\Desktop\MobileNetV2\GC10-DET_PREPARED\IMAGES\silk_spot\silk_spot__img_02_436153600_00709.jpg,1
silk_spot__img_02_436153600_00747,silk_spot,test,C:\Users\anmol\OneDrive\Desktop\MobileNetV2\GC10-DET_PREPARED\IMAGES\silk_spot\silk_spot__img_02_436153600_00747.jpg,1
silk_spot__img_02_436184600_00774,silk_spot,test,C:\Users\anmol\OneDrive\Desktop\MobileNetV2\GC10-DET_PREPARED\IMAGES\silk_spot\silk_spot__img_02_436184600_00774.jpg,1
silk_spot__img_02_SIS001491_00257,silk_spot,test,C:\Users\anmol\OneDrive\Desktop\MobileNetV2\GC10-DET_PREPARED\IMAGES\silk_spot\silk_spot__img_02_SIS001491_00257.jpg,1
silk_spot__img_02_SIS001491_00289,silk_spot,test,C:\Users\anmol\OneDrive\Desktop\MobileNetV2\GC10-DET_PREPARED\IMAGES\silk_spot\silk_spot__img_02_SIS001491_00289.jpg,1
silk_spot__img_02_SIS001522_00004,silk_spot,test,C:\Users\anmol\OneDrive\Desktop\MobileNetV2\GC10-DET_PREPARED\IMAGES\silk_spot\silk_spot__img_02_SIS001522_00004.jpg,3
silk_spot__img_02_SIS001522_00012,silk_spot,test,C:\Users\anmol\OneDrive\Desktop\MobileNetV2\GC10-DET_PREPARED\IMAGES\silk_spot\silk_spot__img_02_SIS001522_00012.jpg,4
silk_spot__img_02_SIS001522_00555,silk_spot,test,C:\Users\anmol\OneDrive\Desktop\MobileNetV2\GC10-DET_PREPARED\IMAGES\silk_spot\silk_spot__img_02_SIS001522_00555.jpg,1
silk_spot__img_02_SIS001533_00164,silk_spot,test,C:\Users\anmol\OneDrive\Desktop\MobileNetV2\GC10-DET_PREPARED\IMAGES\silk_spot\silk_spot__img_02_SIS001533_00164.jpg,1
silk_spot__img_03_425243200_00116,silk_spot,test,C:\Users\anmol\OneDrive\Desktop\MobileNetV2\GC10-DET_PREPARED\IMAGES\silk_spot\silk_spot__img_03_425243200_00116.jpg,1
silk_spot__img_03_425505400_01015,silk_spot,test,C:\Users\anmol\OneDrive\Desktop\MobileNetV2\GC10-DET_PREPARED\IMAGES\silk_spot\silk_spot__img_03_425505400_01015.jpg,1
silk_spot__img_03_425508400_00380,silk_spot,test,C:\Users\anmol\OneDrive\Desktop\MobileNetV2\GC10-DET_PREPARED\IMAGES\silk_spot\silk_spot__img_03_425508400_00380.jpg,5
silk_spot__img_03_436150300_00330,silk_spot,test,C:\Users\anmol\OneDrive\Desktop\MobileNetV2\GC10-DET_PREPARED\IMAGES\silk_spot\silk_spot__img_03_436150300_00330.jpg,1
silk_spot__img_03_436150300_00373,silk_spot,test,C:\Users\anmol\OneDrive\Desktop\MobileNetV2\GC10-DET_PREPARED\IMAGES\silk_spot\silk_spot__img_03_436150300_00373.jpg,1
silk_spot__img_03_436152900_00530,silk_spot,test,C:\Users\anmol\OneDrive\Desktop\MobileNetV2\GC10-DET_PREPARED\IMAGES\silk_spot\silk_spot__img_03_436152900_00530.jpg,3
silk_spot__img_03_436152900_00557,silk_spot,test,C:\Users\anmol\OneDrive\Desktop\MobileNetV2\GC10-DET_PREPARED\IMAGES\silk_spot\silk_spot__img_03_436152900_00557.jpg,4
silk_spot__img_03_436152900_00585,silk_spot,test,C:\Users\anmol\OneDrive\Desktop\MobileNetV2\GC10-DET_PREPARED\IMAGES\silk_spot\silk_spot__img_03_436152900_00585.jpg,3
silk_spot__img_03_436152900_00605,silk_spot,test,C:\Users\anmol\OneDrive\Desktop\MobileNetV2\GC10-DET_PREPARED\IMAGES\silk_spot\silk_spot__img_03_436152900_00605.jpg,3
silk_spot__img_03_436184600_00778,silk_spot,test,C:\Users\anmol\OneDrive\Desktop\MobileNetV2\GC10-DET_PREPARED\IMAGES\silk_spot\silk_spot__img_03_436184600_00778.jpg,3
silk_spot__img_03_4406645900_00418,silk_spot,test,C:\Users\anmol\OneDrive\Desktop\MobileNetV2\GC10-DET_PREPARED\IMAGES\silk_spot\silk_spot__img_03_4406645900_00418.jpg,1
silk_spot__img_03_4406645900_00454,silk_spot,test,C:\Users\anmol\OneDrive\Desktop\MobileNetV2\GC10-DET_PREPARED\IMAGES\silk_spot\silk_spot__img_03_4406645900_00454.jpg,1
silk_spot__img_04_3436814900_00223,silk_spot,test,C:\Users\anmol\OneDrive\Desktop\MobileNetV2\GC10-DET_PREPARED\IMAGES\silk_spot\silk_spot__img_04_3436814900_00223.jpg,2
silk_spot__img_04_425243200_00566,silk_spot,test,C:\Users\anmol\OneDrive\Desktop\MobileNetV2\GC10-DET_PREPARED\IMAGES\silk_spot\silk_spot__img_04_425243200_00566.jpg,1
silk_spot__img_04_4406645900_00767,silk_spot,test,C:\Users\anmol\OneDrive\Desktop\MobileNetV2\GC10-DET_PREPARED\IMAGES\silk_spot\silk_spot__img_04_4406645900_00767.jpg,1
silk_spot__img_04_4406743300_00277,silk_spot,test,C:\Users\anmol\OneDrive\Desktop\MobileNetV2\GC10-DET_PREPARED\IMAGES\silk_spot\silk_spot__img_04_4406743300_00277.jpg,3
silk_spot__img_04_SIS001577_00009,silk_spot,test,C:\Users\anmol\OneDrive\Desktop\MobileNetV2\GC10-DET_PREPARED\IMAGES\silk_spot\silk_spot__img_04_SIS001577_00009.jpg,2
silk_spot__img_04_SIS001577_00012,silk_spot,test,C:\Users\anmol\OneDrive\Desktop\MobileNetV2\GC10-DET_PREPARED\IMAGES\silk_spot\silk_spot__img_04_SIS001577_00012.jpg,2
silk_spot__img_04_SIS001577_00038,silk_spot,test,C:\Users\anmol\OneDrive\Desktop\MobileNetV2\GC10-DET_PREPARED\IMAGES\silk_spot\silk_spot__img_04_SIS001577_00038.jpg,5
silk_spot__img_04_SIS001577_00045,silk_spot,test,C:\Users\anmol\OneDrive\Desktop\MobileNetV2\GC10-DET_PREPARED\IMAGES\silk_spot\silk_spot__img_04_SIS001577_00045.jpg,3
silk_spot__img_04_SIS001577_00046,silk_spot,test,C:\Users\anmol\OneDrive\Desktop\MobileNetV2\GC10-DET_PREPARED\IMAGES\silk_spot\silk_spot__img_04_SIS001577_00046.jpg,3
silk_spot__img_05_4406645900_00038,silk_spot,test,C:\Users\anmol\OneDrive\Desktop\MobileNetV2\GC10-DET_PREPARED\IMAGES\silk_spot\silk_spot__img_05_4406645900_00038.jpg,1
silk_spot__img_05_4406645900_00040,silk_spot,test,C:\Users\anmol\OneDrive\Desktop\MobileNetV2\GC10-DET_PREPARED\IMAGES\silk_spot\silk_spot__img_05_4406645900_00040.jpg,1
silk_spot__img_05_4406743300_00374,silk_spot,test,C:\Users\anmol\OneDrive\Desktop\MobileNetV2\GC10-DET_PREPARED\IMAGES\silk_spot\silk_spot__img_05_4406743300_00374.jpg,1
silk_spot__img_05_4406743300_00384,silk_spot,test,C:\Users\anmol\OneDrive\Desktop\MobileNetV2\GC10-DET_PREPARED\IMAGES\silk_spot\silk_spot__img_05_4406743300_00384.jpg,1
silk_spot__img_05_4406743300_00401,silk_spot,test,C:\Users\anmol\OneDrive\Desktop\MobileNetV2\GC10-DET_PREPARED\IMAGES\silk_spot\silk_spot__img_05_4406743300_00401.jpg,1
silk_spot__img_05_4406743300_00424,silk_spot,test,C:\Users\anmol\OneDrive\Desktop\MobileNetV2\GC10-DET_PREPARED\IMAGES\silk_spot\silk_spot__img_05_4406743300_00424.jpg,1
silk_spot__img_05_4406743300_00427,silk_spot,test,C:\Users\anmol\OneDrive\Desktop\MobileNetV2\GC10-DET_PREPARED\IMAGES\silk_spot\silk_spot__img_05_4406743300_00427.jpg,1
silk_spot__img_05_4406743300_00435,silk_spot,test,C:\Users\anmol\OneDrive\Desktop\MobileNetV2\GC10-DET_PREPARED\IMAGES\silk_spot\silk_spot__img_05_4406743300_00435.jpg,1
silk_spot__img_05_4406743300_00482,silk_spot,test,C:\Users\anmol\OneDrive\Desktop\MobileNetV2\GC10-DET_PREPARED\IMAGES\silk_spot\silk_spot__img_05_4406743300_00482.jpg,1
silk_spot__img_05_4406743300_00486,silk_spot,test,C:\Users\anmol\OneDrive\Desktop\MobileNetV2\GC10-DET_PREPARED\IMAGES\silk_spot\silk_spot__img_05_4406743300_00486.jpg,1
silk_spot__img_05_4406743300_00520,silk_spot,test,C:\Users\anmol\OneDrive\Desktop\MobileNetV2\GC10-DET_PREPARED\IMAGES\silk_spot\silk_spot__img_05_4406743300_00520.jpg,1
silk_spot__img_05_4406743300_00523,silk_spot,test,C:\Users\anmol\OneDrive\Desktop\MobileNetV2\GC10-DET_PREPARED\IMAGES\silk_spot\silk_spot__img_05_4406743300_00523.jpg,1
silk_spot__img_05_4406743300_00554,silk_spot,test,C:\Users\anmol\OneDrive\Desktop\MobileNetV2\GC10-DET_PREPARED\IMAGES\silk_spot\silk_spot__img_05_4406743300_00554.jpg,1
silk_spot__img_05_4406743300_00570,silk_spot,test,C:\Users\anmol\OneDrive\Desktop\MobileNetV2\GC10-DET_PREPARED\IMAGES\silk_spot\silk_spot__img_05_4406743300_00570.jpg,1
silk_spot__img_06_4406645900_00475,silk_spot,test,C:\Users\anmol\OneDrive\Desktop\MobileNetV2\GC10-DET_PREPARED\IMAGES\silk_spot\silk_spot__img_06_4406645900_00475.jpg,1
silk_spot__img_06_4406645900_00477,silk_spot,test,C:\Users\anmol\OneDrive\Desktop\MobileNetV2\GC10-DET_PREPARED\IMAGES\silk_spot\silk_spot__img_06_4406645900_00477.jpg,1
silk_spot__img_06_4406645900_00480,silk_spot,test,C:\Users\anmol\OneDrive\Desktop\MobileNetV2\GC10-DET_PREPARED\IMAGES\silk_spot\silk_spot__img_06_4406645900_00480.jpg,1
silk_spot__img_06_4406645900_00481,silk_spot,test,C:\Users\anmol\OneDrive\Desktop\MobileNetV2\GC10-DET_PREPARED\IMAGES\silk_spot\silk_spot__img_06_4406645900_00481.jpg,1
silk_spot__img_06_4406645900_00501,silk_spot,test,C:\Users\anmol\OneDrive\Desktop\MobileNetV2\GC10-DET_PREPARED\IMAGES\silk_spot\silk_spot__img_06_4406645900_00501.jpg,1
silk_spot__img_06_4406743300_00023,silk_spot,test,C:\Users\anmol\OneDrive\Desktop\MobileNetV2\GC10-DET_PREPARED\IMAGES\silk_spot\silk_spot__img_06_4406743300_00023.jpg,1
silk_spot__img_06_4406743300_00034,silk_spot,test,C:\Users\anmol\OneDrive\Desktop\MobileNetV2\GC10-DET_PREPARED\IMAGES\silk_spot\silk_spot__img_06_4406743300_00034.jpg,1
silk_spot__img_06_4406743300_00042,silk_spot,test,C:\Users\anmol\OneDrive\Desktop\MobileNetV2\GC10-DET_PREPARED\IMAGES\silk_spot\silk_spot__img_06_4406743300_00042.jpg,1
silk_spot__img_06_4406743300_00052,silk_spot,test,C:\Users\anmol\OneDrive\Desktop\MobileNetV2\GC10-DET_PREPARED\IMAGES\silk_spot\silk_spot__img_06_4406743300_00052.jpg,1
silk_spot__img_06_4406743300_00082,silk_spot,test,C:\Users\anmol\OneDrive\Desktop\MobileNetV2\GC10-DET_PREPARED\IMAGES\silk_spot\silk_spot__img_06_4406743300_00082.jpg,1
silk_spot__img_06_4406743300_00087,silk_spot,test,C:\Users\anmol\OneDrive\Desktop\MobileNetV2\GC10-DET_PREPARED\IMAGES\silk_spot\silk_spot__img_06_4406743300_00087.jpg,1
silk_spot__img_06_4406743300_00094,silk_spot,test,C:\Users\anmol\OneDrive\Desktop\MobileNetV2\GC10-DET_PREPARED\IMAGES\silk_spot\silk_spot__img_06_4406743300_00094.jpg,1
silk_spot__img_06_4406743300_00101,silk_spot,test,C:\Users\anmol\OneDrive\Desktop\MobileNetV2\GC10-DET_PREPARED\IMAGES\silk_spot\silk_spot__img_06_4406743300_00101.jpg,1
silk_spot__img_07_4406645900_00145,silk_spot,test,C:\Users\anmol\OneDrive\Desktop\MobileNetV2\GC10-DET_PREPARED\IMAGES\silk_spot\silk_spot__img_07_4406645900_00145.jpg,1
silk_spot__img_07_4406645900_00152,silk_spot,test,C:\Users\anmol\OneDrive\Desktop\MobileNetV2\GC10-DET_PREPARED\IMAGES\silk_spot\silk_spot__img_07_4406645900_00152.jpg,1
silk_spot__img_07_4406645900_00502,silk_spot,test,C:\Users\anmol\OneDrive\Desktop\MobileNetV2\GC10-DET_PREPARED\IMAGES\silk_spot\silk_spot__img_07_4406645900_00502.jpg,1
silk_spot__img_07_4406645900_00522,silk_spot,test,C:\Users\anmol\OneDrive\Desktop\MobileNetV2\GC10-DET_PREPARED\IMAGES\silk_spot\silk_spot__img_07_4406645900_00522.jpg,1
silk_spot__img_07_4406645900_00530,silk_spot,test,C:\Users\anmol\OneDrive\Desktop\MobileNetV2\GC10-DET_PREPARED\IMAGES\silk_spot\silk_spot__img_07_4406645900_00530.jpg,1
silk_spot__img_07_4406645900_00531,silk_spot,test,C:\Users\anmol\OneDrive\Desktop\MobileNetV2\GC10-DET_PREPARED\IMAGES\silk_spot\silk_spot__img_07_4406645900_00531.jpg,1
silk_spot__img_07_4406645900_00559,silk_spot,test,C:\Users\anmol\OneDrive\Desktop\MobileNetV2\GC10-DET_PREPARED\IMAGES\silk_spot\silk_spot__img_07_4406645900_00559.jpg,1
silk_spot__img_07_4406645900_00657,silk_spot,test,C:\Users\anmol\OneDrive\Desktop\MobileNetV2\GC10-DET_PREPARED\IMAGES\silk_spot\silk_spot__img_07_4406645900_00657.jpg,1
silk_spot__img_07_4406645900_00676,silk_spot,test,C:\Users\anmol\OneDrive\Desktop\MobileNetV2\GC10-DET_PREPARED\IMAGES\silk_spot\silk_spot__img_07_4406645900_00676.jpg,1
silk_spot__img_07_4406645900_00746,silk_spot,test,C:\Users\anmol\OneDrive\Desktop\MobileNetV2\GC10-DET_PREPARED\IMAGES\silk_spot\silk_spot__img_07_4406645900_00746.jpg,1
silk_spot__img_07_4406645900_00781,silk_spot,test,C:\Users\anmol\OneDrive\Desktop\MobileNetV2\GC10-DET_PREPARED\IMAGES\silk_spot\silk_spot__img_07_4406645900_00781.jpg,1
silk_spot__img_07_4406645900_00805,silk_spot,test,C:\Users\anmol\OneDrive\Desktop\MobileNetV2\GC10-DET_PREPARED\IMAGES\silk_spot\silk_spot__img_07_4406645900_00805.jpg,1
silk_spot__img_07_4406645900_00850,silk_spot,test,C:\Users\anmol\OneDrive\Desktop\MobileNetV2\GC10-DET_PREPARED\IMAGES\silk_spot\silk_spot__img_07_4406645900_00850.jpg,1
silk_spot__img_07_4406743300_00039,silk_spot,test,C:\Users\anmol\OneDrive\Desktop\MobileNetV2\GC10-DET_PREPARED\IMAGES\silk_spot\silk_spot__img_07_4406743300_00039.jpg,2
silk_spot__img_07_4406743300_00095,silk_spot,test,C:\Users\anmol\OneDrive\Desktop\MobileNetV2\GC10-DET_PREPARED\IMAGES\silk_spot\silk_spot__img_07_4406743300_00095.jpg,1
silk_spot__img_08_431854700_00034,silk_spot,test,C:\Users\anmol\OneDrive\Desktop\MobileNetV2\GC10-DET_PREPARED\IMAGES\silk_spot\silk_spot__img_08_431854700_00034.jpg,1
silk_spot__img_08_4406743300_00019,silk_spot,test,C:\Users\anmol\OneDrive\Desktop\MobileNetV2\GC10-DET_PREPARED\IMAGES\silk_spot\silk_spot__img_08_4406743300_00019.jpg,1
silk_spot__img_08_4406743300_00374,silk_spot,test,C:\Users\anmol\OneDrive\Desktop\MobileNetV2\GC10-DET_PREPARED\IMAGES\silk_spot\silk_spot__img_08_4406743300_00374.jpg,1
silk_spot__img_08_4406743300_00384,silk_spot,test,C:\Users\anmol\OneDrive\Desktop\MobileNetV2\GC10-DET_PREPARED\IMAGES\silk_spot\silk_spot__img_08_4406743300_00384.jpg,1
silk_spot__img_08_4406743300_00388,silk_spot,test,C:\Users\anmol\OneDrive\Desktop\MobileNetV2\GC10-DET_PREPARED\IMAGES\silk_spot\silk_spot__img_08_4406743300_00388.jpg,1
silk_spot__img_08_4406743300_00392,silk_spot,test,C:\Users\anmol\OneDrive\Desktop\MobileNetV2\GC10-DET_PREPARED\IMAGES\silk_spot\silk_spot__img_08_4406743300_00392.jpg,1
silk_spot__img_08_4406743300_00397,silk_spot,test,C:\Users\anmol\OneDrive\Desktop\MobileNetV2\GC10-DET_PREPARED\IMAGES\silk_spot\silk_spot__img_08_4406743300_00397.jpg,1
silk_spot__img_08_4406743300_00399,silk_spot,test,C:\Users\anmol\OneDrive\Desktop\MobileNetV2\GC10-DET_PREPARED\IMAGES\silk_spot\silk_spot__img_08_4406743300_00399.jpg,1
silk_spot__img_08_4406743300_00420,silk_spot,test,C:\Users\anmol\OneDrive\Desktop\MobileNetV2\GC10-DET_PREPARED\IMAGES\silk_spot\silk_spot__img_08_4406743300_00420.jpg,1
silk_spot__img_08_4406743300_00422,silk_spot,test,C:\Users\anmol\OneDrive\Desktop\MobileNetV2\GC10-DET_PREPARED\IMAGES\silk_spot\silk_spot__img_08_4406743300_00422.jpg,1
silk_spot__img_08_4406743300_00428,silk_spot,test,C:\Users\anmol\OneDrive\Desktop\MobileNetV2\GC10-DET_PREPARED\IMAGES\silk_spot\silk_spot__img_08_4406743300_00428.jpg,1
silk_spot__img_08_4406743300_00439,silk_spot,test,C:\Users\anmol\OneDrive\Desktop\MobileNetV2\GC10-DET_PREPARED\IMAGES\silk_spot\silk_spot__img_08_4406743300_00439.jpg,1
silk_spot__img_08_4406743300_00446,silk_spot,test,C:\Users\anmol\OneDrive\Desktop\MobileNetV2\GC10-DET_PREPARED\IMAGES\silk_spot\silk_spot__img_08_4406743300_00446.jpg,1
silk_spot__img_08_4406743300_00698,silk_spot,test,C:\Users\anmol\OneDrive\Desktop\MobileNetV2\GC10-DET_PREPARED\IMAGES\silk_spot\silk_spot__img_08_4406743300_00698.jpg,1
waist_folding__img_03_4404612700_00049,waist_folding,test,C:\Users\anmol\OneDrive\Desktop\MobileNetV2\GC10-DET_PREPARED\IMAGES\waist_folding\waist_folding__img_03_4404612700_00049.jpg,1
waist_folding__img_06_3436639700_00760,waist_folding,test,C:\Users\anmol\OneDrive\Desktop\MobileNetV2\GC10-DET_PREPARED\IMAGES\waist_folding\waist_folding__img_06_3436639700_00760.jpg,1
waist_folding__img_06_3436814000_00679,waist_folding,test,C:\Users\anmol\OneDrive\Desktop\MobileNetV2\GC10-DET_PREPARED\IMAGES\waist_folding\waist_folding__img_06_3436814000_00679.jpg,1
waist_folding__img_06_3436814000_00691,waist_folding,test,C:\Users\anmol\OneDrive\Desktop\MobileNetV2\GC10-DET_PREPARED\IMAGES\waist_folding\waist_folding__img_06_3436814000_00691.jpg,1
waist_folding__img_06_3436814000_00693,waist_folding,test,C:\Users\anmol\OneDrive\Desktop\MobileNetV2\GC10-DET_PREPARED\IMAGES\waist_folding\waist_folding__img_06_3436814000_00693.jpg,1
waist_folding__img_06_3436814600_00007,waist_folding,test,C:\Users\anmol\OneDrive\Desktop\MobileNetV2\GC10-DET_PREPARED\IMAGES\waist_folding\waist_folding__img_06_3436814600_00007.jpg,1
waist_folding__img_06_424826800_00490,waist_folding,test,C:\Users\anmol\OneDrive\Desktop\MobileNetV2\GC10-DET_PREPARED\IMAGES\waist_folding\waist_folding__img_06_424826800_00490.jpg,1
waist_folding__img_06_424826800_00494,waist_folding,test,C:\Users\anmol\OneDrive\Desktop\MobileNetV2\GC10-DET_PREPARED\IMAGES\waist_folding\waist_folding__img_06_424826800_00494.jpg,1
waist_folding__img_06_424826800_00499,waist_folding,test,C:\Users\anmol\OneDrive\Desktop\MobileNetV2\GC10-DET_PREPARED\IMAGES\waist_folding\waist_folding__img_06_424826800_00499.jpg,1
waist_folding__img_06_424826800_00500,waist_folding,test,C:\Users\anmol\OneDrive\Desktop\MobileNetV2\GC10-DET_PREPARED\IMAGES\waist_folding\waist_folding__img_06_424826800_00500.jpg,1
waist_folding__img_06_425614600_00406,waist_folding,test,C:\Users\anmol\OneDrive\Desktop\MobileNetV2\GC10-DET_PREPARED\IMAGES\waist_folding\waist_folding__img_06_425614600_00406.jpg,1
waist_folding__img_06_425614600_00423,waist_folding,test,C:\Users\anmol\OneDrive\Desktop\MobileNetV2\GC10-DET_PREPARED\IMAGES\waist_folding\waist_folding__img_06_425614600_00423.jpg,1
waist_folding__img_06_436164700_01537,waist_folding,test,C:\Users\anmol\OneDrive\Desktop\MobileNetV2\GC10-DET_PREPARED\IMAGES\waist_folding\waist_folding__img_06_436164700_01537.jpg,1
waist_folding__img_06_4404374100_01350,waist_folding,test,C:\Users\anmol\OneDrive\Desktop\MobileNetV2\GC10-DET_PREPARED\IMAGES\waist_folding\waist_folding__img_06_4404374100_01350.jpg,1
waist_folding__img_06_4405377100_00032,waist_folding,test,C:\Users\anmol\OneDrive\Desktop\MobileNetV2\GC10-DET_PREPARED\IMAGES\waist_folding\waist_folding__img_06_4405377100_00032.jpg,1
waist_folding__img_07_3436785900_00004,waist_folding,test,C:\Users\anmol\OneDrive\Desktop\MobileNetV2\GC10-DET_PREPARED\IMAGES\waist_folding\waist_folding__img_07_3436785900_00004.jpg,1
waist_folding__img_07_3436814000_00010,waist_folding,test,C:\Users\anmol\OneDrive\Desktop\MobileNetV2\GC10-DET_PREPARED\IMAGES\waist_folding\waist_folding__img_07_3436814000_00010.jpg,1
waist_folding__img_07_427199900_00008,waist_folding,test,C:\Users\anmol\OneDrive\Desktop\MobileNetV2\GC10-DET_PREPARED\IMAGES\waist_folding\waist_folding__img_07_427199900_00008.jpg,1
waist_folding__img_07_436164700_01536,waist_folding,test,C:\Users\anmol\OneDrive\Desktop\MobileNetV2\GC10-DET_PREPARED\IMAGES\waist_folding\waist_folding__img_07_436164700_01536.jpg,1
waist_folding__img_07_436164700_01551,waist_folding,test,C:\Users\anmol\OneDrive\Desktop\MobileNetV2\GC10-DET_PREPARED\IMAGES\waist_folding\waist_folding__img_07_436164700_01551.jpg,1
waist_folding__img_07_436164700_01552,waist_folding,test,C:\Users\anmol\OneDrive\Desktop\MobileNetV2\GC10-DET_PREPARED\IMAGES\waist_folding\waist_folding__img_07_436164700_01552.jpg,1
waist_folding__img_07_4402719200_00026,waist_folding,test,C:\Users\anmol\OneDrive\Desktop\MobileNetV2\GC10-DET_PREPARED\IMAGES\waist_folding\waist_folding__img_07_4402719200_00026.jpg,1
waist_folding__img_07_4402719500_00001,waist_folding,test,C:\Users\anmol\OneDrive\Desktop\MobileNetV2\GC10-DET_PREPARED\IMAGES\waist_folding\waist_folding__img_07_4402719500_00001.jpg,1
waist_folding__img_07_4404374100_01265,waist_folding,test,C:\Users\anmol\OneDrive\Desktop\MobileNetV2\GC10-DET_PREPARED\IMAGES\waist_folding\waist_folding__img_07_4404374100_01265.jpg,1
waist_folding__img_07_4404374100_01367,waist_folding,test,C:\Users\anmol\OneDrive\Desktop\MobileNetV2\GC10-DET_PREPARED\IMAGES\waist_folding\waist_folding__img_07_4404374100_01367.jpg,1
waist_folding__img_07_4405133600_00036,waist_folding,test,C:\Users\anmol\OneDrive\Desktop\MobileNetV2\GC10-DET_PREPARED\IMAGES\waist_folding\waist_folding__img_07_4405133600_00036.jpg,1
waist_folding__img_07_4406645900_00897,waist_folding,test,C:\Users\anmol\OneDrive\Desktop\MobileNetV2\GC10-DET_PREPARED\IMAGES\waist_folding\waist_folding__img_07_4406645900_00897.jpg,1
waist_folding__img_07_SIS002353_00788,waist_folding,test,C:\Users\anmol\OneDrive\Desktop\MobileNetV2\GC10-DET_PREPARED\IMAGES\waist_folding\waist_folding__img_07_SIS002353_00788.jpg,1
waist_folding__img_08_425501100_00051,waist_folding,test,C:\Users\anmol\OneDrive\Desktop\MobileNetV2\GC10-DET_PREPARED\IMAGES\waist_folding\waist_folding__img_08_425501100_00051.jpg,1
water_spot__img_01_425000300_00520,water_spot,test,C:\Users\anmol\OneDrive\Desktop\MobileNetV2\GC10-DET_PREPARED\IMAGES\water_spot\water_spot__img_01_425000300_00520.jpg,1
water_spot__img_01_425006200_00530,water_spot,test,C:\Users\anmol\OneDrive\Desktop\MobileNetV2\GC10-DET_PREPARED\IMAGES\water_spot\water_spot__img_01_425006200_00530.jpg,1
water_spot__img_01_425006200_00929,water_spot,test,C:\Users\anmol\OneDrive\Desktop\MobileNetV2\GC10-DET_PREPARED\IMAGES\water_spot\water_spot__img_01_425006200_00929.jpg,1
water_spot__img_01_425006600_00499,water_spot,test,C:\Users\anmol\OneDrive\Desktop\MobileNetV2\GC10-DET_PREPARED\IMAGES\water_spot\water_spot__img_01_425006600_00499.jpg,1
water_spot__img_01_425006600_00905,water_spot,test,C:\Users\anmol\OneDrive\Desktop\MobileNetV2\GC10-DET_PREPARED\IMAGES\water_spot\water_spot__img_01_425006600_00905.jpg,1
water_spot__img_01_425006800_00262,water_spot,test,C:\Users\anmol\OneDrive\Desktop\MobileNetV2\GC10-DET_PREPARED\IMAGES\water_spot\water_spot__img_01_425006800_00262.jpg,1
water_spot__img_01_425007600_00126,water_spot,test,C:\Users\anmol\OneDrive\Desktop\MobileNetV2\GC10-DET_PREPARED\IMAGES\water_spot\water_spot__img_01_425007600_00126.jpg,1
water_spot__img_01_425007600_00674,water_spot,test,C:\Users\anmol\OneDrive\Desktop\MobileNetV2\GC10-DET_PREPARED\IMAGES\water_spot\water_spot__img_01_425007600_00674.jpg,2
water_spot__img_01_425008000_00071,water_spot,test,C:\Users\anmol\OneDrive\Desktop\MobileNetV2\GC10-DET_PREPARED\IMAGES\water_spot\water_spot__img_01_425008000_00071.jpg,2
water_spot__img_01_425008000_00252,water_spot,test,C:\Users\anmol\OneDrive\Desktop\MobileNetV2\GC10-DET_PREPARED\IMAGES\water_spot\water_spot__img_01_425008000_00252.jpg,1
water_spot__img_01_425008500_00104,water_spot,test,C:\Users\anmol\OneDrive\Desktop\MobileNetV2\GC10-DET_PREPARED\IMAGES\water_spot\water_spot__img_01_425008500_00104.jpg,1
water_spot__img_01_425241400_00039,water_spot,test,C:\Users\anmol\OneDrive\Desktop\MobileNetV2\GC10-DET_PREPARED\IMAGES\water_spot\water_spot__img_01_425241400_00039.jpg,1
water_spot__img_01_425241500_01125,water_spot,test,C:\Users\anmol\OneDrive\Desktop\MobileNetV2\GC10-DET_PREPARED\IMAGES\water_spot\water_spot__img_01_425241500_01125.jpg,1
water_spot__img_01_425241700_00432,water_spot,test,C:\Users\anmol\OneDrive\Desktop\MobileNetV2\GC10-DET_PREPARED\IMAGES\water_spot\water_spot__img_01_425241700_00432.jpg,1
water_spot__img_01_4403565100_00003,water_spot,test,C:\Users\anmol\OneDrive\Desktop\MobileNetV2\GC10-DET_PREPARED\IMAGES\water_spot\water_spot__img_01_4403565100_00003.jpg,1
water_spot__img_01_4403565100_00007,water_spot,test,C:\Users\anmol\OneDrive\Desktop\MobileNetV2\GC10-DET_PREPARED\IMAGES\water_spot\water_spot__img_01_4403565100_00007.jpg,1
water_spot__img_01_4403565100_00038,water_spot,test,C:\Users\anmol\OneDrive\Desktop\MobileNetV2\GC10-DET_PREPARED\IMAGES\water_spot\water_spot__img_01_4403565100_00038.jpg,1
water_spot__img_02_3436813700_00265,water_spot,test,C:\Users\anmol\OneDrive\Desktop\MobileNetV2\GC10-DET_PREPARED\IMAGES\water_spot\water_spot__img_02_3436813700_00265.jpg,1
water_spot__img_02_3436813700_00269,water_spot,test,C:\Users\anmol\OneDrive\Desktop\MobileNetV2\GC10-DET_PREPARED\IMAGES\water_spot\water_spot__img_02_3436813700_00269.jpg,2
water_spot__img_02_3436813700_00270,water_spot,test,C:\Users\anmol\OneDrive\Desktop\MobileNetV2\GC10-DET_PREPARED\IMAGES\water_spot\water_spot__img_02_3436813700_00270.jpg,1
water_spot__img_02_3436813700_00300,water_spot,test,C:\Users\anmol\OneDrive\Desktop\MobileNetV2\GC10-DET_PREPARED\IMAGES\water_spot\water_spot__img_02_3436813700_00300.jpg,1
water_spot__img_02_3436813700_00318,water_spot,test,C:\Users\anmol\OneDrive\Desktop\MobileNetV2\GC10-DET_PREPARED\IMAGES\water_spot\water_spot__img_02_3436813700_00318.jpg,1
water_spot__img_02_3436813700_00320,water_spot,test,C:\Users\anmol\OneDrive\Desktop\MobileNetV2\GC10-DET_PREPARED\IMAGES\water_spot\water_spot__img_02_3436813700_00320.jpg,1
water_spot__img_02_3436813700_00788,water_spot,test,C:\Users\anmol\OneDrive\Desktop\MobileNetV2\GC10-DET_PREPARED\IMAGES\water_spot\water_spot__img_02_3436813700_00788.jpg,1
water_spot__img_02_3436813700_00794,water_spot,test,C:\Users\anmol\OneDrive\Desktop\MobileNetV2\GC10-DET_PREPARED\IMAGES\water_spot\water_spot__img_02_3436813700_00794.jpg,1
water_spot__img_02_424799200_00387,water_spot,test,C:\Users\anmol\OneDrive\Desktop\MobileNetV2\GC10-DET_PREPARED\IMAGES\water_spot\water_spot__img_02_424799200_00387.jpg,1
water_spot__img_02_425508600_00684,water_spot,test,C:\Users\anmol\OneDrive\Desktop\MobileNetV2\GC10-DET_PREPARED\IMAGES\water_spot\water_spot__img_02_425508600_00684.jpg,1
water_spot__img_02_425621800_00910,water_spot,test,C:\Users\anmol\OneDrive\Desktop\MobileNetV2\GC10-DET_PREPARED\IMAGES\water_spot\water_spot__img_02_425621800_00910.jpg,1
water_spot__img_02_425622000_00002,water_spot,test,C:\Users\anmol\OneDrive\Desktop\MobileNetV2\GC10-DET_PREPARED\IMAGES\water_spot\water_spot__img_02_425622000_00002.jpg,1
water_spot__img_02_425646200_00629,water_spot,test,C:\Users\anmol\OneDrive\Desktop\MobileNetV2\GC10-DET_PREPARED\IMAGES\water_spot\water_spot__img_02_425646200_00629.jpg,1
water_spot__img_02_436151900_00101,water_spot,test,C:\Users\anmol\OneDrive\Desktop\MobileNetV2\GC10-DET_PREPARED\IMAGES\water_spot\water_spot__img_02_436151900_00101.jpg,1
water_spot__img_02_4403465900_00034,water_spot,test,C:\Users\anmol\OneDrive\Desktop\MobileNetV2\GC10-DET_PREPARED\IMAGES\water_spot\water_spot__img_02_4403465900_00034.jpg,1
water_spot__img_02_4403466200_00005,water_spot,test,C:\Users\anmol\OneDrive\Desktop\MobileNetV2\GC10-DET_PREPARED\IMAGES\water_spot\water_spot__img_02_4403466200_00005.jpg,3
water_spot__img_02_4403466600_00019,water_spot,test,C:\Users\anmol\OneDrive\Desktop\MobileNetV2\GC10-DET_PREPARED\IMAGES\water_spot\water_spot__img_02_4403466600_00019.jpg,1
water_spot__img_02_4404580000_00068,water_spot,test,C:\Users\anmol\OneDrive\Desktop\MobileNetV2\GC10-DET_PREPARED\IMAGES\water_spot\water_spot__img_02_4404580000_00068.jpg,1
water_spot__img_02_4406772100_00221,water_spot,test,C:\Users\anmol\OneDrive\Desktop\MobileNetV2\GC10-DET_PREPARED\IMAGES\water_spot\water_spot__img_02_4406772100_00221.jpg,1
water_spot__img_02_4406772100_00324,water_spot,test,C:\Users\anmol\OneDrive\Desktop\MobileNetV2\GC10-DET_PREPARED\IMAGES\water_spot\water_spot__img_02_4406772100_00324.jpg,1
water_spot__img_02_4406772100_00602,water_spot,test,C:\Users\anmol\OneDrive\Desktop\MobileNetV2\GC10-DET_PREPARED\IMAGES\water_spot\water_spot__img_02_4406772100_00602.jpg,3
water_spot__img_02_4406772100_00695,water_spot,test,C:\Users\anmol\OneDrive\Desktop\MobileNetV2\GC10-DET_PREPARED\IMAGES\water_spot\water_spot__img_02_4406772100_00695.jpg,1
water_spot__img_02_4406772100_00755,water_spot,test,C:\Users\anmol\OneDrive\Desktop\MobileNetV2\GC10-DET_PREPARED\IMAGES\water_spot\water_spot__img_02_4406772100_00755.jpg,1
water_spot__img_03_3402617700_00386,water_spot,test,C:\Users\anmol\OneDrive\Desktop\MobileNetV2\GC10-DET_PREPARED\IMAGES\water_spot\water_spot__img_03_3402617700_00386.jpg,1
water_spot__img_03_424712600_00016,water_spot,test,C:\Users\anmol\OneDrive\Desktop\MobileNetV2\GC10-DET_PREPARED\IMAGES\water_spot\water_spot__img_03_424712600_00016.jpg,1
water_spot__img_03_424799600_00324,water_spot,test,C:\Users\anmol\OneDrive\Desktop\MobileNetV2\GC10-DET_PREPARED\IMAGES\water_spot\water_spot__img_03_424799600_00324.jpg,1
water_spot__img_03_424825900_00909,water_spot,test,C:\Users\anmol\OneDrive\Desktop\MobileNetV2\GC10-DET_PREPARED\IMAGES\water_spot\water_spot__img_03_424825900_00909.jpg,1
water_spot__img_03_424826800_00254,water_spot,test,C:\Users\anmol\OneDrive\Desktop\MobileNetV2\GC10-DET_PREPARED\IMAGES\water_spot\water_spot__img_03_424826800_00254.jpg,1
water_spot__img_03_424992300_00206,water_spot,test,C:\Users\anmol\OneDrive\Desktop\MobileNetV2\GC10-DET_PREPARED\IMAGES\water_spot\water_spot__img_03_424992300_00206.jpg,1
water_spot__img_03_424992500_00228,water_spot,test,C:\Users\anmol\OneDrive\Desktop\MobileNetV2\GC10-DET_PREPARED\IMAGES\water_spot\water_spot__img_03_424992500_00228.jpg,1
water_spot__img_03_436164300_00327,water_spot,test,C:\Users\anmol\OneDrive\Desktop\MobileNetV2\GC10-DET_PREPARED\IMAGES\water_spot\water_spot__img_03_436164300_00327.jpg,1
water_spot__img_03_436164500_01130,water_spot,test,C:\Users\anmol\OneDrive\Desktop\MobileNetV2\GC10-DET_PREPARED\IMAGES\water_spot\water_spot__img_03_436164500_01130.jpg,1
water_spot__img_03_436185500_00212,water_spot,test,C:\Users\anmol\OneDrive\Desktop\MobileNetV2\GC10-DET_PREPARED\IMAGES\water_spot\water_spot__img_03_436185500_00212.jpg,1
water_spot__img_03_SIS001540_00772,water_spot,test,C:\Users\anmol\OneDrive\Desktop\MobileNetV2\GC10-DET_PREPARED\IMAGES\water_spot\water_spot__img_03_SIS001540_00772.jpg,1
water_spot__img_03_SIS001540_00788,water_spot,test,C:\Users\anmol\OneDrive\Desktop\MobileNetV2\GC10-DET_PREPARED\IMAGES\water_spot\water_spot__img_03_SIS001540_00788.jpg,1
water_spot__img_03_SIS001540_00800,water_spot,test,C:\Users\anmol\OneDrive\Desktop\MobileNetV2\GC10-DET_PREPARED\IMAGES\water_spot\water_spot__img_03_SIS001540_00800.jpg,1
water_spot__img_04_425237600_00367,water_spot,test,C:\Users\anmol\OneDrive\Desktop\MobileNetV2\GC10-DET_PREPARED\IMAGES\water_spot\water_spot__img_04_425237600_00367.jpg,1
water_spot__img_04_436162900_00016,water_spot,test,C:\Users\anmol\OneDrive\Desktop\MobileNetV2\GC10-DET_PREPARED\IMAGES\water_spot\water_spot__img_04_436162900_00016.jpg,1
water_spot__img_08_4403744200_01175,water_spot,test,C:\Users\anmol\OneDrive\Desktop\MobileNetV2\GC10-DET_PREPARED\IMAGES\water_spot\water_spot__img_08_4403744200_01175.jpg,1
water_spot__img_08_4403744200_01177,water_spot,test,C:\Users\anmol\OneDrive\Desktop\MobileNetV2\GC10-DET_PREPARED\IMAGES\water_spot\water_spot__img_08_4403744200_01177.jpg,1
welding_line__img_01_425392100_00017,welding_line,test,C:\Users\anmol\OneDrive\Desktop\MobileNetV2\GC10-DET_PREPARED\IMAGES\welding_line\welding_line__img_01_425392100_00017.jpg,3
welding_line__img_01_425508300_00017,welding_line,test,C:\Users\anmol\OneDrive\Desktop\MobileNetV2\GC10-DET_PREPARED\IMAGES\welding_line\welding_line__img_01_425508300_00017.jpg,1
welding_line__img_01_425637700_00001,welding_line,test,C:\Users\anmol\OneDrive\Desktop\MobileNetV2\GC10-DET_PREPARED\IMAGES\welding_line\welding_line__img_01_425637700_00001.jpg,2
welding_line__img_01_432220200_00001,welding_line,test,C:\Users\anmol\OneDrive\Desktop\MobileNetV2\GC10-DET_PREPARED\IMAGES\welding_line\welding_line__img_01_432220200_00001.jpg,1
welding_line__img_01_4402540800_01483,welding_line,test,C:\Users\anmol\OneDrive\Desktop\MobileNetV2\GC10-DET_PREPARED\IMAGES\welding_line\welding_line__img_01_4402540800_01483.jpg,3
welding_line__img_02_3402617200_00001,welding_line,test,C:\Users\anmol\OneDrive\Desktop\MobileNetV2\GC10-DET_PREPARED\IMAGES\welding_line\welding_line__img_02_3402617200_00001.jpg,2
welding_line__img_02_3402617400_01103,welding_line,test,C:\Users\anmol\OneDrive\Desktop\MobileNetV2\GC10-DET_PREPARED\IMAGES\welding_line\welding_line__img_02_3402617400_01103.jpg,3
welding_line__img_02_3402617700_01009,welding_line,test,C:\Users\anmol\OneDrive\Desktop\MobileNetV2\GC10-DET_PREPARED\IMAGES\welding_line\welding_line__img_02_3402617700_01009.jpg,3
welding_line__img_02_3403405400_00930,welding_line,test,C:\Users\anmol\OneDrive\Desktop\MobileNetV2\GC10-DET_PREPARED\IMAGES\welding_line\welding_line__img_02_3403405400_00930.jpg,3
welding_line__img_02_425389800_00017,welding_line,test,C:\Users\anmol\OneDrive\Desktop\MobileNetV2\GC10-DET_PREPARED\IMAGES\welding_line\welding_line__img_02_425389800_00017.jpg,3
welding_line__img_02_425391100_00017,welding_line,test,C:\Users\anmol\OneDrive\Desktop\MobileNetV2\GC10-DET_PREPARED\IMAGES\welding_line\welding_line__img_02_425391100_00017.jpg,2
welding_line__img_02_425392400_00018,welding_line,test,C:\Users\anmol\OneDrive\Desktop\MobileNetV2\GC10-DET_PREPARED\IMAGES\welding_line\welding_line__img_02_425392400_00018.jpg,3
welding_line__img_02_425614600_00001,welding_line,test,C:\Users\anmol\OneDrive\Desktop\MobileNetV2\GC10-DET_PREPARED\IMAGES\welding_line\welding_line__img_02_425614600_00001.jpg,1
welding_line__img_02_425616500_00770,welding_line,test,C:\Users\anmol\OneDrive\Desktop\MobileNetV2\GC10-DET_PREPARED\IMAGES\welding_line\welding_line__img_02_425616500_00770.jpg,1
welding_line__img_02_436164700_00001,welding_line,test,C:\Users\anmol\OneDrive\Desktop\MobileNetV2\GC10-DET_PREPARED\IMAGES\welding_line\welding_line__img_02_436164700_00001.jpg,2
welding_line__img_02_436165600_00025,welding_line,test,C:\Users\anmol\OneDrive\Desktop\MobileNetV2\GC10-DET_PREPARED\IMAGES\welding_line\welding_line__img_02_436165600_00025.jpg,1
welding_line__img_02_4402541100_00001,welding_line,test,C:\Users\anmol\OneDrive\Desktop\MobileNetV2\GC10-DET_PREPARED\IMAGES\welding_line\welding_line__img_02_4402541100_00001.jpg,3
welding_line__img_03_3402617700_01009,welding_line,test,C:\Users\anmol\OneDrive\Desktop\MobileNetV2\GC10-DET_PREPARED\IMAGES\welding_line\welding_line__img_03_3402617700_01009.jpg,2
welding_line__img_03_425391900_00018,welding_line,test,C:\Users\anmol\OneDrive\Desktop\MobileNetV2\GC10-DET_PREPARED\IMAGES\welding_line\welding_line__img_03_425391900_00018.jpg,2
welding_line__img_03_436068600_00001,welding_line,test,C:\Users\anmol\OneDrive\Desktop\MobileNetV2\GC10-DET_PREPARED\IMAGES\welding_line\welding_line__img_03_436068600_00001.jpg,2
welding_line__img_03_436150100_00001,welding_line,test,C:\Users\anmol\OneDrive\Desktop\MobileNetV2\GC10-DET_PREPARED\IMAGES\welding_line\welding_line__img_03_436150100_00001.jpg,1
welding_line__img_03_436153300_00001,welding_line,test,C:\Users\anmol\OneDrive\Desktop\MobileNetV2\GC10-DET_PREPARED\IMAGES\welding_line\welding_line__img_03_436153300_00001.jpg,1
welding_line__img_03_436165200_00707,welding_line,test,C:\Users\anmol\OneDrive\Desktop\MobileNetV2\GC10-DET_PREPARED\IMAGES\welding_line\welding_line__img_03_436165200_00707.jpg,2
welding_line__img_03_436184600_00002,welding_line,test,C:\Users\anmol\OneDrive\Desktop\MobileNetV2\GC10-DET_PREPARED\IMAGES\welding_line\welding_line__img_03_436184600_00002.jpg,2
welding_line__img_03_436185000_00003,welding_line,test,C:\Users\anmol\OneDrive\Desktop\MobileNetV2\GC10-DET_PREPARED\IMAGES\welding_line\welding_line__img_03_436185000_00003.jpg,2
welding_line__img_03_436185700_00002,welding_line,test,C:\Users\anmol\OneDrive\Desktop\MobileNetV2\GC10-DET_PREPARED\IMAGES\welding_line\welding_line__img_03_436185700_00002.jpg,2
welding_line__img_03_4406645900_00001,welding_line,test,C:\Users\anmol\OneDrive\Desktop\MobileNetV2\GC10-DET_PREPARED\IMAGES\welding_line\welding_line__img_03_4406645900_00001.jpg,2
welding_line__img_04_3436787300_00002,welding_line,test,C:\Users\anmol\OneDrive\Desktop\MobileNetV2\GC10-DET_PREPARED\IMAGES\welding_line\welding_line__img_04_3436787300_00002.jpg,1
welding_line__img_04_425380900_00001,welding_line,test,C:\Users\anmol\OneDrive\Desktop\MobileNetV2\GC10-DET_PREPARED\IMAGES\welding_line\welding_line__img_04_425380900_00001.jpg,1
welding_line__img_04_4402785000_00001,welding_line,test,C:\Users\anmol\OneDrive\Desktop\MobileNetV2\GC10-DET_PREPARED\IMAGES\welding_line\welding_line__img_04_4402785000_00001.jpg,1
welding_line__img_04_4402851900_00001,welding_line,test,C:\Users\anmol\OneDrive\Desktop\MobileNetV2\GC10-DET_PREPARED\IMAGES\welding_line\welding_line__img_04_4402851900_00001.jpg,1
welding_line__img_05_3403334300_00854,welding_line,test,C:\Users\anmol\OneDrive\Desktop\MobileNetV2\GC10-DET_PREPARED\IMAGES\welding_line\welding_line__img_05_3403334300_00854.jpg,1
welding_line__img_06_3403404000_00928,welding_line,test,C:\Users\anmol\OneDrive\Desktop\MobileNetV2\GC10-DET_PREPARED\IMAGES\welding_line\welding_line__img_06_3403404000_00928.jpg,1
welding_line__img_06_3403406000_00825,welding_line,test,C:\Users\anmol\OneDrive\Desktop\MobileNetV2\GC10-DET_PREPARED\IMAGES\welding_line\welding_line__img_06_3403406000_00825.jpg,2
welding_line__img_06_3436815600_01098,welding_line,test,C:\Users\anmol\OneDrive\Desktop\MobileNetV2\GC10-DET_PREPARED\IMAGES\welding_line\welding_line__img_06_3436815600_01098.jpg,2
welding_line__img_06_3437011300_00001,welding_line,test,C:\Users\anmol\OneDrive\Desktop\MobileNetV2\GC10-DET_PREPARED\IMAGES\welding_line\welding_line__img_06_3437011300_00001.jpg,2
welding_line__img_06_425389900_00054,welding_line,test,C:\Users\anmol\OneDrive\Desktop\MobileNetV2\GC10-DET_PREPARED\IMAGES\welding_line\welding_line__img_06_425389900_00054.jpg,2
welding_line__img_06_425502600_00053,welding_line,test,C:\Users\anmol\OneDrive\Desktop\MobileNetV2\GC10-DET_PREPARED\IMAGES\welding_line\welding_line__img_06_425502600_00053.jpg,1
welding_line__img_06_436164200_00003,welding_line,test,C:\Users\anmol\OneDrive\Desktop\MobileNetV2\GC10-DET_PREPARED\IMAGES\welding_line\welding_line__img_06_436164200_00003.jpg,2
welding_line__img_06_436164500_01565,welding_line,test,C:\Users\anmol\OneDrive\Desktop\MobileNetV2\GC10-DET_PREPARED\IMAGES\welding_line\welding_line__img_06_436164500_01565.jpg,2
welding_line__img_06_4406743300_00001,welding_line,test,C:\Users\anmol\OneDrive\Desktop\MobileNetV2\GC10-DET_PREPARED\IMAGES\welding_line\welding_line__img_06_4406743300_00001.jpg,1
welding_line__img_07_3403334300_00854,welding_line,test,C:\Users\anmol\OneDrive\Desktop\MobileNetV2\GC10-DET_PREPARED\IMAGES\welding_line\welding_line__img_07_3403334300_00854.jpg,1
welding_line__img_07_3403334800_00898,welding_line,test,C:\Users\anmol\OneDrive\Desktop\MobileNetV2\GC10-DET_PREPARED\IMAGES\welding_line\welding_line__img_07_3403334800_00898.jpg,1
welding_line__img_07_3403403900_00809,welding_line,test,C:\Users\anmol\OneDrive\Desktop\MobileNetV2\GC10-DET_PREPARED\IMAGES\welding_line\welding_line__img_07_3403403900_00809.jpg,2
welding_line__img_07_3403404500_01254,welding_line,test,C:\Users\anmol\OneDrive\Desktop\MobileNetV2\GC10-DET_PREPARED\IMAGES\welding_line\welding_line__img_07_3403404500_01254.jpg,2
welding_line__img_07_3403405500_00670,welding_line,test,C:\Users\anmol\OneDrive\Desktop\MobileNetV2\GC10-DET_PREPARED\IMAGES\welding_line\welding_line__img_07_3403405500_00670.jpg,1
welding_line__img_07_425503000_00053,welding_line,test,C:\Users\anmol\OneDrive\Desktop\MobileNetV2\GC10-DET_PREPARED\IMAGES\welding_line\welding_line__img_07_425503000_00053.jpg,2
welding_line__img_07_436164500_01565,welding_line,test,C:\Users\anmol\OneDrive\Desktop\MobileNetV2\GC10-DET_PREPARED\IMAGES\welding_line\welding_line__img_07_436164500_01565.jpg,2
welding_line__img_07_4404612800_00999,welding_line,test,C:\Users\anmol\OneDrive\Desktop\MobileNetV2\GC10-DET_PREPARED\IMAGES\welding_line\welding_line__img_07_4404612800_00999.jpg,1
welding_line__img_07_4404613900_01090,welding_line,test,C:\Users\anmol\OneDrive\Desktop\MobileNetV2\GC10-DET_PREPARED\IMAGES\welding_line\welding_line__img_07_4404613900_01090.jpg,1
welding_line__img_07_4404893900_00568,welding_line,test,C:\Users\anmol\OneDrive\Desktop\MobileNetV2\GC10-DET_PREPARED\IMAGES\welding_line\welding_line__img_07_4404893900_00568.jpg,1
welding_line__img_07_4404897500_00875,welding_line,test,C:\Users\anmol\OneDrive\Desktop\MobileNetV2\GC10-DET_PREPARED\IMAGES\welding_line\welding_line__img_07_4404897500_00875.jpg,1
welding_line__img_08_3436783900_01352,welding_line,test,C:\Users\anmol\OneDrive\Desktop\MobileNetV2\GC10-DET_PREPARED\IMAGES\welding_line\welding_line__img_08_3436783900_01352.jpg,1
welding_line__img_08_4402304700_01005,welding_line,test,C:\Users\anmol\OneDrive\Desktop\MobileNetV2\GC10-DET_PREPARED\IMAGES\welding_line\welding_line__img_08_4402304700_01005.jpg,1
welding_line__img_08_4405167700_00657,welding_line,test,C:\Users\anmol\OneDrive\Desktop\MobileNetV2\GC10-DET_PREPARED\IMAGES\welding_line\welding_line__img_08_4405167700_00657.jpg,1
crease__img_01_3436789500_00004,crease,train,C:\Users\anmol\OneDrive\Desktop\MobileNetV2\GC10-DET_PREPARED\IMAGES\crease\crease__img_01_3436789500_00004.jpg,2
crease__img_01_425382900_00002,crease,train,C:\Users\anmol\OneDrive\Desktop\MobileNetV2\GC10-DET_PREPARED\IMAGES\crease\crease__img_01_425382900_00002.jpg,1
crease__img_01_425501700_00022,crease,train,C:\Users\anmol\OneDrive\Desktop\MobileNetV2\GC10-DET_PREPARED\IMAGES\crease\crease__img_01_425501700_00022.jpg,1
crease__img_01_429539000_00002,crease,train,C:\Users\anmol\OneDrive\Desktop\MobileNetV2\GC10-DET_PREPARED\IMAGES\crease\crease__img_01_429539000_00002.jpg,2
crease__img_01_4402117200_00003,crease,train,C:\Users\anmol\OneDrive\Desktop\MobileNetV2\GC10-DET_PREPARED\IMAGES\crease\crease__img_01_4402117200_00003.jpg,1
crease__img_01_4403690400_00005,crease,train,C:\Users\anmol\OneDrive\Desktop\MobileNetV2\GC10-DET_PREPARED\IMAGES\crease\crease__img_01_4403690400_00005.jpg,1
crease__img_02_3436789500_00005,crease,train,C:\Users\anmol\OneDrive\Desktop\MobileNetV2\GC10-DET_PREPARED\IMAGES\crease\crease__img_02_3436789500_00005.jpg,2
crease__img_02_4406430100_00002,crease,train,C:\Users\anmol\OneDrive\Desktop\MobileNetV2\GC10-DET_PREPARED\IMAGES\crease\crease__img_02_4406430100_00002.jpg,1
crease__img_02_4406783500_00004,crease,train,C:\Users\anmol\OneDrive\Desktop\MobileNetV2\GC10-DET_PREPARED\IMAGES\crease\crease__img_02_4406783500_00004.jpg,2
crease__img_02_4406783500_00008,crease,train,C:\Users\anmol\OneDrive\Desktop\MobileNetV2\GC10-DET_PREPARED\IMAGES\crease\crease__img_02_4406783500_00008.jpg,3
crease__img_02_4406783500_00009,crease,train,C:\Users\anmol\OneDrive\Desktop\MobileNetV2\GC10-DET_PREPARED\IMAGES\crease\crease__img_02_4406783500_00009.jpg,3
crease__img_02_4406783500_00010,crease,train,C:\Users\anmol\OneDrive\Desktop\MobileNetV2\GC10-DET_PREPARED\IMAGES\crease\crease__img_02_4406783500_00010.jpg,3
crease__img_03_4405964400_00010,crease,train,C:\Users\anmol\OneDrive\Desktop\MobileNetV2\GC10-DET_PREPARED\IMAGES\crease\crease__img_03_4405964400_00010.jpg,1
crease__img_03_4406783500_00009,crease,train,C:\Users\anmol\OneDrive\Desktop\MobileNetV2\GC10-DET_PREPARED\IMAGES\crease\crease__img_03_4406783500_00009.jpg,3
crease__img_04_4401672100_00003,crease,train,C:\Users\anmol\OneDrive\Desktop\MobileNetV2\GC10-DET_PREPARED\IMAGES\crease\crease__img_04_4401672100_00003.jpg,2
crease__img_04_4402116700_00002,crease,train,C:\Users\anmol\OneDrive\Desktop\MobileNetV2\GC10-DET_PREPARED\IMAGES\crease\crease__img_04_4402116700_00002.jpg,1
crease__img_04_4402117000_00004,crease,train,C:\Users\anmol\OneDrive\Desktop\MobileNetV2\GC10-DET_PREPARED\IMAGES\crease\crease__img_04_4402117000_00004.jpg,2
crease__img_04_4402766700_00007,crease,train,C:\Users\anmol\OneDrive\Desktop\MobileNetV2\GC10-DET_PREPARED\IMAGES\crease\crease__img_04_4402766700_00007.jpg,1
crease__img_04_4403690400_00005,crease,train,C:\Users\anmol\OneDrive\Desktop\MobileNetV2\GC10-DET_PREPARED\IMAGES\crease\crease__img_04_4403690400_00005.jpg,1
crease__img_05_4403831800_00930,crease,train,C:\Users\anmol\OneDrive\Desktop\MobileNetV2\GC10-DET_PREPARED\IMAGES\crease\crease__img_05_4403831800_00930.jpg,1
crease__img_05_4405228100_00452,crease,train,C:\Users\anmol\OneDrive\Desktop\MobileNetV2\GC10-DET_PREPARED\IMAGES\crease\crease__img_05_4405228100_00452.jpg,1
crease__img_06_3436642500_00002,crease,train,C:\Users\anmol\OneDrive\Desktop\MobileNetV2\GC10-DET_PREPARED\IMAGES\crease\crease__img_06_3436642500_00002.jpg,1
crease__img_06_3436786500_00578,crease,train,C:\Users\anmol\OneDrive\Desktop\MobileNetV2\GC10-DET_PREPARED\IMAGES\crease\crease__img_06_3436786500_00578.jpg,2
crease__img_06_427199900_01134,crease,train,C:\Users\anmol\OneDrive\Desktop\MobileNetV2\GC10-DET_PREPARED\IMAGES\crease\crease__img_06_427199900_01134.jpg,1
crease__img_06_430103100_01149,crease,train,C:\Users\anmol\OneDrive\Desktop\MobileNetV2\GC10-DET_PREPARED\IMAGES\crease\crease__img_06_430103100_01149.jpg,1
crease__img_06_430103100_01150,crease,train,C:\Users\anmol\OneDrive\Desktop\MobileNetV2\GC10-DET_PREPARED\IMAGES\crease\crease__img_06_430103100_01150.jpg,1
crease__img_06_4404616100_00947,crease,train,C:\Users\anmol\OneDrive\Desktop\MobileNetV2\GC10-DET_PREPARED\IMAGES\crease\crease__img_06_4404616100_00947.jpg,1
crease__img_06_4406783500_00003,crease,train,C:\Users\anmol\OneDrive\Desktop\MobileNetV2\GC10-DET_PREPARED\IMAGES\crease\crease__img_06_4406783500_00003.jpg,1
crease__img_07_425004200_00982,crease,train,C:\Users\anmol\OneDrive\Desktop\MobileNetV2\GC10-DET_PREPARED\IMAGES\crease\crease__img_07_425004200_00982.jpg,1
crease__img_07_427199900_01135,crease,train,C:\Users\anmol\OneDrive\Desktop\MobileNetV2\GC10-DET_PREPARED\IMAGES\crease\crease__img_07_427199900_01135.jpg,1
crease__img_07_430103100_01150,crease,train,C:\Users\anmol\OneDrive\Desktop\MobileNetV2\GC10-DET_PREPARED\IMAGES\crease\crease__img_07_430103100_01150.jpg,1
crease__img_07_4405381400_00779,crease,train,C:\Users\anmol\OneDrive\Desktop\MobileNetV2\GC10-DET_PREPARED\IMAGES\crease\crease__img_07_4405381400_00779.jpg,1
crease__img_07_4405965200_00151,crease,train,C:\Users\anmol\OneDrive\Desktop\MobileNetV2\GC10-DET_PREPARED\IMAGES\crease\crease__img_07_4405965200_00151.jpg,1
crease__img_07_4406444100_00004,crease,train,C:\Users\anmol\OneDrive\Desktop\MobileNetV2\GC10-DET_PREPARED\IMAGES\crease\crease__img_07_4406444100_00004.jpg,1
crease__img_08_427199900_01134,crease,train,C:\Users\anmol\OneDrive\Desktop\MobileNetV2\GC10-DET_PREPARED\IMAGES\crease\crease__img_08_427199900_01134.jpg,1
crease__img_08_4405381400_00773,crease,train,C:\Users\anmol\OneDrive\Desktop\MobileNetV2\GC10-DET_PREPARED\IMAGES\crease\crease__img_08_4405381400_00773.jpg,1
crescent_gap__img_01_3402617700_01009,crescent_gap,train,C:\Users\anmol\OneDrive\Desktop\MobileNetV2\GC10-DET_PREPARED\IMAGES\crescent_gap\crescent_gap__img_01_3402617700_01009.jpg,1
crescent_gap__img_01_424799300_01133,crescent_gap,train,C:\Users\anmol\OneDrive\Desktop\MobileNetV2\GC10-DET_PREPARED\IMAGES\crescent_gap\crescent_gap__img_01_424799300_01133.jpg,1
crescent_gap__img_01_424799600_00001,crescent_gap,train,C:\Users\anmol\OneDrive\Desktop\MobileNetV2\GC10-DET_PREPARED\IMAGES\crescent_gap\crescent_gap__img_01_424799600_00001.jpg,1
crescent_gap__img_01_424799600_00002,crescent_gap,train,C:\Users\anmol\OneDrive\Desktop\MobileNetV2\GC10-DET_PREPARED\IMAGES\crescent_gap\crescent_gap__img_01_424799600_00002.jpg,1
crescent_gap__img_01_424825700_00001,crescent_gap,train,C:\Users\anmol\OneDrive\Desktop\MobileNetV2\GC10-DET_PREPARED\IMAGES\crescent_gap\crescent_gap__img_01_424825700_00001.jpg,1
crescent_gap__img_01_424826100_00001,crescent_gap,train,C:\Users\anmol\OneDrive\Desktop\MobileNetV2\GC10-DET_PREPARED\IMAGES\crescent_gap\crescent_gap__img_01_424826100_00001.jpg,1
crescent_gap__img_01_424826300_00950,crescent_gap,train,C:\Users\anmol\OneDrive\Desktop\MobileNetV2\GC10-DET_PREPARED\IMAGES\crescent_gap\crescent_gap__img_01_424826300_00950.jpg,1
crescent_gap__img_01_424826800_00002,crescent_gap,train,C:\Users\anmol\OneDrive\Desktop\MobileNetV2\GC10-DET_PREPARED\IMAGES\crescent_gap\crescent_gap__img_01_424826800_00002.jpg,1
crescent_gap__img_01_425006100_00947,crescent_gap,train,C:\Users\anmol\OneDrive\Desktop\MobileNetV2\GC10-DET_PREPARED\IMAGES\crescent_gap\crescent_gap__img_01_425006100_00947.jpg,1
crescent_gap__img_01_425006400_00001,crescent_gap,train,C:\Users\anmol\OneDrive\Desktop\MobileNetV2\GC10-DET_PREPARED\IMAGES\crescent_gap\crescent_gap__img_01_425006400_00001.jpg,1
crescent_gap__img_01_425006600_00001,crescent_gap,train,C:\Users\anmol\OneDrive\Desktop\MobileNetV2\GC10-DET_PREPARED\IMAGES\crescent_gap\crescent_gap__img_01_425006600_00001.jpg,1
crescent_gap__img_01_425007500_00001,crescent_gap,train,C:\Users\anmol\OneDrive\Desktop\MobileNetV2\GC10-DET_PREPARED\IMAGES\crescent_gap\crescent_gap__img_01_425007500_00001.jpg,1
crescent_gap__img_01_425007500_01452,crescent_gap,train,C:\Users\anmol\OneDrive\Desktop\MobileNetV2\GC10-DET_PREPARED\IMAGES\crescent_gap\crescent_gap__img_01_425007500_01452.jpg,1
crescent_gap__img_01_425007500_01453,crescent_gap,train,C:\Users\anmol\OneDrive\Desktop\MobileNetV2\GC10-DET_PREPARED\IMAGES\crescent_gap\crescent_gap__img_01_425007500_01453.jpg,2
crescent_gap__img_01_425008500_00874,crescent_gap,train,C:\Users\anmol\OneDrive\Desktop\MobileNetV2\GC10-DET_PREPARED\IMAGES\crescent_gap\crescent_gap__img_01_425008500_00874.jpg,2
crescent_gap__img_01_425244400_00900,crescent_gap,train,C:\Users\anmol\OneDrive\Desktop\MobileNetV2\GC10-DET_PREPARED\IMAGES\crescent_gap\crescent_gap__img_01_425244400_00900.jpg,2
crescent_gap__img_01_425383400_01036,crescent_gap,train,C:\Users\anmol\OneDrive\Desktop\MobileNetV2\GC10-DET_PREPARED\IMAGES\crescent_gap\crescent_gap__img_01_425383400_01036.jpg,2
crescent_gap__img_01_425392100_00018,crescent_gap,train,C:\Users\anmol\OneDrive\Desktop\MobileNetV2\GC10-DET_PREPARED\IMAGES\crescent_gap\crescent_gap__img_01_425392100_00018.jpg,1
crescent_gap__img_01_425392200_00018,crescent_gap,train,C:\Users\anmol\OneDrive\Desktop\MobileNetV2\GC10-DET_PREPARED\IMAGES\crescent_gap\crescent_gap__img_01_425392200_00018.jpg,2
crescent_gap__img_01_425501700_00018,crescent_gap,train,C:\Users\anmol\OneDrive\Desktop\MobileNetV2\GC10-DET_PREPARED\IMAGES\crescent_gap\crescent_gap__img_01_425501700_00018.jpg,2
crescent_gap__img_01_425501900_00017,crescent_gap,train,C:\Users\anmol\OneDrive\Desktop\MobileNetV2\GC10-DET_PREPARED\IMAGES\crescent_gap\crescent_gap__img_01_425501900_00017.jpg,1
crescent_gap__img_01_425501900_00018,crescent_gap,train,C:\Users\anmol\OneDrive\Desktop\MobileNetV2\GC10-DET_PREPARED\IMAGES\crescent_gap\crescent_gap__img_01_425501900_00018.jpg,2
crescent_gap__img_01_425502200_00017,crescent_gap,train,C:\Users\anmol\OneDrive\Desktop\MobileNetV2\GC10-DET_PREPARED\IMAGES\crescent_gap\crescent_gap__img_01_425502200_00017.jpg,1
crescent_gap__img_01_425502600_00017,crescent_gap,train,C:\Users\anmol\OneDrive\Desktop\MobileNetV2\GC10-DET_PREPARED\IMAGES\crescent_gap\crescent_gap__img_01_425502600_00017.jpg,2
crescent_gap__img_01_425503000_00017,crescent_gap,train,C:\Users\anmol\OneDrive\Desktop\MobileNetV2\GC10-DET_PREPARED\IMAGES\crescent_gap\crescent_gap__img_01_425503000_00017.jpg,1
crescent_gap__img_01_425503100_00018,crescent_gap,train,C:\Users\anmol\OneDrive\Desktop\MobileNetV2\GC10-DET_PREPARED\IMAGES\crescent_gap\crescent_gap__img_01_425503100_00018.jpg,3
crescent_gap__img_01_425503300_00017,crescent_gap,train,C:\Users\anmol\OneDrive\Desktop\MobileNetV2\GC10-DET_PREPARED\IMAGES\crescent_gap\crescent_gap__img_01_425503300_00017.jpg,1
crescent_gap__img_01_425503300_00018,crescent_gap,train,C:\Users\anmol\OneDrive\Desktop\MobileNetV2\GC10-DET_PREPARED\IMAGES\crescent_gap\crescent_gap__img_01_425503300_00018.jpg,2
crescent_gap__img_01_425503400_00017,crescent_gap,train,C:\Users\anmol\OneDrive\Desktop\MobileNetV2\GC10-DET_PREPARED\IMAGES\crescent_gap\crescent_gap__img_01_425503400_00017.jpg,1
crescent_gap__img_01_425503400_00018,crescent_gap,train,C:\Users\anmol\OneDrive\Desktop\MobileNetV2\GC10-DET_PREPARED\IMAGES\crescent_gap\crescent_gap__img_01_425503400_00018.jpg,1
crescent_gap__img_01_425503500_00017,crescent_gap,train,C:\Users\anmol\OneDrive\Desktop\MobileNetV2\GC10-DET_PREPARED\IMAGES\crescent_gap\crescent_gap__img_01_425503500_00017.jpg,2
crescent_gap__img_01_425503500_00018,crescent_gap,train,C:\Users\anmol\OneDrive\Desktop\MobileNetV2\GC10-DET_PREPARED\IMAGES\crescent_gap\crescent_gap__img_01_425503500_00018.jpg,1
crescent_gap__img_01_425503600_00016,crescent_gap,train,C:\Users\anmol\OneDrive\Desktop\MobileNetV2\GC10-DET_PREPARED\IMAGES\crescent_gap\crescent_gap__img_01_425503600_00016.jpg,1
crescent_gap__img_01_425503600_00017,crescent_gap,train,C:\Users\anmol\OneDrive\Desktop\MobileNetV2\GC10-DET_PREPARED\IMAGES\crescent_gap\crescent_gap__img_01_425503600_00017.jpg,2
crescent_gap__img_01_425503800_00017,crescent_gap,train,C:\Users\anmol\OneDrive\Desktop\MobileNetV2\GC10-DET_PREPARED\IMAGES\crescent_gap\crescent_gap__img_01_425503800_00017.jpg,2
crescent_gap__img_01_425505100_00017,crescent_gap,train,C:\Users\anmol\OneDrive\Desktop\MobileNetV2\GC10-DET_PREPARED\IMAGES\crescent_gap\crescent_gap__img_01_425505100_00017.jpg,1
crescent_gap__img_01_425609500_00746,crescent_gap,train,C:\Users\anmol\OneDrive\Desktop\MobileNetV2\GC10-DET_PREPARED\IMAGES\crescent_gap\crescent_gap__img_01_425609500_00746.jpg,2
crescent_gap__img_01_425614400_00001,crescent_gap,train,C:\Users\anmol\OneDrive\Desktop\MobileNetV2\GC10-DET_PREPARED\IMAGES\crescent_gap\crescent_gap__img_01_425614400_00001.jpg,2
crescent_gap__img_01_425616200_00001,crescent_gap,train,C:\Users\anmol\OneDrive\Desktop\MobileNetV2\GC10-DET_PREPARED\IMAGES\crescent_gap\crescent_gap__img_01_425616200_00001.jpg,2
crescent_gap__img_01_425637800_00891,crescent_gap,train,C:\Users\anmol\OneDrive\Desktop\MobileNetV2\GC10-DET_PREPARED\IMAGES\crescent_gap\crescent_gap__img_01_425637800_00891.jpg,4
crescent_gap__img_01_425637900_00899,crescent_gap,train,C:\Users\anmol\OneDrive\Desktop\MobileNetV2\GC10-DET_PREPARED\IMAGES\crescent_gap\crescent_gap__img_01_425637900_00899.jpg,2
crescent_gap__img_01_436067700_00689,crescent_gap,train,C:\Users\anmol\OneDrive\Desktop\MobileNetV2\GC10-DET_PREPARED\IMAGES\crescent_gap\crescent_gap__img_01_436067700_00689.jpg,2
crescent_gap__img_01_436068700_00001,crescent_gap,train,C:\Users\anmol\OneDrive\Desktop\MobileNetV2\GC10-DET_PREPARED\IMAGES\crescent_gap\crescent_gap__img_01_436068700_00001.jpg,2
crescent_gap__img_01_4406743300_00001,crescent_gap,train,C:\Users\anmol\OneDrive\Desktop\MobileNetV2\GC10-DET_PREPARED\IMAGES\crescent_gap\crescent_gap__img_01_4406743300_00001.jpg,2
crescent_gap__img_01_4406772100_00002,crescent_gap,train,C:\Users\anmol\OneDrive\Desktop\MobileNetV2\GC10-DET_PREPARED\IMAGES\crescent_gap\crescent_gap__img_01_4406772100_00002.jpg,2
crescent_gap__img_02_3436788500_00879,crescent_gap,train,C:\Users\anmol\OneDrive\Desktop\MobileNetV2\GC10-DET_PREPARED\IMAGES\crescent_gap\crescent_gap__img_02_3436788500_00879.jpg,2
crescent_gap__img_02_425622400_00001,crescent_gap,train,C:\Users\anmol\OneDrive\Desktop\MobileNetV2\GC10-DET_PREPARED\IMAGES\crescent_gap\crescent_gap__img_02_425622400_00001.jpg,2
crescent_gap__img_02_425622600_00001,crescent_gap,train,C:\Users\anmol\OneDrive\Desktop\MobileNetV2\GC10-DET_PREPARED\IMAGES\crescent_gap\crescent_gap__img_02_425622600_00001.jpg,2
crescent_gap__img_02_4406645900_00001,crescent_gap,train,C:\Users\anmol\OneDrive\Desktop\MobileNetV2\GC10-DET_PREPARED\IMAGES\crescent_gap\crescent_gap__img_02_4406645900_00001.jpg,2
crescent_gap__img_03_425620300_00001,crescent_gap,train,C:\Users\anmol\OneDrive\Desktop\MobileNetV2\GC10-DET_PREPARED\IMAGES\crescent_gap\crescent_gap__img_03_425620300_00001.jpg,3
crescent_gap__img_03_SIS001561_01569,crescent_gap,train,C:\Users\anmol\OneDrive\Desktop\MobileNetV2\GC10-DET_PREPARED\IMAGES\crescent_gap\crescent_gap__img_03_SIS001561_01569.jpg,3
crescent_gap__img_04_3402617700_01009,crescent_gap,train,C:\Users\anmol\OneDrive\Desktop\MobileNetV2\GC10-DET_PREPARED\IMAGES\crescent_gap\crescent_gap__img_04_3402617700_01009.jpg,2
crescent_gap__img_04_424799200_00001,crescent_gap,train,C:\Users\anmol\OneDrive\Desktop\MobileNetV2\GC10-DET_PREPARED\IMAGES\crescent_gap\crescent_gap__img_04_424799200_00001.jpg,1
crescent_gap__img_04_424799300_01133,crescent_gap,train,C:\Users\anmol\OneDrive\Desktop\MobileNetV2\GC10-DET_PREPARED\IMAGES\crescent_gap\crescent_gap__img_04_424799300_01133.jpg,2
crescent_gap__img_04_424799400_01080,crescent_gap,train,C:\Users\anmol\OneDrive\Desktop\MobileNetV2\GC10-DET_PREPARED\IMAGES\crescent_gap\crescent_gap__img_04_424799400_01080.jpg,2
crescent_gap__img_04_424799600_00001,crescent_gap,train,C:\Users\anmol\OneDrive\Desktop\MobileNetV2\GC10-DET_PREPARED\IMAGES\crescent_gap\crescent_gap__img_04_424799600_00001.jpg,2
crescent_gap__img_04_424825700_00001,crescent_gap,train,C:\Users\anmol\OneDrive\Desktop\MobileNetV2\GC10-DET_PREPARED\IMAGES\crescent_gap\crescent_gap__img_04_424825700_00001.jpg,1
crescent_gap__img_04_424826100_00001,crescent_gap,train,C:\Users\anmol\OneDrive\Desktop\MobileNetV2\GC10-DET_PREPARED\IMAGES\crescent_gap\crescent_gap__img_04_424826100_00001.jpg,1
crescent_gap__img_04_424826800_00003,crescent_gap,train,C:\Users\anmol\OneDrive\Desktop\MobileNetV2\GC10-DET_PREPARED\IMAGES\crescent_gap\crescent_gap__img_04_424826800_00003.jpg,1
crescent_gap__img_04_425237800_01032,crescent_gap,train,C:\Users\anmol\OneDrive\Desktop\MobileNetV2\GC10-DET_PREPARED\IMAGES\crescent_gap\crescent_gap__img_04_425237800_01032.jpg,1
crescent_gap__img_04_425501800_00018,crescent_gap,train,C:\Users\anmol\OneDrive\Desktop\MobileNetV2\GC10-DET_PREPARED\IMAGES\crescent_gap\crescent_gap__img_04_425501800_00018.jpg,1
crescent_gap__img_04_425502300_00017,crescent_gap,train,C:\Users\anmol\OneDrive\Desktop\MobileNetV2\GC10-DET_PREPARED\IMAGES\crescent_gap\crescent_gap__img_04_425502300_00017.jpg,1
crescent_gap__img_04_425502700_00017,crescent_gap,train,C:\Users\anmol\OneDrive\Desktop\MobileNetV2\GC10-DET_PREPARED\IMAGES\crescent_gap\crescent_gap__img_04_425502700_00017.jpg,2
crescent_gap__img_04_425503000_00017,crescent_gap,train,C:\Users\anmol\OneDrive\Desktop\MobileNetV2\GC10-DET_PREPARED\IMAGES\crescent_gap\crescent_gap__img_04_425503000_00017.jpg,2
crescent_gap__img_04_425503500_00018,crescent_gap,train,C:\Users\anmol\OneDrive\Desktop\MobileNetV2\GC10-DET_PREPARED\IMAGES\crescent_gap\crescent_gap__img_04_425503500_00018.jpg,2
crescent_gap__img_04_425505000_00018,crescent_gap,train,C:\Users\anmol\OneDrive\Desktop\MobileNetV2\GC10-DET_PREPARED\IMAGES\crescent_gap\crescent_gap__img_04_425505000_00018.jpg,2
crescent_gap__img_04_425505400_00017,crescent_gap,train,C:\Users\anmol\OneDrive\Desktop\MobileNetV2\GC10-DET_PREPARED\IMAGES\crescent_gap\crescent_gap__img_04_425505400_00017.jpg,2
crescent_gap__img_04_425608200_00001,crescent_gap,train,C:\Users\anmol\OneDrive\Desktop\MobileNetV2\GC10-DET_PREPARED\IMAGES\crescent_gap\crescent_gap__img_04_425608200_00001.jpg,2
crescent_gap__img_04_425609500_00001,crescent_gap,train,C:\Users\anmol\OneDrive\Desktop\MobileNetV2\GC10-DET_PREPARED\IMAGES\crescent_gap\crescent_gap__img_04_425609500_00001.jpg,2
crescent_gap__img_04_425613500_00002,crescent_gap,train,C:\Users\anmol\OneDrive\Desktop\MobileNetV2\GC10-DET_PREPARED\IMAGES\crescent_gap\crescent_gap__img_04_425613500_00002.jpg,2
crescent_gap__img_04_425616200_00001,crescent_gap,train,C:\Users\anmol\OneDrive\Desktop\MobileNetV2\GC10-DET_PREPARED\IMAGES\crescent_gap\crescent_gap__img_04_425616200_00001.jpg,2
crescent_gap__img_04_425616200_00712,crescent_gap,train,C:\Users\anmol\OneDrive\Desktop\MobileNetV2\GC10-DET_PREPARED\IMAGES\crescent_gap\crescent_gap__img_04_425616200_00712.jpg,2
crescent_gap__img_04_425637700_00842,crescent_gap,train,C:\Users\anmol\OneDrive\Desktop\MobileNetV2\GC10-DET_PREPARED\IMAGES\crescent_gap\crescent_gap__img_04_425637700_00842.jpg,2
crescent_gap__img_04_425637800_00890,crescent_gap,train,C:\Users\anmol\OneDrive\Desktop\MobileNetV2\GC10-DET_PREPARED\IMAGES\crescent_gap\crescent_gap__img_04_425637800_00890.jpg,1
crescent_gap__img_04_425637900_00001,crescent_gap,train,C:\Users\anmol\OneDrive\Desktop\MobileNetV2\GC10-DET_PREPARED\IMAGES\crescent_gap\crescent_gap__img_04_425637900_00001.jpg,1
crescent_gap__img_04_425640100_00001,crescent_gap,train,C:\Users\anmol\OneDrive\Desktop\MobileNetV2\GC10-DET_PREPARED\IMAGES\crescent_gap\crescent_gap__img_04_425640100_00001.jpg,1
crescent_gap__img_04_436068700_00001,crescent_gap,train,C:\Users\anmol\OneDrive\Desktop\MobileNetV2\GC10-DET_PREPARED\IMAGES\crescent_gap\crescent_gap__img_04_436068700_00001.jpg,1
crescent_gap__img_04_4406645900_00001,crescent_gap,train,C:\Users\anmol\OneDrive\Desktop\MobileNetV2\GC10-DET_PREPARED\IMAGES\crescent_gap\crescent_gap__img_04_4406645900_00001.jpg,2
crescent_gap__img_04_4406743300_00001,crescent_gap,train,C:\Users\anmol\OneDrive\Desktop\MobileNetV2\GC10-DET_PREPARED\IMAGES\crescent_gap\crescent_gap__img_04_4406743300_00001.jpg,2
crescent_gap__img_04_4406772100_00001,crescent_gap,train,C:\Users\anmol\OneDrive\Desktop\MobileNetV2\GC10-DET_PREPARED\IMAGES\crescent_gap\crescent_gap__img_04_4406772100_00001.jpg,2
crescent_gap__img_05_424799300_01132,crescent_gap,train,C:\Users\anmol\OneDrive\Desktop\MobileNetV2\GC10-DET_PREPARED\IMAGES\crescent_gap\crescent_gap__img_05_424799300_01132.jpg,2
crescent_gap__img_05_424799400_01079,crescent_gap,train,C:\Users\anmol\OneDrive\Desktop\MobileNetV2\GC10-DET_PREPARED\IMAGES\crescent_gap\crescent_gap__img_05_424799400_01079.jpg,1
crescent_gap__img_05_424799400_01080,crescent_gap,train,C:\Users\anmol\OneDrive\Desktop\MobileNetV2\GC10-DET_PREPARED\IMAGES\crescent_gap\crescent_gap__img_05_424799400_01080.jpg,2
crescent_gap__img_05_424826300_00950,crescent_gap,train,C:\Users\anmol\OneDrive\Desktop\MobileNetV2\GC10-DET_PREPARED\IMAGES\crescent_gap\crescent_gap__img_05_424826300_00950.jpg,2
crescent_gap__img_05_425391800_00054,crescent_gap,train,C:\Users\anmol\OneDrive\Desktop\MobileNetV2\GC10-DET_PREPARED\IMAGES\crescent_gap\crescent_gap__img_05_425391800_00054.jpg,2
crescent_gap__img_05_425392200_00053,crescent_gap,train,C:\Users\anmol\OneDrive\Desktop\MobileNetV2\GC10-DET_PREPARED\IMAGES\crescent_gap\crescent_gap__img_05_425392200_00053.jpg,2
crescent_gap__img_05_425502200_00054,crescent_gap,train,C:\Users\anmol\OneDrive\Desktop\MobileNetV2\GC10-DET_PREPARED\IMAGES\crescent_gap\crescent_gap__img_05_425502200_00054.jpg,2
crescent_gap__img_05_425502600_00052,crescent_gap,train,C:\Users\anmol\OneDrive\Desktop\MobileNetV2\GC10-DET_PREPARED\IMAGES\crescent_gap\crescent_gap__img_05_425502600_00052.jpg,1
crescent_gap__img_05_425502600_00053,crescent_gap,train,C:\Users\anmol\OneDrive\Desktop\MobileNetV2\GC10-DET_PREPARED\IMAGES\crescent_gap\crescent_gap__img_05_425502600_00053.jpg,2
crescent_gap__img_05_425502700_00052,crescent_gap,train,C:\Users\anmol\OneDrive\Desktop\MobileNetV2\GC10-DET_PREPARED\IMAGES\crescent_gap\crescent_gap__img_05_425502700_00052.jpg,2
crescent_gap__img_05_425502900_00052,crescent_gap,train,C:\Users\anmol\OneDrive\Desktop\MobileNetV2\GC10-DET_PREPARED\IMAGES\crescent_gap\crescent_gap__img_05_425502900_00052.jpg,2
crescent_gap__img_05_425502900_00053,crescent_gap,train,C:\Users\anmol\OneDrive\Desktop\MobileNetV2\GC10-DET_PREPARED\IMAGES\crescent_gap\crescent_gap__img_05_425502900_00053.jpg,1
crescent_gap__img_05_425503400_00052,crescent_gap,train,C:\Users\anmol\OneDrive\Desktop\MobileNetV2\GC10-DET_PREPARED\IMAGES\crescent_gap\crescent_gap__img_05_425503400_00052.jpg,1
crescent_gap__img_05_425503400_00053,crescent_gap,train,C:\Users\anmol\OneDrive\Desktop\MobileNetV2\GC10-DET_PREPARED\IMAGES\crescent_gap\crescent_gap__img_05_425503400_00053.jpg,1
crescent_gap__img_05_425503500_00054,crescent_gap,train,C:\Users\anmol\OneDrive\Desktop\MobileNetV2\GC10-DET_PREPARED\IMAGES\crescent_gap\crescent_gap__img_05_425503500_00054.jpg,2
crescent_gap__img_05_425503600_00053,crescent_gap,train,C:\Users\anmol\OneDrive\Desktop\MobileNetV2\GC10-DET_PREPARED\IMAGES\crescent_gap\crescent_gap__img_05_425503600_00053.jpg,2
crescent_gap__img_05_425504800_00052,crescent_gap,train,C:\Users\anmol\OneDrive\Desktop\MobileNetV2\GC10-DET_PREPARED\IMAGES\crescent_gap\crescent_gap__img_05_425504800_00052.jpg,1
crescent_gap__img_05_425505000_00051,crescent_gap,train,C:\Users\anmol\OneDrive\Desktop\MobileNetV2\GC10-DET_PREPARED\IMAGES\crescent_gap\crescent_gap__img_05_425505000_00051.jpg,1
crescent_gap__img_05_425505100_00053,crescent_gap,train,C:\Users\anmol\OneDrive\Desktop\MobileNetV2\GC10-DET_PREPARED\IMAGES\crescent_gap\crescent_gap__img_05_425505100_00053.jpg,2
crescent_gap__img_05_425505500_00052,crescent_gap,train,C:\Users\anmol\OneDrive\Desktop\MobileNetV2\GC10-DET_PREPARED\IMAGES\crescent_gap\crescent_gap__img_05_425505500_00052.jpg,1
crescent_gap__img_05_425505500_00053,crescent_gap,train,C:\Users\anmol\OneDrive\Desktop\MobileNetV2\GC10-DET_PREPARED\IMAGES\crescent_gap\crescent_gap__img_05_425505500_00053.jpg,2
crescent_gap__img_05_425608200_00006,crescent_gap,train,C:\Users\anmol\OneDrive\Desktop\MobileNetV2\GC10-DET_PREPARED\IMAGES\crescent_gap\crescent_gap__img_05_425608200_00006.jpg,1
crescent_gap__img_05_425608200_00007,crescent_gap,train,C:\Users\anmol\OneDrive\Desktop\MobileNetV2\GC10-DET_PREPARED\IMAGES\crescent_gap\crescent_gap__img_05_425608200_00007.jpg,2
crescent_gap__img_05_425613500_00596,crescent_gap,train,C:\Users\anmol\OneDrive\Desktop\MobileNetV2\GC10-DET_PREPARED\IMAGES\crescent_gap\crescent_gap__img_05_425613500_00596.jpg,2
crescent_gap__img_05_425614600_00001,crescent_gap,train,C:\Users\anmol\OneDrive\Desktop\MobileNetV2\GC10-DET_PREPARED\IMAGES\crescent_gap\crescent_gap__img_05_425614600_00001.jpg,1
crescent_gap__img_05_425614600_00470,crescent_gap,train,C:\Users\anmol\OneDrive\Desktop\MobileNetV2\GC10-DET_PREPARED\IMAGES\crescent_gap\crescent_gap__img_05_425614600_00470.jpg,1
crescent_gap__img_05_425616200_00711,crescent_gap,train,C:\Users\anmol\OneDrive\Desktop\MobileNetV2\GC10-DET_PREPARED\IMAGES\crescent_gap\crescent_gap__img_05_425616200_00711.jpg,2
crescent_gap__img_05_425637700_00842,crescent_gap,train,C:\Users\anmol\OneDrive\Desktop\MobileNetV2\GC10-DET_PREPARED\IMAGES\crescent_gap\crescent_gap__img_05_425637700_00842.jpg,2
crescent_gap__img_05_425637800_00890,crescent_gap,train,C:\Users\anmol\OneDrive\Desktop\MobileNetV2\GC10-DET_PREPARED\IMAGES\crescent_gap\crescent_gap__img_05_425637800_00890.jpg,1
crescent_gap__img_05_425637800_00891,crescent_gap,train,C:\Users\anmol\OneDrive\Desktop\MobileNetV2\GC10-DET_PREPARED\IMAGES\crescent_gap\crescent_gap__img_05_425637800_00891.jpg,1
crescent_gap__img_05_425640000_00634,crescent_gap,train,C:\Users\anmol\OneDrive\Desktop\MobileNetV2\GC10-DET_PREPARED\IMAGES\crescent_gap\crescent_gap__img_05_425640000_00634.jpg,1
crescent_gap__img_05_425640100_00874,crescent_gap,train,C:\Users\anmol\OneDrive\Desktop\MobileNetV2\GC10-DET_PREPARED\IMAGES\crescent_gap\crescent_gap__img_05_425640100_00874.jpg,2
crescent_gap__img_05_4402842500_01044,crescent_gap,train,C:\Users\anmol\OneDrive\Desktop\MobileNetV2\GC10-DET_PREPARED\IMAGES\crescent_gap\crescent_gap__img_05_4402842500_01044.jpg,1
crescent_gap__img_05_4406743300_00001,crescent_gap,train,C:\Users\anmol\OneDrive\Desktop\MobileNetV2\GC10-DET_PREPARED\IMAGES\crescent_gap\crescent_gap__img_05_4406743300_00001.jpg,2
crescent_gap__img_06_425390200_00053,crescent_gap,train,C:\Users\anmol\OneDrive\Desktop\MobileNetV2\GC10-DET_PREPARED\IMAGES\crescent_gap\crescent_gap__img_06_425390200_00053.jpg,2
crescent_gap__img_06_425390700_00051,crescent_gap,train,C:\Users\anmol\OneDrive\Desktop\MobileNetV2\GC10-DET_PREPARED\IMAGES\crescent_gap\crescent_gap__img_06_425390700_00051.jpg,2
crescent_gap__img_07_424799400_01080,crescent_gap,train,C:\Users\anmol\OneDrive\Desktop\MobileNetV2\GC10-DET_PREPARED\IMAGES\crescent_gap\crescent_gap__img_07_424799400_01080.jpg,2
crescent_gap__img_07_425004200_00986,crescent_gap,train,C:\Users\anmol\OneDrive\Desktop\MobileNetV2\GC10-DET_PREPARED\IMAGES\crescent_gap\crescent_gap__img_07_425004200_00986.jpg,2
crescent_gap__img_07_425390700_00050,crescent_gap,train,C:\Users\anmol\OneDrive\Desktop\MobileNetV2\GC10-DET_PREPARED\IMAGES\crescent_gap\crescent_gap__img_07_425390700_00050.jpg,1
crescent_gap__img_07_425390700_00051,crescent_gap,train,C:\Users\anmol\OneDrive\Desktop\MobileNetV2\GC10-DET_PREPARED\IMAGES\crescent_gap\crescent_gap__img_07_425390700_00051.jpg,2
crescent_gap__img_07_4406645900_00002,crescent_gap,train,C:\Users\anmol\OneDrive\Desktop\MobileNetV2\GC10-DET_PREPARED\IMAGES\crescent_gap\crescent_gap__img_07_4406645900_00002.jpg,1
crescent_gap__img_08_424798500_01234,crescent_gap,train,C:\Users\anmol\OneDrive\Desktop\MobileNetV2\GC10-DET_PREPARED\IMAGES\crescent_gap\crescent_gap__img_08_424798500_01234.jpg,2
crescent_gap__img_08_424799300_01132,crescent_gap,train,C:\Users\anmol\OneDrive\Desktop\MobileNetV2\GC10-DET_PREPARED\IMAGES\crescent_gap\crescent_gap__img_08_424799300_01132.jpg,2
crescent_gap__img_08_424826300_00950,crescent_gap,train,C:\Users\anmol\OneDrive\Desktop\MobileNetV2\GC10-DET_PREPARED\IMAGES\crescent_gap\crescent_gap__img_08_424826300_00950.jpg,2
crescent_gap__img_08_424826800_00002,crescent_gap,train,C:\Users\anmol\OneDrive\Desktop\MobileNetV2\GC10-DET_PREPARED\IMAGES\crescent_gap\crescent_gap__img_08_424826800_00002.jpg,2
crescent_gap__img_08_425006200_01173,crescent_gap,train,C:\Users\anmol\OneDrive\Desktop\MobileNetV2\GC10-DET_PREPARED\IMAGES\crescent_gap\crescent_gap__img_08_425006200_01173.jpg,2
crescent_gap__img_08_425007500_01452,crescent_gap,train,C:\Users\anmol\OneDrive\Desktop\MobileNetV2\GC10-DET_PREPARED\IMAGES\crescent_gap\crescent_gap__img_08_425007500_01452.jpg,2
crescent_gap__img_08_425007600_01072,crescent_gap,train,C:\Users\anmol\OneDrive\Desktop\MobileNetV2\GC10-DET_PREPARED\IMAGES\crescent_gap\crescent_gap__img_08_425007600_01072.jpg,2
crescent_gap__img_08_425008500_00872,crescent_gap,train,C:\Users\anmol\OneDrive\Desktop\MobileNetV2\GC10-DET_PREPARED\IMAGES\crescent_gap\crescent_gap__img_08_425008500_00872.jpg,1
crescent_gap__img_08_425008500_00873,crescent_gap,train,C:\Users\anmol\OneDrive\Desktop\MobileNetV2\GC10-DET_PREPARED\IMAGES\crescent_gap\crescent_gap__img_08_425008500_00873.jpg,1
crescent_gap__img_08_425391800_00054,crescent_gap,train,C:\Users\anmol\OneDrive\Desktop\MobileNetV2\GC10-DET_PREPARED\IMAGES\crescent_gap\crescent_gap__img_08_425391800_00054.jpg,2
crescent_gap__img_08_425502300_00053,crescent_gap,train,C:\Users\anmol\OneDrive\Desktop\MobileNetV2\GC10-DET_PREPARED\IMAGES\crescent_gap\crescent_gap__img_08_425502300_00053.jpg,2
crescent_gap__img_08_425502600_00053,crescent_gap,train,C:\Users\anmol\OneDrive\Desktop\MobileNetV2\GC10-DET_PREPARED\IMAGES\crescent_gap\crescent_gap__img_08_425502600_00053.jpg,2
crescent_gap__img_08_425502900_00052,crescent_gap,train,C:\Users\anmol\OneDrive\Desktop\MobileNetV2\GC10-DET_PREPARED\IMAGES\crescent_gap\crescent_gap__img_08_425502900_00052.jpg,2
crescent_gap__img_08_425503400_00052,crescent_gap,train,C:\Users\anmol\OneDrive\Desktop\MobileNetV2\GC10-DET_PREPARED\IMAGES\crescent_gap\crescent_gap__img_08_425503400_00052.jpg,1
crescent_gap__img_08_425503400_00053,crescent_gap,train,C:\Users\anmol\OneDrive\Desktop\MobileNetV2\GC10-DET_PREPARED\IMAGES\crescent_gap\crescent_gap__img_08_425503400_00053.jpg,2
crescent_gap__img_08_425503500_00054,crescent_gap,train,C:\Users\anmol\OneDrive\Desktop\MobileNetV2\GC10-DET_PREPARED\IMAGES\crescent_gap\crescent_gap__img_08_425503500_00054.jpg,2
crescent_gap__img_08_425503800_00052,crescent_gap,train,C:\Users\anmol\OneDrive\Desktop\MobileNetV2\GC10-DET_PREPARED\IMAGES\crescent_gap\crescent_gap__img_08_425503800_00052.jpg,1
crescent_gap__img_08_425504800_00052,crescent_gap,train,C:\Users\anmol\OneDrive\Desktop\MobileNetV2\GC10-DET_PREPARED\IMAGES\crescent_gap\crescent_gap__img_08_425504800_00052.jpg,1
crescent_gap__img_08_425504800_00053,crescent_gap,train,C:\Users\anmol\OneDrive\Desktop\MobileNetV2\GC10-DET_PREPARED\IMAGES\crescent_gap\crescent_gap__img_08_425504800_00053.jpg,2
crescent_gap__img_08_425505000_00051,crescent_gap,train,C:\Users\anmol\OneDrive\Desktop\MobileNetV2\GC10-DET_PREPARED\IMAGES\crescent_gap\crescent_gap__img_08_425505000_00051.jpg,1
crescent_gap__img_08_425505500_00053,crescent_gap,train,C:\Users\anmol\OneDrive\Desktop\MobileNetV2\GC10-DET_PREPARED\IMAGES\crescent_gap\crescent_gap__img_08_425505500_00053.jpg,2
crescent_gap__img_08_425608200_00006,crescent_gap,train,C:\Users\anmol\OneDrive\Desktop\MobileNetV2\GC10-DET_PREPARED\IMAGES\crescent_gap\crescent_gap__img_08_425608200_00006.jpg,2
crescent_gap__img_08_425608200_00007,crescent_gap,train,C:\Users\anmol\OneDrive\Desktop\MobileNetV2\GC10-DET_PREPARED\IMAGES\crescent_gap\crescent_gap__img_08_425608200_00007.jpg,1
crescent_gap__img_08_425614600_00470,crescent_gap,train,C:\Users\anmol\OneDrive\Desktop\MobileNetV2\GC10-DET_PREPARED\IMAGES\crescent_gap\crescent_gap__img_08_425614600_00470.jpg,2
crescent_gap__img_08_425637500_00653,crescent_gap,train,C:\Users\anmol\OneDrive\Desktop\MobileNetV2\GC10-DET_PREPARED\IMAGES\crescent_gap\crescent_gap__img_08_425637500_00653.jpg,2
crescent_gap__img_08_425637700_00842,crescent_gap,train,C:\Users\anmol\OneDrive\Desktop\MobileNetV2\GC10-DET_PREPARED\IMAGES\crescent_gap\crescent_gap__img_08_425637700_00842.jpg,2
crescent_gap__img_08_425637800_00890,crescent_gap,train,C:\Users\anmol\OneDrive\Desktop\MobileNetV2\GC10-DET_PREPARED\IMAGES\crescent_gap\crescent_gap__img_08_425637800_00890.jpg,2
crescent_gap__img_08_425637900_00898,crescent_gap,train,C:\Users\anmol\OneDrive\Desktop\MobileNetV2\GC10-DET_PREPARED\IMAGES\crescent_gap\crescent_gap__img_08_425637900_00898.jpg,1
crescent_gap__img_08_425638500_00713,crescent_gap,train,C:\Users\anmol\OneDrive\Desktop\MobileNetV2\GC10-DET_PREPARED\IMAGES\crescent_gap\crescent_gap__img_08_425638500_00713.jpg,1
crescent_gap__img_08_425638500_00714,crescent_gap,train,C:\Users\anmol\OneDrive\Desktop\MobileNetV2\GC10-DET_PREPARED\IMAGES\crescent_gap\crescent_gap__img_08_425638500_00714.jpg,2
crescent_gap__img_08_425640000_00634,crescent_gap,train,C:\Users\anmol\OneDrive\Desktop\MobileNetV2\GC10-DET_PREPARED\IMAGES\crescent_gap\crescent_gap__img_08_425640000_00634.jpg,2
crescent_gap__img_08_436068100_00869,crescent_gap,train,C:\Users\anmol\OneDrive\Desktop\MobileNetV2\GC10-DET_PREPARED\IMAGES\crescent_gap\crescent_gap__img_08_436068100_00869.jpg,1
crescent_gap__img_08_436164500_01565,crescent_gap,train,C:\Users\anmol\OneDrive\Desktop\MobileNetV2\GC10-DET_PREPARED\IMAGES\crescent_gap\crescent_gap__img_08_436164500_01565.jpg,2
crescent_gap__img_08_4401438800_01040,crescent_gap,train,C:\Users\anmol\OneDrive\Desktop\MobileNetV2\GC10-DET_PREPARED\IMAGES\crescent_gap\crescent_gap__img_08_4401438800_01040.jpg,1
crescent_gap__img_08_4402842500_01044,crescent_gap,train,C:\Users\anmol\OneDrive\Desktop\MobileNetV2\GC10-DET_PREPARED\IMAGES\crescent_gap\crescent_gap__img_08_4402842500_01044.jpg,1
crescent_gap__img_08_4406743300_00001,crescent_gap,train,C:\Users\anmol\OneDrive\Desktop\MobileNetV2\GC10-DET_PREPARED\IMAGES\crescent_gap\crescent_gap__img_08_4406743300_00001.jpg,2
crescent_gap__img_08_4406772100_00002,crescent_gap,train,C:\Users\anmol\OneDrive\Desktop\MobileNetV2\GC10-DET_PREPARED\IMAGES\crescent_gap\crescent_gap__img_08_4406772100_00002.jpg,1
inclusion__img_01_425391700_00025,inclusion,train,C:\Users\anmol\OneDrive\Desktop\MobileNetV2\GC10-DET_PREPARED\IMAGES\inclusion\inclusion__img_01_425391700_00025.jpg,1
inclusion__img_01_425503100_00018,inclusion,train,C:\Users\anmol\OneDrive\Desktop\MobileNetV2\GC10-DET_PREPARED\IMAGES\inclusion\inclusion__img_01_425503100_00018.jpg,3
inclusion__img_01_425505100_01400,inclusion,train,C:\Users\anmol\OneDrive\Desktop\MobileNetV2\GC10-DET_PREPARED\IMAGES\inclusion\inclusion__img_01_425505100_01400.jpg,2
inclusion__img_02_3402617100_00366,inclusion,train,C:\Users\anmol\OneDrive\Desktop\MobileNetV2\GC10-DET_PREPARED\IMAGES\inclusion\inclusion__img_02_3402617100_00366.jpg,1
inclusion__img_02_3436816100_00150,inclusion,train,C:\Users\anmol\OneDrive\Desktop\MobileNetV2\GC10-DET_PREPARED\IMAGES\inclusion\inclusion__img_02_3436816100_00150.jpg,2
inclusion__img_02_3436816100_00153,inclusion,train,C:\Users\anmol\OneDrive\Desktop\MobileNetV2\GC10-DET_PREPARED\IMAGES\inclusion\inclusion__img_02_3436816100_00153.jpg,1
inclusion__img_02_424799200_00150,inclusion,train,C:\Users\anmol\OneDrive\Desktop\MobileNetV2\GC10-DET_PREPARED\IMAGES\inclusion\inclusion__img_02_424799200_00150.jpg,2
inclusion__img_02_425383400_00356,inclusion,train,C:\Users\anmol\OneDrive\Desktop\MobileNetV2\GC10-DET_PREPARED\IMAGES\inclusion\inclusion__img_02_425383400_00356.jpg,1
inclusion__img_02_425383400_00358,inclusion,train,C:\Users\anmol\OneDrive\Desktop\MobileNetV2\GC10-DET_PREPARED\IMAGES\inclusion\inclusion__img_02_425383400_00358.jpg,1
inclusion__img_02_425391000_00490,inclusion,train,C:\Users\anmol\OneDrive\Desktop\MobileNetV2\GC10-DET_PREPARED\IMAGES\inclusion\inclusion__img_02_425391000_00490.jpg,2
inclusion__img_02_425392000_00984,inclusion,train,C:\Users\anmol\OneDrive\Desktop\MobileNetV2\GC10-DET_PREPARED\IMAGES\inclusion\inclusion__img_02_425392000_00984.jpg,2
inclusion__img_02_425392000_00990,inclusion,train,C:\Users\anmol\OneDrive\Desktop\MobileNetV2\GC10-DET_PREPARED\IMAGES\inclusion\inclusion__img_02_425392000_00990.jpg,1
inclusion__img_02_425392000_00996,inclusion,train,C:\Users\anmol\OneDrive\Desktop\MobileNetV2\GC10-DET_PREPARED\IMAGES\inclusion\inclusion__img_02_425392000_00996.jpg,1
inclusion__img_02_425501100_00688,inclusion,train,C:\Users\anmol\OneDrive\Desktop\MobileNetV2\GC10-DET_PREPARED\IMAGES\inclusion\inclusion__img_02_425501100_00688.jpg,2
inclusion__img_02_425503000_00020,inclusion,train,C:\Users\anmol\OneDrive\Desktop\MobileNetV2\GC10-DET_PREPARED\IMAGES\inclusion\inclusion__img_02_425503000_00020.jpg,1
inclusion__img_02_425508400_00140,inclusion,train,C:\Users\anmol\OneDrive\Desktop\MobileNetV2\GC10-DET_PREPARED\IMAGES\inclusion\inclusion__img_02_425508400_00140.jpg,1
inclusion__img_02_425613800_00034,inclusion,train,C:\Users\anmol\OneDrive\Desktop\MobileNetV2\GC10-DET_PREPARED\IMAGES\inclusion\inclusion__img_02_425613800_00034.jpg,1
inclusion__img_02_425646200_00460,inclusion,train,C:\Users\anmol\OneDrive\Desktop\MobileNetV2\GC10-DET_PREPARED\IMAGES\inclusion\inclusion__img_02_425646200_00460.jpg,2
inclusion__img_02_436068500_00002,inclusion,train,C:\Users\anmol\OneDrive\Desktop\MobileNetV2\GC10-DET_PREPARED\IMAGES\inclusion\inclusion__img_02_436068500_00002.jpg,3
inclusion__img_02_4402623300_00022,inclusion,train,C:\Users\anmol\OneDrive\Desktop\MobileNetV2\GC10-DET_PREPARED\IMAGES\inclusion\inclusion__img_02_4402623300_00022.jpg,2
inclusion__img_02_4402623300_00026,inclusion,train,C:\Users\anmol\OneDrive\Desktop\MobileNetV2\GC10-DET_PREPARED\IMAGES\inclusion\inclusion__img_02_4402623300_00026.jpg,2
inclusion__img_02_4402623300_00034,inclusion,train,C:\Users\anmol\OneDrive\Desktop\MobileNetV2\GC10-DET_PREPARED\IMAGES\inclusion\inclusion__img_02_4402623300_00034.jpg,1
inclusion__img_02_4406562900_00698,inclusion,train,C:\Users\anmol\OneDrive\Desktop\MobileNetV2\GC10-DET_PREPARED\IMAGES\inclusion\inclusion__img_02_4406562900_00698.jpg,1
inclusion__img_02_4406645900_00288,inclusion,train,C:\Users\anmol\OneDrive\Desktop\MobileNetV2\GC10-DET_PREPARED\IMAGES\inclusion\inclusion__img_02_4406645900_00288.jpg,1
inclusion__img_03_3402617100_00119,inclusion,train,C:\Users\anmol\OneDrive\Desktop\MobileNetV2\GC10-DET_PREPARED\IMAGES\inclusion\inclusion__img_03_3402617100_00119.jpg,2
inclusion__img_03_3402617100_00120,inclusion,train,C:\Users\anmol\OneDrive\Desktop\MobileNetV2\GC10-DET_PREPARED\IMAGES\inclusion\inclusion__img_03_3402617100_00120.jpg,3
inclusion__img_03_3402617100_00124,inclusion,train,C:\Users\anmol\OneDrive\Desktop\MobileNetV2\GC10-DET_PREPARED\IMAGES\inclusion\inclusion__img_03_3402617100_00124.jpg,10
inclusion__img_03_3402617100_00131,inclusion,train,C:\Users\anmol\OneDrive\Desktop\MobileNetV2\GC10-DET_PREPARED\IMAGES\inclusion\inclusion__img_03_3402617100_00131.jpg,3
inclusion__img_03_3402617400_00869,inclusion,train,C:\Users\anmol\OneDrive\Desktop\MobileNetV2\GC10-DET_PREPARED\IMAGES\inclusion\inclusion__img_03_3402617400_00869.jpg,2
inclusion__img_03_3402617400_00898,inclusion,train,C:\Users\anmol\OneDrive\Desktop\MobileNetV2\GC10-DET_PREPARED\IMAGES\inclusion\inclusion__img_03_3402617400_00898.jpg,1
inclusion__img_03_3402617400_00919,inclusion,train,C:\Users\anmol\OneDrive\Desktop\MobileNetV2\GC10-DET_PREPARED\IMAGES\inclusion\inclusion__img_03_3402617400_00919.jpg,2
inclusion__img_03_3402617500_00003,inclusion,train,C:\Users\anmol\OneDrive\Desktop\MobileNetV2\GC10-DET_PREPARED\IMAGES\inclusion\inclusion__img_03_3402617500_00003.jpg,1
inclusion__img_03_3402617500_00138,inclusion,train,C:\Users\anmol\OneDrive\Desktop\MobileNetV2\GC10-DET_PREPARED\IMAGES\inclusion\inclusion__img_03_3402617500_00138.jpg,2
inclusion__img_03_3402617700_00653,inclusion,train,C:\Users\anmol\OneDrive\Desktop\MobileNetV2\GC10-DET_PREPARED\IMAGES\inclusion\inclusion__img_03_3402617700_00653.jpg,2
inclusion__img_03_3402617700_00745,inclusion,train,C:\Users\anmol\OneDrive\Desktop\MobileNetV2\GC10-DET_PREPARED\IMAGES\inclusion\inclusion__img_03_3402617700_00745.jpg,1
inclusion__img_03_424714400_00326,inclusion,train,C:\Users\anmol\OneDrive\Desktop\MobileNetV2\GC10-DET_PREPARED\IMAGES\inclusion\inclusion__img_03_424714400_00326.jpg,1
inclusion__img_03_424714400_00327,inclusion,train,C:\Users\anmol\OneDrive\Desktop\MobileNetV2\GC10-DET_PREPARED\IMAGES\inclusion\inclusion__img_03_424714400_00327.jpg,2
inclusion__img_03_425390700_00020,inclusion,train,C:\Users\anmol\OneDrive\Desktop\MobileNetV2\GC10-DET_PREPARED\IMAGES\inclusion\inclusion__img_03_425390700_00020.jpg,2
inclusion__img_03_425391800_00249,inclusion,train,C:\Users\anmol\OneDrive\Desktop\MobileNetV2\GC10-DET_PREPARED\IMAGES\inclusion\inclusion__img_03_425391800_00249.jpg,1
inclusion__img_03_425501800_01106,inclusion,train,C:\Users\anmol\OneDrive\Desktop\MobileNetV2\GC10-DET_PREPARED\IMAGES\inclusion\inclusion__img_03_425501800_01106.jpg,2
inclusion__img_03_425501800_01130,inclusion,train,C:\Users\anmol\OneDrive\Desktop\MobileNetV2\GC10-DET_PREPARED\IMAGES\inclusion\inclusion__img_03_425501800_01130.jpg,2
inclusion__img_03_425501800_01136,inclusion,train,C:\Users\anmol\OneDrive\Desktop\MobileNetV2\GC10-DET_PREPARED\IMAGES\inclusion\inclusion__img_03_425501800_01136.jpg,2
inclusion__img_03_425501800_01148,inclusion,train,C:\Users\anmol\OneDrive\Desktop\MobileNetV2\GC10-DET_PREPARED\IMAGES\inclusion\inclusion__img_03_425501800_01148.jpg,2
inclusion__img_03_425501800_01154,inclusion,train,C:\Users\anmol\OneDrive\Desktop\MobileNetV2\GC10-DET_PREPARED\IMAGES\inclusion\inclusion__img_03_425501800_01154.jpg,2
inclusion__img_03_425501800_01160,inclusion,train,C:\Users\anmol\OneDrive\Desktop\MobileNetV2\GC10-DET_PREPARED\IMAGES\inclusion\inclusion__img_03_425501800_01160.jpg,2
inclusion__img_03_425501800_01184,inclusion,train,C:\Users\anmol\OneDrive\Desktop\MobileNetV2\GC10-DET_PREPARED\IMAGES\inclusion\inclusion__img_03_425501800_01184.jpg,2
inclusion__img_03_425501800_01190,inclusion,train,C:\Users\anmol\OneDrive\Desktop\MobileNetV2\GC10-DET_PREPARED\IMAGES\inclusion\inclusion__img_03_425501800_01190.jpg,2
inclusion__img_03_425501800_01208,inclusion,train,C:\Users\anmol\OneDrive\Desktop\MobileNetV2\GC10-DET_PREPARED\IMAGES\inclusion\inclusion__img_03_425501800_01208.jpg,2
inclusion__img_03_425501800_01214,inclusion,train,C:\Users\anmol\OneDrive\Desktop\MobileNetV2\GC10-DET_PREPARED\IMAGES\inclusion\inclusion__img_03_425501800_01214.jpg,2
inclusion__img_03_425501800_01220,inclusion,train,C:\Users\anmol\OneDrive\Desktop\MobileNetV2\GC10-DET_PREPARED\IMAGES\inclusion\inclusion__img_03_425501800_01220.jpg,2
inclusion__img_03_425503100_00066,inclusion,train,C:\Users\anmol\OneDrive\Desktop\MobileNetV2\GC10-DET_PREPARED\IMAGES\inclusion\inclusion__img_03_425503100_00066.jpg,1
inclusion__img_03_425503100_00067,inclusion,train,C:\Users\anmol\OneDrive\Desktop\MobileNetV2\GC10-DET_PREPARED\IMAGES\inclusion\inclusion__img_03_425503100_00067.jpg,3
inclusion__img_03_425503100_00068,inclusion,train,C:\Users\anmol\OneDrive\Desktop\MobileNetV2\GC10-DET_PREPARED\IMAGES\inclusion\inclusion__img_03_425503100_00068.jpg,1
inclusion__img_03_425644600_00004,inclusion,train,C:\Users\anmol\OneDrive\Desktop\MobileNetV2\GC10-DET_PREPARED\IMAGES\inclusion\inclusion__img_03_425644600_00004.jpg,1
inclusion__img_03_425644600_00006,inclusion,train,C:\Users\anmol\OneDrive\Desktop\MobileNetV2\GC10-DET_PREPARED\IMAGES\inclusion\inclusion__img_03_425644600_00006.jpg,1
inclusion__img_03_436068500_00002,inclusion,train,C:\Users\anmol\OneDrive\Desktop\MobileNetV2\GC10-DET_PREPARED\IMAGES\inclusion\inclusion__img_03_436068500_00002.jpg,2
inclusion__img_03_4406645900_00298,inclusion,train,C:\Users\anmol\OneDrive\Desktop\MobileNetV2\GC10-DET_PREPARED\IMAGES\inclusion\inclusion__img_03_4406645900_00298.jpg,1
inclusion__img_04_424714400_00324,inclusion,train,C:\Users\anmol\OneDrive\Desktop\MobileNetV2\GC10-DET_PREPARED\IMAGES\inclusion\inclusion__img_04_424714400_00324.jpg,1
inclusion__img_04_424714400_00325,inclusion,train,C:\Users\anmol\OneDrive\Desktop\MobileNetV2\GC10-DET_PREPARED\IMAGES\inclusion\inclusion__img_04_424714400_00325.jpg,1
inclusion__img_04_425382600_00050,inclusion,train,C:\Users\anmol\OneDrive\Desktop\MobileNetV2\GC10-DET_PREPARED\IMAGES\inclusion\inclusion__img_04_425382600_00050.jpg,2
inclusion__img_04_425392000_00021,inclusion,train,C:\Users\anmol\OneDrive\Desktop\MobileNetV2\GC10-DET_PREPARED\IMAGES\inclusion\inclusion__img_04_425392000_00021.jpg,2
inclusion__img_04_425392100_00022,inclusion,train,C:\Users\anmol\OneDrive\Desktop\MobileNetV2\GC10-DET_PREPARED\IMAGES\inclusion\inclusion__img_04_425392100_00022.jpg,2
inclusion__img_04_425392100_00023,inclusion,train,C:\Users\anmol\OneDrive\Desktop\MobileNetV2\GC10-DET_PREPARED\IMAGES\inclusion\inclusion__img_04_425392100_00023.jpg,2
inclusion__img_04_425392600_00021,inclusion,train,C:\Users\anmol\OneDrive\Desktop\MobileNetV2\GC10-DET_PREPARED\IMAGES\inclusion\inclusion__img_04_425392600_00021.jpg,1
inclusion__img_04_4402622500_00355,inclusion,train,C:\Users\anmol\OneDrive\Desktop\MobileNetV2\GC10-DET_PREPARED\IMAGES\inclusion\inclusion__img_04_4402622500_00355.jpg,1
inclusion__img_04_4402622500_00357,inclusion,train,C:\Users\anmol\OneDrive\Desktop\MobileNetV2\GC10-DET_PREPARED\IMAGES\inclusion\inclusion__img_04_4402622500_00357.jpg,1
inclusion__img_04_4402622500_00364,inclusion,train,C:\Users\anmol\OneDrive\Desktop\MobileNetV2\GC10-DET_PREPARED\IMAGES\inclusion\inclusion__img_04_4402622500_00364.jpg,3
inclusion__img_04_4402622500_00371,inclusion,train,C:\Users\anmol\OneDrive\Desktop\MobileNetV2\GC10-DET_PREPARED\IMAGES\inclusion\inclusion__img_04_4402622500_00371.jpg,2
inclusion__img_04_4402622500_00374,inclusion,train,C:\Users\anmol\OneDrive\Desktop\MobileNetV2\GC10-DET_PREPARED\IMAGES\inclusion\inclusion__img_04_4402622500_00374.jpg,2
inclusion__img_04_4402622500_00375,inclusion,train,C:\Users\anmol\OneDrive\Desktop\MobileNetV2\GC10-DET_PREPARED\IMAGES\inclusion\inclusion__img_04_4402622500_00375.jpg,3
inclusion__img_04_4402622500_00376,inclusion,train,C:\Users\anmol\OneDrive\Desktop\MobileNetV2\GC10-DET_PREPARED\IMAGES\inclusion\inclusion__img_04_4402622500_00376.jpg,2
inclusion__img_04_4402622500_00377,inclusion,train,C:\Users\anmol\OneDrive\Desktop\MobileNetV2\GC10-DET_PREPARED\IMAGES\inclusion\inclusion__img_04_4402622500_00377.jpg,2
inclusion__img_05_425243500_00895,inclusion,train,C:\Users\anmol\OneDrive\Desktop\MobileNetV2\GC10-DET_PREPARED\IMAGES\inclusion\inclusion__img_05_425243500_00895.jpg,1
inclusion__img_05_425243500_00898,inclusion,train,C:\Users\anmol\OneDrive\Desktop\MobileNetV2\GC10-DET_PREPARED\IMAGES\inclusion\inclusion__img_05_425243500_00898.jpg,1
inclusion__img_05_425243500_00953,inclusion,train,C:\Users\anmol\OneDrive\Desktop\MobileNetV2\GC10-DET_PREPARED\IMAGES\inclusion\inclusion__img_05_425243500_00953.jpg,1
inclusion__img_05_425243500_01096,inclusion,train,C:\Users\anmol\OneDrive\Desktop\MobileNetV2\GC10-DET_PREPARED\IMAGES\inclusion\inclusion__img_05_425243500_01096.jpg,1
inclusion__img_05_425244300_00741,inclusion,train,C:\Users\anmol\OneDrive\Desktop\MobileNetV2\GC10-DET_PREPARED\IMAGES\inclusion\inclusion__img_05_425244300_00741.jpg,1
inclusion__img_05_425502300_00026,inclusion,train,C:\Users\anmol\OneDrive\Desktop\MobileNetV2\GC10-DET_PREPARED\IMAGES\inclusion\inclusion__img_05_425502300_00026.jpg,3
inclusion__img_05_425503200_00065,inclusion,train,C:\Users\anmol\OneDrive\Desktop\MobileNetV2\GC10-DET_PREPARED\IMAGES\inclusion\inclusion__img_05_425503200_00065.jpg,1
inclusion__img_05_425505900_01176,inclusion,train,C:\Users\anmol\OneDrive\Desktop\MobileNetV2\GC10-DET_PREPARED\IMAGES\inclusion\inclusion__img_05_425505900_01176.jpg,1
inclusion__img_05_4406562900_00008,inclusion,train,C:\Users\anmol\OneDrive\Desktop\MobileNetV2\GC10-DET_PREPARED\IMAGES\inclusion\inclusion__img_05_4406562900_00008.jpg,2
inclusion__img_06_425237000_00658,inclusion,train,C:\Users\anmol\OneDrive\Desktop\MobileNetV2\GC10-DET_PREPARED\IMAGES\inclusion\inclusion__img_06_425237000_00658.jpg,1
inclusion__img_06_425237000_00660,inclusion,train,C:\Users\anmol\OneDrive\Desktop\MobileNetV2\GC10-DET_PREPARED\IMAGES\inclusion\inclusion__img_06_425237000_00660.jpg,1
inclusion__img_06_425237000_00661,inclusion,train,C:\Users\anmol\OneDrive\Desktop\MobileNetV2\GC10-DET_PREPARED\IMAGES\inclusion\inclusion__img_06_425237000_00661.jpg,1
inclusion__img_06_425237000_00662,inclusion,train,C:\Users\anmol\OneDrive\Desktop\MobileNetV2\GC10-DET_PREPARED\IMAGES\inclusion\inclusion__img_06_425237000_00662.jpg,1
inclusion__img_06_425237000_00670,inclusion,train,C:\Users\anmol\OneDrive\Desktop\MobileNetV2\GC10-DET_PREPARED\IMAGES\inclusion\inclusion__img_06_425237000_00670.jpg,2
inclusion__img_06_425237000_00672,inclusion,train,C:\Users\anmol\OneDrive\Desktop\MobileNetV2\GC10-DET_PREPARED\IMAGES\inclusion\inclusion__img_06_425237000_00672.jpg,1
inclusion__img_06_425237000_00773,inclusion,train,C:\Users\anmol\OneDrive\Desktop\MobileNetV2\GC10-DET_PREPARED\IMAGES\inclusion\inclusion__img_06_425237000_00773.jpg,1
inclusion__img_06_425237000_00834,inclusion,train,C:\Users\anmol\OneDrive\Desktop\MobileNetV2\GC10-DET_PREPARED\IMAGES\inclusion\inclusion__img_06_425237000_00834.jpg,1
inclusion__img_06_425392500_00834,inclusion,train,C:\Users\anmol\OneDrive\Desktop\MobileNetV2\GC10-DET_PREPARED\IMAGES\inclusion\inclusion__img_06_425392500_00834.jpg,1
inclusion__img_06_425506300_01024,inclusion,train,C:\Users\anmol\OneDrive\Desktop\MobileNetV2\GC10-DET_PREPARED\IMAGES\inclusion\inclusion__img_06_425506300_01024.jpg,1
inclusion__img_06_425506300_01025,inclusion,train,C:\Users\anmol\OneDrive\Desktop\MobileNetV2\GC10-DET_PREPARED\IMAGES\inclusion\inclusion__img_06_425506300_01025.jpg,1
inclusion__img_06_425506300_01026,inclusion,train,C:\Users\anmol\OneDrive\Desktop\MobileNetV2\GC10-DET_PREPARED\IMAGES\inclusion\inclusion__img_06_425506300_01026.jpg,1
inclusion__img_06_425506300_01029,inclusion,train,C:\Users\anmol\OneDrive\Desktop\MobileNetV2\GC10-DET_PREPARED\IMAGES\inclusion\inclusion__img_06_425506300_01029.jpg,1
inclusion__img_06_425506300_01030,inclusion,train,C:\Users\anmol\OneDrive\Desktop\MobileNetV2\GC10-DET_PREPARED\IMAGES\inclusion\inclusion__img_06_425506300_01030.jpg,1
inclusion__img_06_425506300_01034,inclusion,train,C:\Users\anmol\OneDrive\Desktop\MobileNetV2\GC10-DET_PREPARED\IMAGES\inclusion\inclusion__img_06_425506300_01034.jpg,2
inclusion__img_06_425507200_00974,inclusion,train,C:\Users\anmol\OneDrive\Desktop\MobileNetV2\GC10-DET_PREPARED\IMAGES\inclusion\inclusion__img_06_425507200_00974.jpg,1
inclusion__img_06_425507200_00976,inclusion,train,C:\Users\anmol\OneDrive\Desktop\MobileNetV2\GC10-DET_PREPARED\IMAGES\inclusion\inclusion__img_06_425507200_00976.jpg,1
inclusion__img_06_425508200_00471,inclusion,train,C:\Users\anmol\OneDrive\Desktop\MobileNetV2\GC10-DET_PREPARED\IMAGES\inclusion\inclusion__img_06_425508200_00471.jpg,2
inclusion__img_06_425508300_00927,inclusion,train,C:\Users\anmol\OneDrive\Desktop\MobileNetV2\GC10-DET_PREPARED\IMAGES\inclusion\inclusion__img_06_425508300_00927.jpg,1
inclusion__img_06_425508300_00928,inclusion,train,C:\Users\anmol\OneDrive\Desktop\MobileNetV2\GC10-DET_PREPARED\IMAGES\inclusion\inclusion__img_06_425508300_00928.jpg,4
inclusion__img_06_425508300_00929,inclusion,train,C:\Users\anmol\OneDrive\Desktop\MobileNetV2\GC10-DET_PREPARED\IMAGES\inclusion\inclusion__img_06_425508300_00929.jpg,3
inclusion__img_06_425508300_00930,inclusion,train,C:\Users\anmol\OneDrive\Desktop\MobileNetV2\GC10-DET_PREPARED\IMAGES\inclusion\inclusion__img_06_425508300_00930.jpg,6
inclusion__img_06_425508600_00938,inclusion,train,C:\Users\anmol\OneDrive\Desktop\MobileNetV2\GC10-DET_PREPARED\IMAGES\inclusion\inclusion__img_06_425508600_00938.jpg,1
inclusion__img_06_425508700_00362,inclusion,train,C:\Users\anmol\OneDrive\Desktop\MobileNetV2\GC10-DET_PREPARED\IMAGES\inclusion\inclusion__img_06_425508700_00362.jpg,2
inclusion__img_06_425637500_00002,inclusion,train,C:\Users\anmol\OneDrive\Desktop\MobileNetV2\GC10-DET_PREPARED\IMAGES\inclusion\inclusion__img_06_425637500_00002.jpg,2
inclusion__img_06_4402625300_00109,inclusion,train,C:\Users\anmol\OneDrive\Desktop\MobileNetV2\GC10-DET_PREPARED\IMAGES\inclusion\inclusion__img_06_4402625300_00109.jpg,6
inclusion__img_06_4402625300_01263,inclusion,train,C:\Users\anmol\OneDrive\Desktop\MobileNetV2\GC10-DET_PREPARED\IMAGES\inclusion\inclusion__img_06_4402625300_01263.jpg,5
inclusion__img_06_4405000800_01031,inclusion,train,C:\Users\anmol\OneDrive\Desktop\MobileNetV2\GC10-DET_PREPARED\IMAGES\inclusion\inclusion__img_06_4405000800_01031.jpg,1
inclusion__img_06_4406562900_00002,inclusion,train,C:\Users\anmol\OneDrive\Desktop\MobileNetV2\GC10-DET_PREPARED\IMAGES\inclusion\inclusion__img_06_4406562900_00002.jpg,4
inclusion__img_07_424799400_00071,inclusion,train,C:\Users\anmol\OneDrive\Desktop\MobileNetV2\GC10-DET_PREPARED\IMAGES\inclusion\inclusion__img_07_424799400_00071.jpg,1
inclusion__img_07_425005700_01204,inclusion,train,C:\Users\anmol\OneDrive\Desktop\MobileNetV2\GC10-DET_PREPARED\IMAGES\inclusion\inclusion__img_07_425005700_01204.jpg,1
inclusion__img_07_425008500_00312,inclusion,train,C:\Users\anmol\OneDrive\Desktop\MobileNetV2\GC10-DET_PREPARED\IMAGES\inclusion\inclusion__img_07_425008500_00312.jpg,1
inclusion__img_07_425391000_00291,inclusion,train,C:\Users\anmol\OneDrive\Desktop\MobileNetV2\GC10-DET_PREPARED\IMAGES\inclusion\inclusion__img_07_425391000_00291.jpg,1
inclusion__img_07_425503000_00062,inclusion,train,C:\Users\anmol\OneDrive\Desktop\MobileNetV2\GC10-DET_PREPARED\IMAGES\inclusion\inclusion__img_07_425503000_00062.jpg,2
inclusion__img_07_425503100_00007,inclusion,train,C:\Users\anmol\OneDrive\Desktop\MobileNetV2\GC10-DET_PREPARED\IMAGES\inclusion\inclusion__img_07_425503100_00007.jpg,1
inclusion__img_07_425504800_00992,inclusion,train,C:\Users\anmol\OneDrive\Desktop\MobileNetV2\GC10-DET_PREPARED\IMAGES\inclusion\inclusion__img_07_425504800_00992.jpg,1
inclusion__img_07_425506100_00205,inclusion,train,C:\Users\anmol\OneDrive\Desktop\MobileNetV2\GC10-DET_PREPARED\IMAGES\inclusion\inclusion__img_07_425506100_00205.jpg,3
inclusion__img_07_425507000_00965,inclusion,train,C:\Users\anmol\OneDrive\Desktop\MobileNetV2\GC10-DET_PREPARED\IMAGES\inclusion\inclusion__img_07_425507000_00965.jpg,1
inclusion__img_07_425507200_00974,inclusion,train,C:\Users\anmol\OneDrive\Desktop\MobileNetV2\GC10-DET_PREPARED\IMAGES\inclusion\inclusion__img_07_425507200_00974.jpg,2
inclusion__img_07_425508300_00929,inclusion,train,C:\Users\anmol\OneDrive\Desktop\MobileNetV2\GC10-DET_PREPARED\IMAGES\inclusion\inclusion__img_07_425508300_00929.jpg,2
inclusion__img_07_425508400_00965,inclusion,train,C:\Users\anmol\OneDrive\Desktop\MobileNetV2\GC10-DET_PREPARED\IMAGES\inclusion\inclusion__img_07_425508400_00965.jpg,3
inclusion__img_07_425508400_00968,inclusion,train,C:\Users\anmol\OneDrive\Desktop\MobileNetV2\GC10-DET_PREPARED\IMAGES\inclusion\inclusion__img_07_425508400_00968.jpg,1
inclusion__img_07_425508400_00969,inclusion,train,C:\Users\anmol\OneDrive\Desktop\MobileNetV2\GC10-DET_PREPARED\IMAGES\inclusion\inclusion__img_07_425508400_00969.jpg,4
inclusion__img_07_425508700_00362,inclusion,train,C:\Users\anmol\OneDrive\Desktop\MobileNetV2\GC10-DET_PREPARED\IMAGES\inclusion\inclusion__img_07_425508700_00362.jpg,1
inclusion__img_07_425508700_00363,inclusion,train,C:\Users\anmol\OneDrive\Desktop\MobileNetV2\GC10-DET_PREPARED\IMAGES\inclusion\inclusion__img_07_425508700_00363.jpg,1
inclusion__img_07_4402625300_00104,inclusion,train,C:\Users\anmol\OneDrive\Desktop\MobileNetV2\GC10-DET_PREPARED\IMAGES\inclusion\inclusion__img_07_4402625300_00104.jpg,4
inclusion__img_07_4402625300_00105,inclusion,train,C:\Users\anmol\OneDrive\Desktop\MobileNetV2\GC10-DET_PREPARED\IMAGES\inclusion\inclusion__img_07_4402625300_00105.jpg,3
inclusion__img_07_4406562900_00008,inclusion,train,C:\Users\anmol\OneDrive\Desktop\MobileNetV2\GC10-DET_PREPARED\IMAGES\inclusion\inclusion__img_07_4406562900_00008.jpg,4
inclusion__img_08_425506100_00159,inclusion,train,C:\Users\anmol\OneDrive\Desktop\MobileNetV2\GC10-DET_PREPARED\IMAGES\inclusion\inclusion__img_08_425506100_00159.jpg,1
inclusion__img_08_425506100_00161,inclusion,train,C:\Users\anmol\OneDrive\Desktop\MobileNetV2\GC10-DET_PREPARED\IMAGES\inclusion\inclusion__img_08_425506100_00161.jpg,1
inclusion__img_08_425506100_00260,inclusion,train,C:\Users\anmol\OneDrive\Desktop\MobileNetV2\GC10-DET_PREPARED\IMAGES\inclusion\inclusion__img_08_425506100_00260.jpg,2
inclusion__img_08_425506100_00400,inclusion,train,C:\Users\anmol\OneDrive\Desktop\MobileNetV2\GC10-DET_PREPARED\IMAGES\inclusion\inclusion__img_08_425506100_00400.jpg,2
inclusion__img_08_425506100_01064,inclusion,train,C:\Users\anmol\OneDrive\Desktop\MobileNetV2\GC10-DET_PREPARED\IMAGES\inclusion\inclusion__img_08_425506100_01064.jpg,3
inclusion__img_08_425506100_01068,inclusion,train,C:\Users\anmol\OneDrive\Desktop\MobileNetV2\GC10-DET_PREPARED\IMAGES\inclusion\inclusion__img_08_425506100_01068.jpg,1
inclusion__img_08_425507200_00333,inclusion,train,C:\Users\anmol\OneDrive\Desktop\MobileNetV2\GC10-DET_PREPARED\IMAGES\inclusion\inclusion__img_08_425507200_00333.jpg,2
inclusion__img_08_425508100_00977,inclusion,train,C:\Users\anmol\OneDrive\Desktop\MobileNetV2\GC10-DET_PREPARED\IMAGES\inclusion\inclusion__img_08_425508100_00977.jpg,1
inclusion__img_08_425508100_01294,inclusion,train,C:\Users\anmol\OneDrive\Desktop\MobileNetV2\GC10-DET_PREPARED\IMAGES\inclusion\inclusion__img_08_425508100_01294.jpg,1
inclusion__img_08_425508100_01624,inclusion,train,C:\Users\anmol\OneDrive\Desktop\MobileNetV2\GC10-DET_PREPARED\IMAGES\inclusion\inclusion__img_08_425508100_01624.jpg,1
inclusion__img_08_425508200_00033,inclusion,train,C:\Users\anmol\OneDrive\Desktop\MobileNetV2\GC10-DET_PREPARED\IMAGES\inclusion\inclusion__img_08_425508200_00033.jpg,3
inclusion__img_08_425508200_00359,inclusion,train,C:\Users\anmol\OneDrive\Desktop\MobileNetV2\GC10-DET_PREPARED\IMAGES\inclusion\inclusion__img_08_425508200_00359.jpg,6
inclusion__img_08_425508200_00361,inclusion,train,C:\Users\anmol\OneDrive\Desktop\MobileNetV2\GC10-DET_PREPARED\IMAGES\inclusion\inclusion__img_08_425508200_00361.jpg,6
inclusion__img_08_425508200_00363,inclusion,train,C:\Users\anmol\OneDrive\Desktop\MobileNetV2\GC10-DET_PREPARED\IMAGES\inclusion\inclusion__img_08_425508200_00363.jpg,3
inclusion__img_08_425508200_00364,inclusion,train,C:\Users\anmol\OneDrive\Desktop\MobileNetV2\GC10-DET_PREPARED\IMAGES\inclusion\inclusion__img_08_425508200_00364.jpg,5
inclusion__img_08_425508300_00656,inclusion,train,C:\Users\anmol\OneDrive\Desktop\MobileNetV2\GC10-DET_PREPARED\IMAGES\inclusion\inclusion__img_08_425508300_00656.jpg,2
inclusion__img_08_425508600_00656,inclusion,train,C:\Users\anmol\OneDrive\Desktop\MobileNetV2\GC10-DET_PREPARED\IMAGES\inclusion\inclusion__img_08_425508600_00656.jpg,3
inclusion__img_08_425508700_00666,inclusion,train,C:\Users\anmol\OneDrive\Desktop\MobileNetV2\GC10-DET_PREPARED\IMAGES\inclusion\inclusion__img_08_425508700_00666.jpg,3
inclusion__img_08_425608200_00504,inclusion,train,C:\Users\anmol\OneDrive\Desktop\MobileNetV2\GC10-DET_PREPARED\IMAGES\inclusion\inclusion__img_08_425608200_00504.jpg,3
inclusion__img_08_425638500_00091,inclusion,train,C:\Users\anmol\OneDrive\Desktop\MobileNetV2\GC10-DET_PREPARED\IMAGES\inclusion\inclusion__img_08_425638500_00091.jpg,1
inclusion__img_08_425639900_00613,inclusion,train,C:\Users\anmol\OneDrive\Desktop\MobileNetV2\GC10-DET_PREPARED\IMAGES\inclusion\inclusion__img_08_425639900_00613.jpg,2
oil_spot__img_01_425507400_00088,oil_spot,train,C:\Users\anmol\OneDrive\Desktop\MobileNetV2\GC10-DET_PREPARED\IMAGES\oil_spot\oil_spot__img_01_425507400_00088.jpg,2
oil_spot__img_01_425614600_00428,oil_spot,train,C:\Users\anmol\OneDrive\Desktop\MobileNetV2\GC10-DET_PREPARED\IMAGES\oil_spot\oil_spot__img_01_425614600_00428.jpg,1
oil_spot__img_01_433354400_00040,oil_spot,train,C:\Users\anmol\OneDrive\Desktop\MobileNetV2\GC10-DET_PREPARED\IMAGES\oil_spot\oil_spot__img_01_433354400_00040.jpg,1
oil_spot__img_01_435974400_00005,oil_spot,train,C:\Users\anmol\OneDrive\Desktop\MobileNetV2\GC10-DET_PREPARED\IMAGES\oil_spot\oil_spot__img_01_435974400_00005.jpg,2
oil_spot__img_02_3402617200_00003,oil_spot,train,C:\Users\anmol\OneDrive\Desktop\MobileNetV2\GC10-DET_PREPARED\IMAGES\oil_spot\oil_spot__img_02_3402617200_00003.jpg,1
oil_spot__img_02_424799200_00178,oil_spot,train,C:\Users\anmol\OneDrive\Desktop\MobileNetV2\GC10-DET_PREPARED\IMAGES\oil_spot\oil_spot__img_02_424799200_00178.jpg,1
oil_spot__img_02_425507000_00871,oil_spot,train,C:\Users\anmol\OneDrive\Desktop\MobileNetV2\GC10-DET_PREPARED\IMAGES\oil_spot\oil_spot__img_02_425507000_00871.jpg,2
oil_spot__img_02_425507000_00882,oil_spot,train,C:\Users\anmol\OneDrive\Desktop\MobileNetV2\GC10-DET_PREPARED\IMAGES\oil_spot\oil_spot__img_02_425507000_00882.jpg,2
oil_spot__img_02_425507000_00888,oil_spot,train,C:\Users\anmol\OneDrive\Desktop\MobileNetV2\GC10-DET_PREPARED\IMAGES\oil_spot\oil_spot__img_02_425507000_00888.jpg,1
oil_spot__img_02_425507000_00913,oil_spot,train,C:\Users\anmol\OneDrive\Desktop\MobileNetV2\GC10-DET_PREPARED\IMAGES\oil_spot\oil_spot__img_02_425507000_00913.jpg,1
oil_spot__img_02_425507000_00919,oil_spot,train,C:\Users\anmol\OneDrive\Desktop\MobileNetV2\GC10-DET_PREPARED\IMAGES\oil_spot\oil_spot__img_02_425507000_00919.jpg,1
oil_spot__img_02_425507000_00931,oil_spot,train,C:\Users\anmol\OneDrive\Desktop\MobileNetV2\GC10-DET_PREPARED\IMAGES\oil_spot\oil_spot__img_02_425507000_00931.jpg,1
oil_spot__img_02_425507200_01502,oil_spot,train,C:\Users\anmol\OneDrive\Desktop\MobileNetV2\GC10-DET_PREPARED\IMAGES\oil_spot\oil_spot__img_02_425507200_01502.jpg,6
oil_spot__img_02_425507200_01503,oil_spot,train,C:\Users\anmol\OneDrive\Desktop\MobileNetV2\GC10-DET_PREPARED\IMAGES\oil_spot\oil_spot__img_02_425507200_01503.jpg,5
oil_spot__img_02_425507200_01504,oil_spot,train,C:\Users\anmol\OneDrive\Desktop\MobileNetV2\GC10-DET_PREPARED\IMAGES\oil_spot\oil_spot__img_02_425507200_01504.jpg,5
oil_spot__img_02_425507200_01505,oil_spot,train,C:\Users\anmol\OneDrive\Desktop\MobileNetV2\GC10-DET_PREPARED\IMAGES\oil_spot\oil_spot__img_02_425507200_01505.jpg,3
oil_spot__img_02_425507200_01509,oil_spot,train,C:\Users\anmol\OneDrive\Desktop\MobileNetV2\GC10-DET_PREPARED\IMAGES\oil_spot\oil_spot__img_02_425507200_01509.jpg,4
oil_spot__img_02_425507200_01512,oil_spot,train,C:\Users\anmol\OneDrive\Desktop\MobileNetV2\GC10-DET_PREPARED\IMAGES\oil_spot\oil_spot__img_02_425507200_01512.jpg,5
oil_spot__img_02_425507200_01513,oil_spot,train,C:\Users\anmol\OneDrive\Desktop\MobileNetV2\GC10-DET_PREPARED\IMAGES\oil_spot\oil_spot__img_02_425507200_01513.jpg,4
oil_spot__img_02_425507200_01515,oil_spot,train,C:\Users\anmol\OneDrive\Desktop\MobileNetV2\GC10-DET_PREPARED\IMAGES\oil_spot\oil_spot__img_02_425507200_01515.jpg,3
oil_spot__img_02_425507200_01516,oil_spot,train,C:\Users\anmol\OneDrive\Desktop\MobileNetV2\GC10-DET_PREPARED\IMAGES\oil_spot\oil_spot__img_02_425507200_01516.jpg,3
oil_spot__img_02_425613800_00218,oil_spot,train,C:\Users\anmol\OneDrive\Desktop\MobileNetV2\GC10-DET_PREPARED\IMAGES\oil_spot\oil_spot__img_02_425613800_00218.jpg,3
oil_spot__img_02_425637500_00003,oil_spot,train,C:\Users\anmol\OneDrive\Desktop\MobileNetV2\GC10-DET_PREPARED\IMAGES\oil_spot\oil_spot__img_02_425637500_00003.jpg,2
oil_spot__img_02_435974400_00004,oil_spot,train,C:\Users\anmol\OneDrive\Desktop\MobileNetV2\GC10-DET_PREPARED\IMAGES\oil_spot\oil_spot__img_02_435974400_00004.jpg,5
oil_spot__img_02_SIS001540_00053,oil_spot,train,C:\Users\anmol\OneDrive\Desktop\MobileNetV2\GC10-DET_PREPARED\IMAGES\oil_spot\oil_spot__img_02_SIS001540_00053.jpg,3
oil_spot__img_03_3402564500_00001,oil_spot,train,C:\Users\anmol\OneDrive\Desktop\MobileNetV2\GC10-DET_PREPARED\IMAGES\oil_spot\oil_spot__img_03_3402564500_00001.jpg,3
oil_spot__img_03_3402617400_00941,oil_spot,train,C:\Users\anmol\OneDrive\Desktop\MobileNetV2\GC10-DET_PREPARED\IMAGES\oil_spot\oil_spot__img_03_3402617400_00941.jpg,1
oil_spot__img_03_3402617400_00947,oil_spot,train,C:\Users\anmol\OneDrive\Desktop\MobileNetV2\GC10-DET_PREPARED\IMAGES\oil_spot\oil_spot__img_03_3402617400_00947.jpg,1
oil_spot__img_03_3402617700_00118,oil_spot,train,C:\Users\anmol\OneDrive\Desktop\MobileNetV2\GC10-DET_PREPARED\IMAGES\oil_spot\oil_spot__img_03_3402617700_00118.jpg,2
oil_spot__img_03_3402617700_00394,oil_spot,train,C:\Users\anmol\OneDrive\Desktop\MobileNetV2\GC10-DET_PREPARED\IMAGES\oil_spot\oil_spot__img_03_3402617700_00394.jpg,1
oil_spot__img_03_3402617700_00707,oil_spot,train,C:\Users\anmol\OneDrive\Desktop\MobileNetV2\GC10-DET_PREPARED\IMAGES\oil_spot\oil_spot__img_03_3402617700_00707.jpg,3
oil_spot__img_03_3402617700_00783,oil_spot,train,C:\Users\anmol\OneDrive\Desktop\MobileNetV2\GC10-DET_PREPARED\IMAGES\oil_spot\oil_spot__img_03_3402617700_00783.jpg,1
oil_spot__img_03_3437006100_00013,oil_spot,train,C:\Users\anmol\OneDrive\Desktop\MobileNetV2\GC10-DET_PREPARED\IMAGES\oil_spot\oil_spot__img_03_3437006100_00013.jpg,2
oil_spot__img_03_3437006500_00035,oil_spot,train,C:\Users\anmol\OneDrive\Desktop\MobileNetV2\GC10-DET_PREPARED\IMAGES\oil_spot\oil_spot__img_03_3437006500_00035.jpg,2
oil_spot__img_03_425391000_00489,oil_spot,train,C:\Users\anmol\OneDrive\Desktop\MobileNetV2\GC10-DET_PREPARED\IMAGES\oil_spot\oil_spot__img_03_425391000_00489.jpg,1
oil_spot__img_03_425391000_00491,oil_spot,train,C:\Users\anmol\OneDrive\Desktop\MobileNetV2\GC10-DET_PREPARED\IMAGES\oil_spot\oil_spot__img_03_425391000_00491.jpg,1
oil_spot__img_03_425501800_01178,oil_spot,train,C:\Users\anmol\OneDrive\Desktop\MobileNetV2\GC10-DET_PREPARED\IMAGES\oil_spot\oil_spot__img_03_425501800_01178.jpg,2
oil_spot__img_03_425502900_00019,oil_spot,train,C:\Users\anmol\OneDrive\Desktop\MobileNetV2\GC10-DET_PREPARED\IMAGES\oil_spot\oil_spot__img_03_425502900_00019.jpg,3
oil_spot__img_03_425504800_00012,oil_spot,train,C:\Users\anmol\OneDrive\Desktop\MobileNetV2\GC10-DET_PREPARED\IMAGES\oil_spot\oil_spot__img_03_425504800_00012.jpg,1
oil_spot__img_03_425507000_00872,oil_spot,train,C:\Users\anmol\OneDrive\Desktop\MobileNetV2\GC10-DET_PREPARED\IMAGES\oil_spot\oil_spot__img_03_425507000_00872.jpg,2
oil_spot__img_03_425507000_00876,oil_spot,train,C:\Users\anmol\OneDrive\Desktop\MobileNetV2\GC10-DET_PREPARED\IMAGES\oil_spot\oil_spot__img_03_425507000_00876.jpg,1
oil_spot__img_03_425507000_00882,oil_spot,train,C:\Users\anmol\OneDrive\Desktop\MobileNetV2\GC10-DET_PREPARED\IMAGES\oil_spot\oil_spot__img_03_425507000_00882.jpg,2
oil_spot__img_03_425507000_00894,oil_spot,train,C:\Users\anmol\OneDrive\Desktop\MobileNetV2\GC10-DET_PREPARED\IMAGES\oil_spot\oil_spot__img_03_425507000_00894.jpg,2
oil_spot__img_03_425507000_00900,oil_spot,train,C:\Users\anmol\OneDrive\Desktop\MobileNetV2\GC10-DET_PREPARED\IMAGES\oil_spot\oil_spot__img_03_425507000_00900.jpg,1
oil_spot__img_03_425507000_00919,oil_spot,train,C:\Users\anmol\OneDrive\Desktop\MobileNetV2\GC10-DET_PREPARED\IMAGES\oil_spot\oil_spot__img_03_425507000_00919.jpg,1
oil_spot__img_03_425507000_00925,oil_spot,train,C:\Users\anmol\OneDrive\Desktop\MobileNetV2\GC10-DET_PREPARED\IMAGES\oil_spot\oil_spot__img_03_425507000_00925.jpg,1
oil_spot__img_03_436152900_00005,oil_spot,train,C:\Users\anmol\OneDrive\Desktop\MobileNetV2\GC10-DET_PREPARED\IMAGES\oil_spot\oil_spot__img_03_436152900_00005.jpg,6
oil_spot__img_03_4403465900_00023,oil_spot,train,C:\Users\anmol\OneDrive\Desktop\MobileNetV2\GC10-DET_PREPARED\IMAGES\oil_spot\oil_spot__img_03_4403465900_00023.jpg,3
oil_spot__img_03_SIS001546_00031,oil_spot,train,C:\Users\anmol\OneDrive\Desktop\MobileNetV2\GC10-DET_PREPARED\IMAGES\oil_spot\oil_spot__img_03_SIS001546_00031.jpg,6
oil_spot__img_03_SIS001546_00041,oil_spot,train,C:\Users\anmol\OneDrive\Desktop\MobileNetV2\GC10-DET_PREPARED\IMAGES\oil_spot\oil_spot__img_03_SIS001546_00041.jpg,2
oil_spot__img_03_SIS001546_00060,oil_spot,train,C:\Users\anmol\OneDrive\Desktop\MobileNetV2\GC10-DET_PREPARED\IMAGES\oil_spot\oil_spot__img_03_SIS001546_00060.jpg,2
oil_spot__img_04_425503600_00019,oil_spot,train,C:\Users\anmol\OneDrive\Desktop\MobileNetV2\GC10-DET_PREPARED\IMAGES\oil_spot\oil_spot__img_04_425503600_00019.jpg,2
oil_spot__img_04_431854200_00007,oil_spot,train,C:\Users\anmol\OneDrive\Desktop\MobileNetV2\GC10-DET_PREPARED\IMAGES\oil_spot\oil_spot__img_04_431854200_00007.jpg,6
oil_spot__img_04_431854700_00287,oil_spot,train,C:\Users\anmol\OneDrive\Desktop\MobileNetV2\GC10-DET_PREPARED\IMAGES\oil_spot\oil_spot__img_04_431854700_00287.jpg,3
oil_spot__img_04_431854700_00657,oil_spot,train,C:\Users\anmol\OneDrive\Desktop\MobileNetV2\GC10-DET_PREPARED\IMAGES\oil_spot\oil_spot__img_04_431854700_00657.jpg,2
oil_spot__img_04_431854700_00670,oil_spot,train,C:\Users\anmol\OneDrive\Desktop\MobileNetV2\GC10-DET_PREPARED\IMAGES\oil_spot\oil_spot__img_04_431854700_00670.jpg,2
oil_spot__img_04_431854700_00686,oil_spot,train,C:\Users\anmol\OneDrive\Desktop\MobileNetV2\GC10-DET_PREPARED\IMAGES\oil_spot\oil_spot__img_04_431854700_00686.jpg,3
oil_spot__img_04_431855000_00121,oil_spot,train,C:\Users\anmol\OneDrive\Desktop\MobileNetV2\GC10-DET_PREPARED\IMAGES\oil_spot\oil_spot__img_04_431855000_00121.jpg,1
oil_spot__img_04_431855000_00127,oil_spot,train,C:\Users\anmol\OneDrive\Desktop\MobileNetV2\GC10-DET_PREPARED\IMAGES\oil_spot\oil_spot__img_04_431855000_00127.jpg,1
oil_spot__img_04_435974400_00005,oil_spot,train,C:\Users\anmol\OneDrive\Desktop\MobileNetV2\GC10-DET_PREPARED\IMAGES\oil_spot\oil_spot__img_04_435974400_00005.jpg,2
oil_spot__img_04_436163100_00006,oil_spot,train,C:\Users\anmol\OneDrive\Desktop\MobileNetV2\GC10-DET_PREPARED\IMAGES\oil_spot\oil_spot__img_04_436163100_00006.jpg,7
oil_spot__img_04_436163100_00008,oil_spot,train,C:\Users\anmol\OneDrive\Desktop\MobileNetV2\GC10-DET_PREPARED\IMAGES\oil_spot\oil_spot__img_04_436163100_00008.jpg,2
oil_spot__img_04_436163100_00012,oil_spot,train,C:\Users\anmol\OneDrive\Desktop\MobileNetV2\GC10-DET_PREPARED\IMAGES\oil_spot\oil_spot__img_04_436163100_00012.jpg,2
oil_spot__img_04_436163100_00021,oil_spot,train,C:\Users\anmol\OneDrive\Desktop\MobileNetV2\GC10-DET_PREPARED\IMAGES\oil_spot\oil_spot__img_04_436163100_00021.jpg,1
oil_spot__img_04_436163100_00033,oil_spot,train,C:\Users\anmol\OneDrive\Desktop\MobileNetV2\GC10-DET_PREPARED\IMAGES\oil_spot\oil_spot__img_04_436163100_00033.jpg,2
oil_spot__img_04_436163100_00055,oil_spot,train,C:\Users\anmol\OneDrive\Desktop\MobileNetV2\GC10-DET_PREPARED\IMAGES\oil_spot\oil_spot__img_04_436163100_00055.jpg,1
oil_spot__img_06_425392300_00387,oil_spot,train,C:\Users\anmol\OneDrive\Desktop\MobileNetV2\GC10-DET_PREPARED\IMAGES\oil_spot\oil_spot__img_06_425392300_00387.jpg,1
oil_spot__img_06_425502300_01396,oil_spot,train,C:\Users\anmol\OneDrive\Desktop\MobileNetV2\GC10-DET_PREPARED\IMAGES\oil_spot\oil_spot__img_06_425502300_01396.jpg,2
oil_spot__img_06_425502300_01397,oil_spot,train,C:\Users\anmol\OneDrive\Desktop\MobileNetV2\GC10-DET_PREPARED\IMAGES\oil_spot\oil_spot__img_06_425502300_01397.jpg,2
oil_spot__img_06_425502300_01398,oil_spot,train,C:\Users\anmol\OneDrive\Desktop\MobileNetV2\GC10-DET_PREPARED\IMAGES\oil_spot\oil_spot__img_06_425502300_01398.jpg,2
oil_spot__img_06_425502300_01399,oil_spot,train,C:\Users\anmol\OneDrive\Desktop\MobileNetV2\GC10-DET_PREPARED\IMAGES\oil_spot\oil_spot__img_06_425502300_01399.jpg,3
oil_spot__img_06_425502300_01400,oil_spot,train,C:\Users\anmol\OneDrive\Desktop\MobileNetV2\GC10-DET_PREPARED\IMAGES\oil_spot\oil_spot__img_06_425502300_01400.jpg,4
oil_spot__img_06_425502300_01401,oil_spot,train,C:\Users\anmol\OneDrive\Desktop\MobileNetV2\GC10-DET_PREPARED\IMAGES\oil_spot\oil_spot__img_06_425502300_01401.jpg,3
oil_spot__img_06_425502300_01402,oil_spot,train,C:\Users\anmol\OneDrive\Desktop\MobileNetV2\GC10-DET_PREPARED\IMAGES\oil_spot\oil_spot__img_06_425502300_01402.jpg,5
oil_spot__img_06_425502300_01403,oil_spot,train,C:\Users\anmol\OneDrive\Desktop\MobileNetV2\GC10-DET_PREPARED\IMAGES\oil_spot\oil_spot__img_06_425502300_01403.jpg,5
oil_spot__img_06_425502300_01404,oil_spot,train,C:\Users\anmol\OneDrive\Desktop\MobileNetV2\GC10-DET_PREPARED\IMAGES\oil_spot\oil_spot__img_06_425502300_01404.jpg,5
oil_spot__img_06_425502300_01409,oil_spot,train,C:\Users\anmol\OneDrive\Desktop\MobileNetV2\GC10-DET_PREPARED\IMAGES\oil_spot\oil_spot__img_06_425502300_01409.jpg,5
oil_spot__img_06_425502300_01410,oil_spot,train,C:\Users\anmol\OneDrive\Desktop\MobileNetV2\GC10-DET_PREPARED\IMAGES\oil_spot\oil_spot__img_06_425502300_01410.jpg,5
oil_spot__img_06_425502300_01437,oil_spot,train,C:\Users\anmol\OneDrive\Desktop\MobileNetV2\GC10-DET_PREPARED\IMAGES\oil_spot\oil_spot__img_06_425502300_01437.jpg,1
oil_spot__img_06_425502300_01438,oil_spot,train,C:\Users\anmol\OneDrive\Desktop\MobileNetV2\GC10-DET_PREPARED\IMAGES\oil_spot\oil_spot__img_06_425502300_01438.jpg,1
oil_spot__img_06_425503400_00040,oil_spot,train,C:\Users\anmol\OneDrive\Desktop\MobileNetV2\GC10-DET_PREPARED\IMAGES\oil_spot\oil_spot__img_06_425503400_00040.jpg,1
oil_spot__img_07_3437011100_00683,oil_spot,train,C:\Users\anmol\OneDrive\Desktop\MobileNetV2\GC10-DET_PREPARED\IMAGES\oil_spot\oil_spot__img_07_3437011100_00683.jpg,1
oil_spot__img_07_3437011100_00684,oil_spot,train,C:\Users\anmol\OneDrive\Desktop\MobileNetV2\GC10-DET_PREPARED\IMAGES\oil_spot\oil_spot__img_07_3437011100_00684.jpg,1
oil_spot__img_07_3437011100_00686,oil_spot,train,C:\Users\anmol\OneDrive\Desktop\MobileNetV2\GC10-DET_PREPARED\IMAGES\oil_spot\oil_spot__img_07_3437011100_00686.jpg,1
oil_spot__img_07_3437011100_00693,oil_spot,train,C:\Users\anmol\OneDrive\Desktop\MobileNetV2\GC10-DET_PREPARED\IMAGES\oil_spot\oil_spot__img_07_3437011100_00693.jpg,3
oil_spot__img_07_425100400_00082,oil_spot,train,C:\Users\anmol\OneDrive\Desktop\MobileNetV2\GC10-DET_PREPARED\IMAGES\oil_spot\oil_spot__img_07_425100400_00082.jpg,1
oil_spot__img_07_425100400_00088,oil_spot,train,C:\Users\anmol\OneDrive\Desktop\MobileNetV2\GC10-DET_PREPARED\IMAGES\oil_spot\oil_spot__img_07_425100400_00088.jpg,1
oil_spot__img_07_425100400_00094,oil_spot,train,C:\Users\anmol\OneDrive\Desktop\MobileNetV2\GC10-DET_PREPARED\IMAGES\oil_spot\oil_spot__img_07_425100400_00094.jpg,1
oil_spot__img_07_425390900_00052,oil_spot,train,C:\Users\anmol\OneDrive\Desktop\MobileNetV2\GC10-DET_PREPARED\IMAGES\oil_spot\oil_spot__img_07_425390900_00052.jpg,7
oil_spot__img_07_425390900_00053,oil_spot,train,C:\Users\anmol\OneDrive\Desktop\MobileNetV2\GC10-DET_PREPARED\IMAGES\oil_spot\oil_spot__img_07_425390900_00053.jpg,11
oil_spot__img_07_425390900_00054,oil_spot,train,C:\Users\anmol\OneDrive\Desktop\MobileNetV2\GC10-DET_PREPARED\IMAGES\oil_spot\oil_spot__img_07_425390900_00054.jpg,7
oil_spot__img_07_425390900_00057,oil_spot,train,C:\Users\anmol\OneDrive\Desktop\MobileNetV2\GC10-DET_PREPARED\IMAGES\oil_spot\oil_spot__img_07_425390900_00057.jpg,6
oil_spot__img_07_425390900_00058,oil_spot,train,C:\Users\anmol\OneDrive\Desktop\MobileNetV2\GC10-DET_PREPARED\IMAGES\oil_spot\oil_spot__img_07_425390900_00058.jpg,3
oil_spot__img_07_425390900_00059,oil_spot,train,C:\Users\anmol\OneDrive\Desktop\MobileNetV2\GC10-DET_PREPARED\IMAGES\oil_spot\oil_spot__img_07_425390900_00059.jpg,8
oil_spot__img_07_425390900_00061,oil_spot,train,C:\Users\anmol\OneDrive\Desktop\MobileNetV2\GC10-DET_PREPARED\IMAGES\oil_spot\oil_spot__img_07_425390900_00061.jpg,4
oil_spot__img_07_425390900_00062,oil_spot,train,C:\Users\anmol\OneDrive\Desktop\MobileNetV2\GC10-DET_PREPARED\IMAGES\oil_spot\oil_spot__img_07_425390900_00062.jpg,5
oil_spot__img_07_425390900_00065,oil_spot,train,C:\Users\anmol\OneDrive\Desktop\MobileNetV2\GC10-DET_PREPARED\IMAGES\oil_spot\oil_spot__img_07_425390900_00065.jpg,5
oil_spot__img_07_425390900_00071,oil_spot,train,C:\Users\anmol\OneDrive\Desktop\MobileNetV2\GC10-DET_PREPARED\IMAGES\oil_spot\oil_spot__img_07_425390900_00071.jpg,6
oil_spot__img_07_425390900_00074,oil_spot,train,C:\Users\anmol\OneDrive\Desktop\MobileNetV2\GC10-DET_PREPARED\IMAGES\oil_spot\oil_spot__img_07_425390900_00074.jpg,7
oil_spot__img_07_425390900_00075,oil_spot,train,C:\Users\anmol\OneDrive\Desktop\MobileNetV2\GC10-DET_PREPARED\IMAGES\oil_spot\oil_spot__img_07_425390900_00075.jpg,4
oil_spot__img_07_425390900_00077,oil_spot,train,C:\Users\anmol\OneDrive\Desktop\MobileNetV2\GC10-DET_PREPARED\IMAGES\oil_spot\oil_spot__img_07_425390900_00077.jpg,5
oil_spot__img_07_425390900_00080,oil_spot,train,C:\Users\anmol\OneDrive\Desktop\MobileNetV2\GC10-DET_PREPARED\IMAGES\oil_spot\oil_spot__img_07_425390900_00080.jpg,8
oil_spot__img_07_425390900_00081,oil_spot,train,C:\Users\anmol\OneDrive\Desktop\MobileNetV2\GC10-DET_PREPARED\IMAGES\oil_spot\oil_spot__img_07_425390900_00081.jpg,6
oil_spot__img_07_425390900_00086,oil_spot,train,C:\Users\anmol\OneDrive\Desktop\MobileNetV2\GC10-DET_PREPARED\IMAGES\oil_spot\oil_spot__img_07_425390900_00086.jpg,6
oil_spot__img_07_425390900_00110,oil_spot,train,C:\Users\anmol\OneDrive\Desktop\MobileNetV2\GC10-DET_PREPARED\IMAGES\oil_spot\oil_spot__img_07_425390900_00110.jpg,3
oil_spot__img_07_425390900_00111,oil_spot,train,C:\Users\anmol\OneDrive\Desktop\MobileNetV2\GC10-DET_PREPARED\IMAGES\oil_spot\oil_spot__img_07_425390900_00111.jpg,4
oil_spot__img_07_425390900_00113,oil_spot,train,C:\Users\anmol\OneDrive\Desktop\MobileNetV2\GC10-DET_PREPARED\IMAGES\oil_spot\oil_spot__img_07_425390900_00113.jpg,3
oil_spot__img_07_425507400_01690,oil_spot,train,C:\Users\anmol\OneDrive\Desktop\MobileNetV2\GC10-DET_PREPARED\IMAGES\oil_spot\oil_spot__img_07_425507400_01690.jpg,2
oil_spot__img_07_425507400_01692,oil_spot,train,C:\Users\anmol\OneDrive\Desktop\MobileNetV2\GC10-DET_PREPARED\IMAGES\oil_spot\oil_spot__img_07_425507400_01692.jpg,2
oil_spot__img_07_435974600_00211,oil_spot,train,C:\Users\anmol\OneDrive\Desktop\MobileNetV2\GC10-DET_PREPARED\IMAGES\oil_spot\oil_spot__img_07_435974600_00211.jpg,2
oil_spot__img_07_435974600_00212,oil_spot,train,C:\Users\anmol\OneDrive\Desktop\MobileNetV2\GC10-DET_PREPARED\IMAGES\oil_spot\oil_spot__img_07_435974600_00212.jpg,2
oil_spot__img_07_435974600_00213,oil_spot,train,C:\Users\anmol\OneDrive\Desktop\MobileNetV2\GC10-DET_PREPARED\IMAGES\oil_spot\oil_spot__img_07_435974600_00213.jpg,1
oil_spot__img_07_435974600_00215,oil_spot,train,C:\Users\anmol\OneDrive\Desktop\MobileNetV2\GC10-DET_PREPARED\IMAGES\oil_spot\oil_spot__img_07_435974600_00215.jpg,1
oil_spot__img_07_435974600_00217,oil_spot,train,C:\Users\anmol\OneDrive\Desktop\MobileNetV2\GC10-DET_PREPARED\IMAGES\oil_spot\oil_spot__img_07_435974600_00217.jpg,1
oil_spot__img_07_435974600_00218,oil_spot,train,C:\Users\anmol\OneDrive\Desktop\MobileNetV2\GC10-DET_PREPARED\IMAGES\oil_spot\oil_spot__img_07_435974600_00218.jpg,1
oil_spot__img_07_435974600_00221,oil_spot,train,C:\Users\anmol\OneDrive\Desktop\MobileNetV2\GC10-DET_PREPARED\IMAGES\oil_spot\oil_spot__img_07_435974600_00221.jpg,1
oil_spot__img_07_435974600_00223,oil_spot,train,C:\Users\anmol\OneDrive\Desktop\MobileNetV2\GC10-DET_PREPARED\IMAGES\oil_spot\oil_spot__img_07_435974600_00223.jpg,1
oil_spot__img_07_435974600_00224,oil_spot,train,C:\Users\anmol\OneDrive\Desktop\MobileNetV2\GC10-DET_PREPARED\IMAGES\oil_spot\oil_spot__img_07_435974600_00224.jpg,1
oil_spot__img_07_435974600_00227,oil_spot,train,C:\Users\anmol\OneDrive\Desktop\MobileNetV2\GC10-DET_PREPARED\IMAGES\oil_spot\oil_spot__img_07_435974600_00227.jpg,1
oil_spot__img_07_435974600_00230,oil_spot,train,C:\Users\anmol\OneDrive\Desktop\MobileNetV2\GC10-DET_PREPARED\IMAGES\oil_spot\oil_spot__img_07_435974600_00230.jpg,1
oil_spot__img_07_436163600_00085,oil_spot,train,C:\Users\anmol\OneDrive\Desktop\MobileNetV2\GC10-DET_PREPARED\IMAGES\oil_spot\oil_spot__img_07_436163600_00085.jpg,1
oil_spot__img_08_3437011100_00683,oil_spot,train,C:\Users\anmol\OneDrive\Desktop\MobileNetV2\GC10-DET_PREPARED\IMAGES\oil_spot\oil_spot__img_08_3437011100_00683.jpg,1
oil_spot__img_08_3437011100_00684,oil_spot,train,C:\Users\anmol\OneDrive\Desktop\MobileNetV2\GC10-DET_PREPARED\IMAGES\oil_spot\oil_spot__img_08_3437011100_00684.jpg,1
oil_spot__img_08_3437011100_00686,oil_spot,train,C:\Users\anmol\OneDrive\Desktop\MobileNetV2\GC10-DET_PREPARED\IMAGES\oil_spot\oil_spot__img_08_3437011100_00686.jpg,2
oil_spot__img_08_425391700_00089,oil_spot,train,C:\Users\anmol\OneDrive\Desktop\MobileNetV2\GC10-DET_PREPARED\IMAGES\oil_spot\oil_spot__img_08_425391700_00089.jpg,1
oil_spot__img_08_425391700_00095,oil_spot,train,C:\Users\anmol\OneDrive\Desktop\MobileNetV2\GC10-DET_PREPARED\IMAGES\oil_spot\oil_spot__img_08_425391700_00095.jpg,1
oil_spot__img_08_425391700_00179,oil_spot,train,C:\Users\anmol\OneDrive\Desktop\MobileNetV2\GC10-DET_PREPARED\IMAGES\oil_spot\oil_spot__img_08_425391700_00179.jpg,1
oil_spot__img_08_425391700_00181,oil_spot,train,C:\Users\anmol\OneDrive\Desktop\MobileNetV2\GC10-DET_PREPARED\IMAGES\oil_spot\oil_spot__img_08_425391700_00181.jpg,1
oil_spot__img_08_425391700_00183,oil_spot,train,C:\Users\anmol\OneDrive\Desktop\MobileNetV2\GC10-DET_PREPARED\IMAGES\oil_spot\oil_spot__img_08_425391700_00183.jpg,1
oil_spot__img_08_425391700_00184,oil_spot,train,C:\Users\anmol\OneDrive\Desktop\MobileNetV2\GC10-DET_PREPARED\IMAGES\oil_spot\oil_spot__img_08_425391700_00184.jpg,2
oil_spot__img_08_425391700_00185,oil_spot,train,C:\Users\anmol\OneDrive\Desktop\MobileNetV2\GC10-DET_PREPARED\IMAGES\oil_spot\oil_spot__img_08_425391700_00185.jpg,2
oil_spot__img_08_425391700_00187,oil_spot,train,C:\Users\anmol\OneDrive\Desktop\MobileNetV2\GC10-DET_PREPARED\IMAGES\oil_spot\oil_spot__img_08_425391700_00187.jpg,1
oil_spot__img_08_425391700_00188,oil_spot,train,C:\Users\anmol\OneDrive\Desktop\MobileNetV2\GC10-DET_PREPARED\IMAGES\oil_spot\oil_spot__img_08_425391700_00188.jpg,2
oil_spot__img_08_425391700_00189,oil_spot,train,C:\Users\anmol\OneDrive\Desktop\MobileNetV2\GC10-DET_PREPARED\IMAGES\oil_spot\oil_spot__img_08_425391700_00189.jpg,1
oil_spot__img_08_425391700_00191,oil_spot,train,C:\Users\anmol\OneDrive\Desktop\MobileNetV2\GC10-DET_PREPARED\IMAGES\oil_spot\oil_spot__img_08_425391700_00191.jpg,2
oil_spot__img_08_425391700_00198,oil_spot,train,C:\Users\anmol\OneDrive\Desktop\MobileNetV2\GC10-DET_PREPARED\IMAGES\oil_spot\oil_spot__img_08_425391700_00198.jpg,2
oil_spot__img_08_425506100_01047,oil_spot,train,C:\Users\anmol\OneDrive\Desktop\MobileNetV2\GC10-DET_PREPARED\IMAGES\oil_spot\oil_spot__img_08_425506100_01047.jpg,2
oil_spot__img_08_425506100_01051,oil_spot,train,C:\Users\anmol\OneDrive\Desktop\MobileNetV2\GC10-DET_PREPARED\IMAGES\oil_spot\oil_spot__img_08_425506100_01051.jpg,2
oil_spot__img_08_425506100_01058,oil_spot,train,C:\Users\anmol\OneDrive\Desktop\MobileNetV2\GC10-DET_PREPARED\IMAGES\oil_spot\oil_spot__img_08_425506100_01058.jpg,2
oil_spot__img_08_425508100_01618,oil_spot,train,C:\Users\anmol\OneDrive\Desktop\MobileNetV2\GC10-DET_PREPARED\IMAGES\oil_spot\oil_spot__img_08_425508100_01618.jpg,1
oil_spot__img_08_425508200_00043,oil_spot,train,C:\Users\anmol\OneDrive\Desktop\MobileNetV2\GC10-DET_PREPARED\IMAGES\oil_spot\oil_spot__img_08_425508200_00043.jpg,1
oil_spot__img_08_425508200_00402,oil_spot,train,C:\Users\anmol\OneDrive\Desktop\MobileNetV2\GC10-DET_PREPARED\IMAGES\oil_spot\oil_spot__img_08_425508200_00402.jpg,5
oil_spot__img_08_425508200_00403,oil_spot,train,C:\Users\anmol\OneDrive\Desktop\MobileNetV2\GC10-DET_PREPARED\IMAGES\oil_spot\oil_spot__img_08_425508200_00403.jpg,4
punching_hole__img_02_425501900_00017,punching_hole,train,C:\Users\anmol\OneDrive\Desktop\MobileNetV2\GC10-DET_PREPARED\IMAGES\punching_hole\punching_hole__img_02_425501900_00017.jpg,2
punching_hole__img_02_425503100_00017,punching_hole,train,C:\Users\anmol\OneDrive\Desktop\MobileNetV2\GC10-DET_PREPARED\IMAGES\punching_hole\punching_hole__img_02_425503100_00017.jpg,1
punching_hole__img_02_425505500_00018,punching_hole,train,C:\Users\anmol\OneDrive\Desktop\MobileNetV2\GC10-DET_PREPARED\IMAGES\punching_hole\punching_hole__img_02_425505500_00018.jpg,1
punching_hole__img_02_425506300_00018,punching_hole,train,C:\Users\anmol\OneDrive\Desktop\MobileNetV2\GC10-DET_PREPARED\IMAGES\punching_hole\punching_hole__img_02_425506300_00018.jpg,1
punching_hole__img_02_425506400_00018,punching_hole,train,C:\Users\anmol\OneDrive\Desktop\MobileNetV2\GC10-DET_PREPARED\IMAGES\punching_hole\punching_hole__img_02_425506400_00018.jpg,1
punching_hole__img_02_425614700_00001,punching_hole,train,C:\Users\anmol\OneDrive\Desktop\MobileNetV2\GC10-DET_PREPARED\IMAGES\punching_hole\punching_hole__img_02_425614700_00001.jpg,2
punching_hole__img_02_425616500_00001,punching_hole,train,C:\Users\anmol\OneDrive\Desktop\MobileNetV2\GC10-DET_PREPARED\IMAGES\punching_hole\punching_hole__img_02_425616500_00001.jpg,2
punching_hole__img_02_425637800_00891,punching_hole,train,C:\Users\anmol\OneDrive\Desktop\MobileNetV2\GC10-DET_PREPARED\IMAGES\punching_hole\punching_hole__img_02_425637800_00891.jpg,2
punching_hole__img_02_425637900_00899,punching_hole,train,C:\Users\anmol\OneDrive\Desktop\MobileNetV2\GC10-DET_PREPARED\IMAGES\punching_hole\punching_hole__img_02_425637900_00899.jpg,2
punching_hole__img_02_425640000_00634,punching_hole,train,C:\Users\anmol\OneDrive\Desktop\MobileNetV2\GC10-DET_PREPARED\IMAGES\punching_hole\punching_hole__img_02_425640000_00634.jpg,3
punching_hole__img_02_425640100_00874,punching_hole,train,C:\Users\anmol\OneDrive\Desktop\MobileNetV2\GC10-DET_PREPARED\IMAGES\punching_hole\punching_hole__img_02_425640100_00874.jpg,1
punching_hole__img_02_425644200_00681,punching_hole,train,C:\Users\anmol\OneDrive\Desktop\MobileNetV2\GC10-DET_PREPARED\IMAGES\punching_hole\punching_hole__img_02_425644200_00681.jpg,2
punching_hole__img_03_3403331900_01545,punching_hole,train,C:\Users\anmol\OneDrive\Desktop\MobileNetV2\GC10-DET_PREPARED\IMAGES\punching_hole\punching_hole__img_03_3403331900_01545.jpg,2
punching_hole__img_03_3403392000_01070,punching_hole,train,C:\Users\anmol\OneDrive\Desktop\MobileNetV2\GC10-DET_PREPARED\IMAGES\punching_hole\punching_hole__img_03_3403392000_01070.jpg,2
punching_hole__img_03_3403393700_00942,punching_hole,train,C:\Users\anmol\OneDrive\Desktop\MobileNetV2\GC10-DET_PREPARED\IMAGES\punching_hole\punching_hole__img_03_3403393700_00942.jpg,4
punching_hole__img_03_3403394800_00844,punching_hole,train,C:\Users\anmol\OneDrive\Desktop\MobileNetV2\GC10-DET_PREPARED\IMAGES\punching_hole\punching_hole__img_03_3403394800_00844.jpg,1
punching_hole__img_03_3403396800_01005,punching_hole,train,C:\Users\anmol\OneDrive\Desktop\MobileNetV2\GC10-DET_PREPARED\IMAGES\punching_hole\punching_hole__img_03_3403396800_01005.jpg,1
punching_hole__img_03_3403397500_01395,punching_hole,train,C:\Users\anmol\OneDrive\Desktop\MobileNetV2\GC10-DET_PREPARED\IMAGES\punching_hole\punching_hole__img_03_3403397500_01395.jpg,2
punching_hole__img_03_3403399200_00770,punching_hole,train,C:\Users\anmol\OneDrive\Desktop\MobileNetV2\GC10-DET_PREPARED\IMAGES\punching_hole\punching_hole__img_03_3403399200_00770.jpg,1
punching_hole__img_03_3403400200_00567,punching_hole,train,C:\Users\anmol\OneDrive\Desktop\MobileNetV2\GC10-DET_PREPARED\IMAGES\punching_hole\punching_hole__img_03_3403400200_00567.jpg,1
punching_hole__img_03_3403400500_00340,punching_hole,train,C:\Users\anmol\OneDrive\Desktop\MobileNetV2\GC10-DET_PREPARED\IMAGES\punching_hole\punching_hole__img_03_3403400500_00340.jpg,2
punching_hole__img_03_3403400600_00936,punching_hole,train,C:\Users\anmol\OneDrive\Desktop\MobileNetV2\GC10-DET_PREPARED\IMAGES\punching_hole\punching_hole__img_03_3403400600_00936.jpg,1
punching_hole__img_03_3403401800_00672,punching_hole,train,C:\Users\anmol\OneDrive\Desktop\MobileNetV2\GC10-DET_PREPARED\IMAGES\punching_hole\punching_hole__img_03_3403401800_00672.jpg,2
punching_hole__img_03_3403401900_00722,punching_hole,train,C:\Users\anmol\OneDrive\Desktop\MobileNetV2\GC10-DET_PREPARED\IMAGES\punching_hole\punching_hole__img_03_3403401900_00722.jpg,2
punching_hole__img_03_3403402100_00857,punching_hole,train,C:\Users\anmol\OneDrive\Desktop\MobileNetV2\GC10-DET_PREPARED\IMAGES\punching_hole\punching_hole__img_03_3403402100_00857.jpg,1
punching_hole__img_03_3403403300_00700,punching_hole,train,C:\Users\anmol\OneDrive\Desktop\MobileNetV2\GC10-DET_PREPARED\IMAGES\punching_hole\punching_hole__img_03_3403403300_00700.jpg,1
punching_hole__img_03_3403403500_00735,punching_hole,train,C:\Users\anmol\OneDrive\Desktop\MobileNetV2\GC10-DET_PREPARED\IMAGES\punching_hole\punching_hole__img_03_3403403500_00735.jpg,2
punching_hole__img_03_3403403700_00806,punching_hole,train,C:\Users\anmol\OneDrive\Desktop\MobileNetV2\GC10-DET_PREPARED\IMAGES\punching_hole\punching_hole__img_03_3403403700_00806.jpg,3
punching_hole__img_03_3403404300_01219,punching_hole,train,C:\Users\anmol\OneDrive\Desktop\MobileNetV2\GC10-DET_PREPARED\IMAGES\punching_hole\punching_hole__img_03_3403404300_01219.jpg,1
punching_hole__img_03_3403404800_00998,punching_hole,train,C:\Users\anmol\OneDrive\Desktop\MobileNetV2\GC10-DET_PREPARED\IMAGES\punching_hole\punching_hole__img_03_3403404800_00998.jpg,1
punching_hole__img_03_3403405900_00857,punching_hole,train,C:\Users\anmol\OneDrive\Desktop\MobileNetV2\GC10-DET_PREPARED\IMAGES\punching_hole\punching_hole__img_03_3403405900_00857.jpg,3
punching_hole__img_03_3403406000_00825,punching_hole,train,C:\Users\anmol\OneDrive\Desktop\MobileNetV2\GC10-DET_PREPARED\IMAGES\punching_hole\punching_hole__img_03_3403406000_00825.jpg,2
punching_hole__img_03_424714400_00001,punching_hole,train,C:\Users\anmol\OneDrive\Desktop\MobileNetV2\GC10-DET_PREPARED\IMAGES\punching_hole\punching_hole__img_03_424714400_00001.jpg,4
punching_hole__img_03_424992300_00001,punching_hole,train,C:\Users\anmol\OneDrive\Desktop\MobileNetV2\GC10-DET_PREPARED\IMAGES\punching_hole\punching_hole__img_03_424992300_00001.jpg,1
punching_hole__img_03_424992500_00003,punching_hole,train,C:\Users\anmol\OneDrive\Desktop\MobileNetV2\GC10-DET_PREPARED\IMAGES\punching_hole\punching_hole__img_03_424992500_00003.jpg,1
punching_hole__img_03_425004200_00987,punching_hole,train,C:\Users\anmol\OneDrive\Desktop\MobileNetV2\GC10-DET_PREPARED\IMAGES\punching_hole\punching_hole__img_03_425004200_00987.jpg,4
punching_hole__img_03_425005700_01362,punching_hole,train,C:\Users\anmol\OneDrive\Desktop\MobileNetV2\GC10-DET_PREPARED\IMAGES\punching_hole\punching_hole__img_03_425005700_01362.jpg,2
punching_hole__img_03_425501900_00017,punching_hole,train,C:\Users\anmol\OneDrive\Desktop\MobileNetV2\GC10-DET_PREPARED\IMAGES\punching_hole\punching_hole__img_03_425501900_00017.jpg,1
punching_hole__img_03_425502300_00018,punching_hole,train,C:\Users\anmol\OneDrive\Desktop\MobileNetV2\GC10-DET_PREPARED\IMAGES\punching_hole\punching_hole__img_03_425502300_00018.jpg,3
punching_hole__img_03_425502600_00017,punching_hole,train,C:\Users\anmol\OneDrive\Desktop\MobileNetV2\GC10-DET_PREPARED\IMAGES\punching_hole\punching_hole__img_03_425502600_00017.jpg,2
punching_hole__img_03_425502900_00017,punching_hole,train,C:\Users\anmol\OneDrive\Desktop\MobileNetV2\GC10-DET_PREPARED\IMAGES\punching_hole\punching_hole__img_03_425502900_00017.jpg,2
punching_hole__img_03_425503000_00017,punching_hole,train,C:\Users\anmol\OneDrive\Desktop\MobileNetV2\GC10-DET_PREPARED\IMAGES\punching_hole\punching_hole__img_03_425503000_00017.jpg,1
punching_hole__img_03_425503100_00017,punching_hole,train,C:\Users\anmol\OneDrive\Desktop\MobileNetV2\GC10-DET_PREPARED\IMAGES\punching_hole\punching_hole__img_03_425503100_00017.jpg,2
punching_hole__img_03_425503200_00018,punching_hole,train,C:\Users\anmol\OneDrive\Desktop\MobileNetV2\GC10-DET_PREPARED\IMAGES\punching_hole\punching_hole__img_03_425503200_00018.jpg,2
punching_hole__img_03_425503400_00017,punching_hole,train,C:\Users\anmol\OneDrive\Desktop\MobileNetV2\GC10-DET_PREPARED\IMAGES\punching_hole\punching_hole__img_03_425503400_00017.jpg,1
punching_hole__img_03_425503600_00016,punching_hole,train,C:\Users\anmol\OneDrive\Desktop\MobileNetV2\GC10-DET_PREPARED\IMAGES\punching_hole\punching_hole__img_03_425503600_00016.jpg,1
punching_hole__img_03_425505000_00018,punching_hole,train,C:\Users\anmol\OneDrive\Desktop\MobileNetV2\GC10-DET_PREPARED\IMAGES\punching_hole\punching_hole__img_03_425505000_00018.jpg,2
punching_hole__img_03_425505100_00017,punching_hole,train,C:\Users\anmol\OneDrive\Desktop\MobileNetV2\GC10-DET_PREPARED\IMAGES\punching_hole\punching_hole__img_03_425505100_00017.jpg,1
punching_hole__img_03_425505500_00018,punching_hole,train,C:\Users\anmol\OneDrive\Desktop\MobileNetV2\GC10-DET_PREPARED\IMAGES\punching_hole\punching_hole__img_03_425505500_00018.jpg,2
punching_hole__img_03_425506300_00018,punching_hole,train,C:\Users\anmol\OneDrive\Desktop\MobileNetV2\GC10-DET_PREPARED\IMAGES\punching_hole\punching_hole__img_03_425506300_00018.jpg,2
punching_hole__img_03_425506400_00018,punching_hole,train,C:\Users\anmol\OneDrive\Desktop\MobileNetV2\GC10-DET_PREPARED\IMAGES\punching_hole\punching_hole__img_03_425506400_00018.jpg,2
punching_hole__img_03_425507000_00018,punching_hole,train,C:\Users\anmol\OneDrive\Desktop\MobileNetV2\GC10-DET_PREPARED\IMAGES\punching_hole\punching_hole__img_03_425507000_00018.jpg,2
punching_hole__img_03_425507200_00018,punching_hole,train,C:\Users\anmol\OneDrive\Desktop\MobileNetV2\GC10-DET_PREPARED\IMAGES\punching_hole\punching_hole__img_03_425507200_00018.jpg,2
punching_hole__img_03_425507400_00018,punching_hole,train,C:\Users\anmol\OneDrive\Desktop\MobileNetV2\GC10-DET_PREPARED\IMAGES\punching_hole\punching_hole__img_03_425507400_00018.jpg,2
punching_hole__img_03_425508100_00017,punching_hole,train,C:\Users\anmol\OneDrive\Desktop\MobileNetV2\GC10-DET_PREPARED\IMAGES\punching_hole\punching_hole__img_03_425508100_00017.jpg,1
punching_hole__img_03_425508200_00018,punching_hole,train,C:\Users\anmol\OneDrive\Desktop\MobileNetV2\GC10-DET_PREPARED\IMAGES\punching_hole\punching_hole__img_03_425508200_00018.jpg,2
punching_hole__img_03_425609500_00001,punching_hole,train,C:\Users\anmol\OneDrive\Desktop\MobileNetV2\GC10-DET_PREPARED\IMAGES\punching_hole\punching_hole__img_03_425609500_00001.jpg,3
punching_hole__img_03_425609500_00746,punching_hole,train,C:\Users\anmol\OneDrive\Desktop\MobileNetV2\GC10-DET_PREPARED\IMAGES\punching_hole\punching_hole__img_03_425609500_00746.jpg,1
punching_hole__img_03_425613500_00001,punching_hole,train,C:\Users\anmol\OneDrive\Desktop\MobileNetV2\GC10-DET_PREPARED\IMAGES\punching_hole\punching_hole__img_03_425613500_00001.jpg,1
punching_hole__img_03_425614700_00001,punching_hole,train,C:\Users\anmol\OneDrive\Desktop\MobileNetV2\GC10-DET_PREPARED\IMAGES\punching_hole\punching_hole__img_03_425614700_00001.jpg,2
punching_hole__img_03_425614700_00712,punching_hole,train,C:\Users\anmol\OneDrive\Desktop\MobileNetV2\GC10-DET_PREPARED\IMAGES\punching_hole\punching_hole__img_03_425614700_00712.jpg,1
punching_hole__img_03_425637500_00653,punching_hole,train,C:\Users\anmol\OneDrive\Desktop\MobileNetV2\GC10-DET_PREPARED\IMAGES\punching_hole\punching_hole__img_03_425637500_00653.jpg,3
punching_hole__img_03_425637700_00842,punching_hole,train,C:\Users\anmol\OneDrive\Desktop\MobileNetV2\GC10-DET_PREPARED\IMAGES\punching_hole\punching_hole__img_03_425637700_00842.jpg,2
punching_hole__img_03_425637800_00890,punching_hole,train,C:\Users\anmol\OneDrive\Desktop\MobileNetV2\GC10-DET_PREPARED\IMAGES\punching_hole\punching_hole__img_03_425637800_00890.jpg,1
punching_hole__img_03_425639800_00874,punching_hole,train,C:\Users\anmol\OneDrive\Desktop\MobileNetV2\GC10-DET_PREPARED\IMAGES\punching_hole\punching_hole__img_03_425639800_00874.jpg,1
punching_hole__img_03_425639900_00615,punching_hole,train,C:\Users\anmol\OneDrive\Desktop\MobileNetV2\GC10-DET_PREPARED\IMAGES\punching_hole\punching_hole__img_03_425639900_00615.jpg,2
punching_hole__img_03_425640000_00634,punching_hole,train,C:\Users\anmol\OneDrive\Desktop\MobileNetV2\GC10-DET_PREPARED\IMAGES\punching_hole\punching_hole__img_03_425640000_00634.jpg,2
punching_hole__img_03_425640100_00875,punching_hole,train,C:\Users\anmol\OneDrive\Desktop\MobileNetV2\GC10-DET_PREPARED\IMAGES\punching_hole\punching_hole__img_03_425640100_00875.jpg,3
punching_hole__img_03_425644100_00594,punching_hole,train,C:\Users\anmol\OneDrive\Desktop\MobileNetV2\GC10-DET_PREPARED\IMAGES\punching_hole\punching_hole__img_03_425644100_00594.jpg,2
punching_hole__img_03_425644200_00680,punching_hole,train,C:\Users\anmol\OneDrive\Desktop\MobileNetV2\GC10-DET_PREPARED\IMAGES\punching_hole\punching_hole__img_03_425644200_00680.jpg,2
punching_hole__img_03_425644600_00001,punching_hole,train,C:\Users\anmol\OneDrive\Desktop\MobileNetV2\GC10-DET_PREPARED\IMAGES\punching_hole\punching_hole__img_03_425644600_00001.jpg,4
punching_hole__img_03_436153600_01213,punching_hole,train,C:\Users\anmol\OneDrive\Desktop\MobileNetV2\GC10-DET_PREPARED\IMAGES\punching_hole\punching_hole__img_03_436153600_01213.jpg,1
punching_hole__img_03_4406424600_00002,punching_hole,train,C:\Users\anmol\OneDrive\Desktop\MobileNetV2\GC10-DET_PREPARED\IMAGES\punching_hole\punching_hole__img_03_4406424600_00002.jpg,3
punching_hole__img_03_4406562900_00002,punching_hole,train,C:\Users\anmol\OneDrive\Desktop\MobileNetV2\GC10-DET_PREPARED\IMAGES\punching_hole\punching_hole__img_03_4406562900_00002.jpg,4
punching_hole__img_03_4406742300_00001,punching_hole,train,C:\Users\anmol\OneDrive\Desktop\MobileNetV2\GC10-DET_PREPARED\IMAGES\punching_hole\punching_hole__img_03_4406742300_00001.jpg,1
punching_hole__img_03_4406772100_00001,punching_hole,train,C:\Users\anmol\OneDrive\Desktop\MobileNetV2\GC10-DET_PREPARED\IMAGES\punching_hole\punching_hole__img_03_4406772100_00001.jpg,1
punching_hole__img_03_4406846600_00001,punching_hole,train,C:\Users\anmol\OneDrive\Desktop\MobileNetV2\GC10-DET_PREPARED\IMAGES\punching_hole\punching_hole__img_03_4406846600_00001.jpg,2
punching_hole__img_06_3402617500_00787,punching_hole,train,C:\Users\anmol\OneDrive\Desktop\MobileNetV2\GC10-DET_PREPARED\IMAGES\punching_hole\punching_hole__img_06_3402617500_00787.jpg,2
punching_hole__img_06_3403328900_01020,punching_hole,train,C:\Users\anmol\OneDrive\Desktop\MobileNetV2\GC10-DET_PREPARED\IMAGES\punching_hole\punching_hole__img_06_3403328900_01020.jpg,2
punching_hole__img_06_3403329100_01563,punching_hole,train,C:\Users\anmol\OneDrive\Desktop\MobileNetV2\GC10-DET_PREPARED\IMAGES\punching_hole\punching_hole__img_06_3403329100_01563.jpg,2
punching_hole__img_06_3403331800_01590,punching_hole,train,C:\Users\anmol\OneDrive\Desktop\MobileNetV2\GC10-DET_PREPARED\IMAGES\punching_hole\punching_hole__img_06_3403331800_01590.jpg,1
punching_hole__img_06_3403332000_00931,punching_hole,train,C:\Users\anmol\OneDrive\Desktop\MobileNetV2\GC10-DET_PREPARED\IMAGES\punching_hole\punching_hole__img_06_3403332000_00931.jpg,2
punching_hole__img_06_3403333000_00659,punching_hole,train,C:\Users\anmol\OneDrive\Desktop\MobileNetV2\GC10-DET_PREPARED\IMAGES\punching_hole\punching_hole__img_06_3403333000_00659.jpg,2
punching_hole__img_06_3403333200_00785,punching_hole,train,C:\Users\anmol\OneDrive\Desktop\MobileNetV2\GC10-DET_PREPARED\IMAGES\punching_hole\punching_hole__img_06_3403333200_00785.jpg,2
punching_hole__img_06_3403333400_00834,punching_hole,train,C:\Users\anmol\OneDrive\Desktop\MobileNetV2\GC10-DET_PREPARED\IMAGES\punching_hole\punching_hole__img_06_3403333400_00834.jpg,3
punching_hole__img_06_3403333800_00715,punching_hole,train,C:\Users\anmol\OneDrive\Desktop\MobileNetV2\GC10-DET_PREPARED\IMAGES\punching_hole\punching_hole__img_06_3403333800_00715.jpg,2
punching_hole__img_06_3403333900_00758,punching_hole,train,C:\Users\anmol\OneDrive\Desktop\MobileNetV2\GC10-DET_PREPARED\IMAGES\punching_hole\punching_hole__img_06_3403333900_00758.jpg,2
punching_hole__img_06_3403334000_00839,punching_hole,train,C:\Users\anmol\OneDrive\Desktop\MobileNetV2\GC10-DET_PREPARED\IMAGES\punching_hole\punching_hole__img_06_3403334000_00839.jpg,2
punching_hole__img_06_3403341200_01133,punching_hole,train,C:\Users\anmol\OneDrive\Desktop\MobileNetV2\GC10-DET_PREPARED\IMAGES\punching_hole\punching_hole__img_06_3403341200_01133.jpg,2
punching_hole__img_06_3403391400_01266,punching_hole,train,C:\Users\anmol\OneDrive\Desktop\MobileNetV2\GC10-DET_PREPARED\IMAGES\punching_hole\punching_hole__img_06_3403391400_01266.jpg,1
punching_hole__img_06_3403392000_01069,punching_hole,train,C:\Users\anmol\OneDrive\Desktop\MobileNetV2\GC10-DET_PREPARED\IMAGES\punching_hole\punching_hole__img_06_3403392000_01069.jpg,1
punching_hole__img_06_3403393200_01334,punching_hole,train,C:\Users\anmol\OneDrive\Desktop\MobileNetV2\GC10-DET_PREPARED\IMAGES\punching_hole\punching_hole__img_06_3403393200_01334.jpg,2
punching_hole__img_06_3403393800_01155,punching_hole,train,C:\Users\anmol\OneDrive\Desktop\MobileNetV2\GC10-DET_PREPARED\IMAGES\punching_hole\punching_hole__img_06_3403393800_01155.jpg,2
punching_hole__img_06_3403394100_01318,punching_hole,train,C:\Users\anmol\OneDrive\Desktop\MobileNetV2\GC10-DET_PREPARED\IMAGES\punching_hole\punching_hole__img_06_3403394100_01318.jpg,2
punching_hole__img_06_3403395200_01004,punching_hole,train,C:\Users\anmol\OneDrive\Desktop\MobileNetV2\GC10-DET_PREPARED\IMAGES\punching_hole\punching_hole__img_06_3403395200_01004.jpg,3
punching_hole__img_06_3403395500_01126,punching_hole,train,C:\Users\anmol\OneDrive\Desktop\MobileNetV2\GC10-DET_PREPARED\IMAGES\punching_hole\punching_hole__img_06_3403395500_01126.jpg,1
punching_hole__img_06_3403397400_00907,punching_hole,train,C:\Users\anmol\OneDrive\Desktop\MobileNetV2\GC10-DET_PREPARED\IMAGES\punching_hole\punching_hole__img_06_3403397400_00907.jpg,1
punching_hole__img_06_3403397600_01060,punching_hole,train,C:\Users\anmol\OneDrive\Desktop\MobileNetV2\GC10-DET_PREPARED\IMAGES\punching_hole\punching_hole__img_06_3403397600_01060.jpg,1
punching_hole__img_06_3403398500_01173,punching_hole,train,C:\Users\anmol\OneDrive\Desktop\MobileNetV2\GC10-DET_PREPARED\IMAGES\punching_hole\punching_hole__img_06_3403398500_01173.jpg,1
punching_hole__img_06_3403399400_01044,punching_hole,train,C:\Users\anmol\OneDrive\Desktop\MobileNetV2\GC10-DET_PREPARED\IMAGES\punching_hole\punching_hole__img_06_3403399400_01044.jpg,1
punching_hole__img_06_3403399600_00739,punching_hole,train,C:\Users\anmol\OneDrive\Desktop\MobileNetV2\GC10-DET_PREPARED\IMAGES\punching_hole\punching_hole__img_06_3403399600_00739.jpg,2
punching_hole__img_06_3403399900_01007,punching_hole,train,C:\Users\anmol\OneDrive\Desktop\MobileNetV2\GC10-DET_PREPARED\IMAGES\punching_hole\punching_hole__img_06_3403399900_01007.jpg,2
punching_hole__img_06_3403400500_00339,punching_hole,train,C:\Users\anmol\OneDrive\Desktop\MobileNetV2\GC10-DET_PREPARED\IMAGES\punching_hole\punching_hole__img_06_3403400500_00339.jpg,2
punching_hole__img_06_3403400800_00948,punching_hole,train,C:\Users\anmol\OneDrive\Desktop\MobileNetV2\GC10-DET_PREPARED\IMAGES\punching_hole\punching_hole__img_06_3403400800_00948.jpg,3
punching_hole__img_06_3403402100_00857,punching_hole,train,C:\Users\anmol\OneDrive\Desktop\MobileNetV2\GC10-DET_PREPARED\IMAGES\punching_hole\punching_hole__img_06_3403402100_00857.jpg,1
punching_hole__img_06_3403403400_00768,punching_hole,train,C:\Users\anmol\OneDrive\Desktop\MobileNetV2\GC10-DET_PREPARED\IMAGES\punching_hole\punching_hole__img_06_3403403400_00768.jpg,1
punching_hole__img_06_3403404000_00927,punching_hole,train,C:\Users\anmol\OneDrive\Desktop\MobileNetV2\GC10-DET_PREPARED\IMAGES\punching_hole\punching_hole__img_06_3403404000_00927.jpg,2
punching_hole__img_06_3403405000_00719,punching_hole,train,C:\Users\anmol\OneDrive\Desktop\MobileNetV2\GC10-DET_PREPARED\IMAGES\punching_hole\punching_hole__img_06_3403405000_00719.jpg,3
punching_hole__img_06_3403405900_00856,punching_hole,train,C:\Users\anmol\OneDrive\Desktop\MobileNetV2\GC10-DET_PREPARED\IMAGES\punching_hole\punching_hole__img_06_3403405900_00856.jpg,1
punching_hole__img_06_424798500_01234,punching_hole,train,C:\Users\anmol\OneDrive\Desktop\MobileNetV2\GC10-DET_PREPARED\IMAGES\punching_hole\punching_hole__img_06_424798500_01234.jpg,2
punching_hole__img_06_424799300_01133,punching_hole,train,C:\Users\anmol\OneDrive\Desktop\MobileNetV2\GC10-DET_PREPARED\IMAGES\punching_hole\punching_hole__img_06_424799300_01133.jpg,2
punching_hole__img_06_424799500_00921,punching_hole,train,C:\Users\anmol\OneDrive\Desktop\MobileNetV2\GC10-DET_PREPARED\IMAGES\punching_hole\punching_hole__img_06_424799500_00921.jpg,1
punching_hole__img_06_425003700_00968,punching_hole,train,C:\Users\anmol\OneDrive\Desktop\MobileNetV2\GC10-DET_PREPARED\IMAGES\punching_hole\punching_hole__img_06_425003700_00968.jpg,3
punching_hole__img_06_425501100_00051,punching_hole,train,C:\Users\anmol\OneDrive\Desktop\MobileNetV2\GC10-DET_PREPARED\IMAGES\punching_hole\punching_hole__img_06_425501100_00051.jpg,3
punching_hole__img_06_425501700_00053,punching_hole,train,C:\Users\anmol\OneDrive\Desktop\MobileNetV2\GC10-DET_PREPARED\IMAGES\punching_hole\punching_hole__img_06_425501700_00053.jpg,2
punching_hole__img_06_425501900_00054,punching_hole,train,C:\Users\anmol\OneDrive\Desktop\MobileNetV2\GC10-DET_PREPARED\IMAGES\punching_hole\punching_hole__img_06_425501900_00054.jpg,2
punching_hole__img_06_425502100_00053,punching_hole,train,C:\Users\anmol\OneDrive\Desktop\MobileNetV2\GC10-DET_PREPARED\IMAGES\punching_hole\punching_hole__img_06_425502100_00053.jpg,2
punching_hole__img_06_425502600_00052,punching_hole,train,C:\Users\anmol\OneDrive\Desktop\MobileNetV2\GC10-DET_PREPARED\IMAGES\punching_hole\punching_hole__img_06_425502600_00052.jpg,1
punching_hole__img_06_425502700_00052,punching_hole,train,C:\Users\anmol\OneDrive\Desktop\MobileNetV2\GC10-DET_PREPARED\IMAGES\punching_hole\punching_hole__img_06_425502700_00052.jpg,2
punching_hole__img_06_425502900_00052,punching_hole,train,C:\Users\anmol\OneDrive\Desktop\MobileNetV2\GC10-DET_PREPARED\IMAGES\punching_hole\punching_hole__img_06_425502900_00052.jpg,2
punching_hole__img_06_425503300_00053,punching_hole,train,C:\Users\anmol\OneDrive\Desktop\MobileNetV2\GC10-DET_PREPARED\IMAGES\punching_hole\punching_hole__img_06_425503300_00053.jpg,2
punching_hole__img_06_425503400_00052,punching_hole,train,C:\Users\anmol\OneDrive\Desktop\MobileNetV2\GC10-DET_PREPARED\IMAGES\punching_hole\punching_hole__img_06_425503400_00052.jpg,1
punching_hole__img_06_425503500_00053,punching_hole,train,C:\Users\anmol\OneDrive\Desktop\MobileNetV2\GC10-DET_PREPARED\IMAGES\punching_hole\punching_hole__img_06_425503500_00053.jpg,1
punching_hole__img_06_425503800_00052,punching_hole,train,C:\Users\anmol\OneDrive\Desktop\MobileNetV2\GC10-DET_PREPARED\IMAGES\punching_hole\punching_hole__img_06_425503800_00052.jpg,1
punching_hole__img_06_425504800_00053,punching_hole,train,C:\Users\anmol\OneDrive\Desktop\MobileNetV2\GC10-DET_PREPARED\IMAGES\punching_hole\punching_hole__img_06_425504800_00053.jpg,2
punching_hole__img_06_425504900_00051,punching_hole,train,C:\Users\anmol\OneDrive\Desktop\MobileNetV2\GC10-DET_PREPARED\IMAGES\punching_hole\punching_hole__img_06_425504900_00051.jpg,2
punching_hole__img_06_425505000_00050,punching_hole,train,C:\Users\anmol\OneDrive\Desktop\MobileNetV2\GC10-DET_PREPARED\IMAGES\punching_hole\punching_hole__img_06_425505000_00050.jpg,2
punching_hole__img_06_425505500_00051,punching_hole,train,C:\Users\anmol\OneDrive\Desktop\MobileNetV2\GC10-DET_PREPARED\IMAGES\punching_hole\punching_hole__img_06_425505500_00051.jpg,1
punching_hole__img_06_425505700_00053,punching_hole,train,C:\Users\anmol\OneDrive\Desktop\MobileNetV2\GC10-DET_PREPARED\IMAGES\punching_hole\punching_hole__img_06_425505700_00053.jpg,2
punching_hole__img_06_425505900_00054,punching_hole,train,C:\Users\anmol\OneDrive\Desktop\MobileNetV2\GC10-DET_PREPARED\IMAGES\punching_hole\punching_hole__img_06_425505900_00054.jpg,2
punching_hole__img_06_425506400_00054,punching_hole,train,C:\Users\anmol\OneDrive\Desktop\MobileNetV2\GC10-DET_PREPARED\IMAGES\punching_hole\punching_hole__img_06_425506400_00054.jpg,2
punching_hole__img_06_425506600_00054,punching_hole,train,C:\Users\anmol\OneDrive\Desktop\MobileNetV2\GC10-DET_PREPARED\IMAGES\punching_hole\punching_hole__img_06_425506600_00054.jpg,2
punching_hole__img_06_425506800_00054,punching_hole,train,C:\Users\anmol\OneDrive\Desktop\MobileNetV2\GC10-DET_PREPARED\IMAGES\punching_hole\punching_hole__img_06_425506800_00054.jpg,2
punching_hole__img_06_425507400_00053,punching_hole,train,C:\Users\anmol\OneDrive\Desktop\MobileNetV2\GC10-DET_PREPARED\IMAGES\punching_hole\punching_hole__img_06_425507400_00053.jpg,2
punching_hole__img_06_425508100_00054,punching_hole,train,C:\Users\anmol\OneDrive\Desktop\MobileNetV2\GC10-DET_PREPARED\IMAGES\punching_hole\punching_hole__img_06_425508100_00054.jpg,2
punching_hole__img_06_425508200_00053,punching_hole,train,C:\Users\anmol\OneDrive\Desktop\MobileNetV2\GC10-DET_PREPARED\IMAGES\punching_hole\punching_hole__img_06_425508200_00053.jpg,1
punching_hole__img_06_425508300_00054,punching_hole,train,C:\Users\anmol\OneDrive\Desktop\MobileNetV2\GC10-DET_PREPARED\IMAGES\punching_hole\punching_hole__img_06_425508300_00054.jpg,2
punching_hole__img_06_425508700_00053,punching_hole,train,C:\Users\anmol\OneDrive\Desktop\MobileNetV2\GC10-DET_PREPARED\IMAGES\punching_hole\punching_hole__img_06_425508700_00053.jpg,2
punching_hole__img_06_425608200_00814,punching_hole,train,C:\Users\anmol\OneDrive\Desktop\MobileNetV2\GC10-DET_PREPARED\IMAGES\punching_hole\punching_hole__img_06_425608200_00814.jpg,3
punching_hole__img_06_425613600_00581,punching_hole,train,C:\Users\anmol\OneDrive\Desktop\MobileNetV2\GC10-DET_PREPARED\IMAGES\punching_hole\punching_hole__img_06_425613600_00581.jpg,6
punching_hole__img_06_425614700_00694,punching_hole,train,C:\Users\anmol\OneDrive\Desktop\MobileNetV2\GC10-DET_PREPARED\IMAGES\punching_hole\punching_hole__img_06_425614700_00694.jpg,1
punching_hole__img_06_425615200_00639,punching_hole,train,C:\Users\anmol\OneDrive\Desktop\MobileNetV2\GC10-DET_PREPARED\IMAGES\punching_hole\punching_hole__img_06_425615200_00639.jpg,2
punching_hole__img_06_425637800_00890,punching_hole,train,C:\Users\anmol\OneDrive\Desktop\MobileNetV2\GC10-DET_PREPARED\IMAGES\punching_hole\punching_hole__img_06_425637800_00890.jpg,3
punching_hole__img_06_425637900_00899,punching_hole,train,C:\Users\anmol\OneDrive\Desktop\MobileNetV2\GC10-DET_PREPARED\IMAGES\punching_hole\punching_hole__img_06_425637900_00899.jpg,3
punching_hole__img_06_425639800_00873,punching_hole,train,C:\Users\anmol\OneDrive\Desktop\MobileNetV2\GC10-DET_PREPARED\IMAGES\punching_hole\punching_hole__img_06_425639800_00873.jpg,2
punching_hole__img_06_425639900_00614,punching_hole,train,C:\Users\anmol\OneDrive\Desktop\MobileNetV2\GC10-DET_PREPARED\IMAGES\punching_hole\punching_hole__img_06_425639900_00614.jpg,1
punching_hole__img_06_425640100_00874,punching_hole,train,C:\Users\anmol\OneDrive\Desktop\MobileNetV2\GC10-DET_PREPARED\IMAGES\punching_hole\punching_hole__img_06_425640100_00874.jpg,3
punching_hole__img_06_425644200_00680,punching_hole,train,C:\Users\anmol\OneDrive\Desktop\MobileNetV2\GC10-DET_PREPARED\IMAGES\punching_hole\punching_hole__img_06_425644200_00680.jpg,1
punching_hole__img_06_425644300_00598,punching_hole,train,C:\Users\anmol\OneDrive\Desktop\MobileNetV2\GC10-DET_PREPARED\IMAGES\punching_hole\punching_hole__img_06_425644300_00598.jpg,2
punching_hole__img_06_4406424300_00002,punching_hole,train,C:\Users\anmol\OneDrive\Desktop\MobileNetV2\GC10-DET_PREPARED\IMAGES\punching_hole\punching_hole__img_06_4406424300_00002.jpg,2
punching_hole__img_06_4406424500_00002,punching_hole,train,C:\Users\anmol\OneDrive\Desktop\MobileNetV2\GC10-DET_PREPARED\IMAGES\punching_hole\punching_hole__img_06_4406424500_00002.jpg,3
punching_hole__img_07_425391800_00054,punching_hole,train,C:\Users\anmol\OneDrive\Desktop\MobileNetV2\GC10-DET_PREPARED\IMAGES\punching_hole\punching_hole__img_07_425391800_00054.jpg,2
punching_hole__img_07_425502900_00052,punching_hole,train,C:\Users\anmol\OneDrive\Desktop\MobileNetV2\GC10-DET_PREPARED\IMAGES\punching_hole\punching_hole__img_07_425502900_00052.jpg,2
rolled_pit__img_02_3436787300_00007,rolled_pit,train,C:\Users\anmol\OneDrive\Desktop\MobileNetV2\GC10-DET_PREPARED\IMAGES\rolled_pit\rolled_pit__img_02_3436787300_00007.jpg,4
rolled_pit__img_02_425392000_00984,rolled_pit,train,C:\Users\anmol\OneDrive\Desktop\MobileNetV2\GC10-DET_PREPARED\IMAGES\rolled_pit\rolled_pit__img_02_425392000_00984.jpg,2
rolled_pit__img_02_427146700_00002,rolled_pit,train,C:\Users\anmol\OneDrive\Desktop\MobileNetV2\GC10-DET_PREPARED\IMAGES\rolled_pit\rolled_pit__img_02_427146700_00002.jpg,3
rolled_pit__img_02_4402116500_00005,rolled_pit,train,C:\Users\anmol\OneDrive\Desktop\MobileNetV2\GC10-DET_PREPARED\IMAGES\rolled_pit\rolled_pit__img_02_4402116500_00005.jpg,1
rolled_pit__img_02_4402117200_00004,rolled_pit,train,C:\Users\anmol\OneDrive\Desktop\MobileNetV2\GC10-DET_PREPARED\IMAGES\rolled_pit\rolled_pit__img_02_4402117200_00004.jpg,3
rolled_pit__img_02_4402329000_00001,rolled_pit,train,C:\Users\anmol\OneDrive\Desktop\MobileNetV2\GC10-DET_PREPARED\IMAGES\rolled_pit\rolled_pit__img_02_4402329000_00001.jpg,3
rolled_pit__img_02_4402329100_00006,rolled_pit,train,C:\Users\anmol\OneDrive\Desktop\MobileNetV2\GC10-DET_PREPARED\IMAGES\rolled_pit\rolled_pit__img_02_4402329100_00006.jpg,1
rolled_pit__img_02_4402785600_00004,rolled_pit,train,C:\Users\anmol\OneDrive\Desktop\MobileNetV2\GC10-DET_PREPARED\IMAGES\rolled_pit\rolled_pit__img_02_4402785600_00004.jpg,2
rolled_pit__img_03_3437006900_00002,rolled_pit,train,C:\Users\anmol\OneDrive\Desktop\MobileNetV2\GC10-DET_PREPARED\IMAGES\rolled_pit\rolled_pit__img_03_3437006900_00002.jpg,1
rolled_pit__img_03_425622700_00002,rolled_pit,train,C:\Users\anmol\OneDrive\Desktop\MobileNetV2\GC10-DET_PREPARED\IMAGES\rolled_pit\rolled_pit__img_03_425622700_00002.jpg,1
rolled_pit__img_03_425644600_00003,rolled_pit,train,C:\Users\anmol\OneDrive\Desktop\MobileNetV2\GC10-DET_PREPARED\IMAGES\rolled_pit\rolled_pit__img_03_425644600_00003.jpg,1
rolled_pit__img_03_4402117000_00003,rolled_pit,train,C:\Users\anmol\OneDrive\Desktop\MobileNetV2\GC10-DET_PREPARED\IMAGES\rolled_pit\rolled_pit__img_03_4402117000_00003.jpg,4
rolled_pit__img_03_4402117400_00003,rolled_pit,train,C:\Users\anmol\OneDrive\Desktop\MobileNetV2\GC10-DET_PREPARED\IMAGES\rolled_pit\rolled_pit__img_03_4402117400_00003.jpg,1
rolled_pit__img_03_4402329000_00001,rolled_pit,train,C:\Users\anmol\OneDrive\Desktop\MobileNetV2\GC10-DET_PREPARED\IMAGES\rolled_pit\rolled_pit__img_03_4402329000_00001.jpg,1
rolled_pit__img_03_4402724500_01242,rolled_pit,train,C:\Users\anmol\OneDrive\Desktop\MobileNetV2\GC10-DET_PREPARED\IMAGES\rolled_pit\rolled_pit__img_03_4402724500_01242.jpg,6
rolled_pit__img_03_4402724500_01245,rolled_pit,train,C:\Users\anmol\OneDrive\Desktop\MobileNetV2\GC10-DET_PREPARED\IMAGES\rolled_pit\rolled_pit__img_03_4402724500_01245.jpg,3
rolled_pit__img_03_4402766900_00001,rolled_pit,train,C:\Users\anmol\OneDrive\Desktop\MobileNetV2\GC10-DET_PREPARED\IMAGES\rolled_pit\rolled_pit__img_03_4402766900_00001.jpg,1
rolled_pit__img_03_4403715000_00003,rolled_pit,train,C:\Users\anmol\OneDrive\Desktop\MobileNetV2\GC10-DET_PREPARED\IMAGES\rolled_pit\rolled_pit__img_03_4403715000_00003.jpg,1
rolled_pit__img_03_4403956700_00007,rolled_pit,train,C:\Users\anmol\OneDrive\Desktop\MobileNetV2\GC10-DET_PREPARED\IMAGES\rolled_pit\rolled_pit__img_03_4403956700_00007.jpg,2
rolled_pit__img_06_427199900_00007,rolled_pit,train,C:\Users\anmol\OneDrive\Desktop\MobileNetV2\GC10-DET_PREPARED\IMAGES\rolled_pit\rolled_pit__img_06_427199900_00007.jpg,1
rolled_pit__img_06_4404580000_00741,rolled_pit,train,C:\Users\anmol\OneDrive\Desktop\MobileNetV2\GC10-DET_PREPARED\IMAGES\rolled_pit\rolled_pit__img_06_4404580000_00741.jpg,1
rolled_pit__img_07_427199900_00007,rolled_pit,train,C:\Users\anmol\OneDrive\Desktop\MobileNetV2\GC10-DET_PREPARED\IMAGES\rolled_pit\rolled_pit__img_07_427199900_00007.jpg,1
silk_spot__img_01_3436814600_00259,silk_spot,train,C:\Users\anmol\OneDrive\Desktop\MobileNetV2\GC10-DET_PREPARED\IMAGES\silk_spot\silk_spot__img_01_3436814600_00259.jpg,1
silk_spot__img_01_3436815300_00477,silk_spot,train,C:\Users\anmol\OneDrive\Desktop\MobileNetV2\GC10-DET_PREPARED\IMAGES\silk_spot\silk_spot__img_01_3436815300_00477.jpg,1
silk_spot__img_01_3436815300_00478,silk_spot,train,C:\Users\anmol\OneDrive\Desktop\MobileNetV2\GC10-DET_PREPARED\IMAGES\silk_spot\silk_spot__img_01_3436815300_00478.jpg,1
silk_spot__img_01_3437011300_00918,silk_spot,train,C:\Users\anmol\OneDrive\Desktop\MobileNetV2\GC10-DET_PREPARED\IMAGES\silk_spot\silk_spot__img_01_3437011300_00918.jpg,1
silk_spot__img_01_425005700_00154,silk_spot,train,C:\Users\anmol\OneDrive\Desktop\MobileNetV2\GC10-DET_PREPARED\IMAGES\silk_spot\silk_spot__img_01_425005700_00154.jpg,1
silk_spot__img_01_425005700_00156,silk_spot,train,C:\Users\anmol\OneDrive\Desktop\MobileNetV2\GC10-DET_PREPARED\IMAGES\silk_spot\silk_spot__img_01_425005700_00156.jpg,1
silk_spot__img_01_425005700_00164,silk_spot,train,C:\Users\anmol\OneDrive\Desktop\MobileNetV2\GC10-DET_PREPARED\IMAGES\silk_spot\silk_spot__img_01_425005700_00164.jpg,1
silk_spot__img_01_425005700_00168,silk_spot,train,C:\Users\anmol\OneDrive\Desktop\MobileNetV2\GC10-DET_PREPARED\IMAGES\silk_spot\silk_spot__img_01_425005700_00168.jpg,1
silk_spot__img_01_425005700_00176,silk_spot,train,C:\Users\anmol\OneDrive\Desktop\MobileNetV2\GC10-DET_PREPARED\IMAGES\silk_spot\silk_spot__img_01_425005700_00176.jpg,1
silk_spot__img_01_425005700_00181,silk_spot,train,C:\Users\anmol\OneDrive\Desktop\MobileNetV2\GC10-DET_PREPARED\IMAGES\silk_spot\silk_spot__img_01_425005700_00181.jpg,1
silk_spot__img_01_425005700_00183,silk_spot,train,C:\Users\anmol\OneDrive\Desktop\MobileNetV2\GC10-DET_PREPARED\IMAGES\silk_spot\silk_spot__img_01_425005700_00183.jpg,1
silk_spot__img_01_425005700_00189,silk_spot,train,C:\Users\anmol\OneDrive\Desktop\MobileNetV2\GC10-DET_PREPARED\IMAGES\silk_spot\silk_spot__img_01_425005700_00189.jpg,1
silk_spot__img_01_425005700_00191,silk_spot,train,C:\Users\anmol\OneDrive\Desktop\MobileNetV2\GC10-DET_PREPARED\IMAGES\silk_spot\silk_spot__img_01_425005700_00191.jpg,1
silk_spot__img_01_425005700_00192,silk_spot,train,C:\Users\anmol\OneDrive\Desktop\MobileNetV2\GC10-DET_PREPARED\IMAGES\silk_spot\silk_spot__img_01_425005700_00192.jpg,1
silk_spot__img_01_425005700_00194,silk_spot,train,C:\Users\anmol\OneDrive\Desktop\MobileNetV2\GC10-DET_PREPARED\IMAGES\silk_spot\silk_spot__img_01_425005700_00194.jpg,1
silk_spot__img_01_425005700_00196,silk_spot,train,C:\Users\anmol\OneDrive\Desktop\MobileNetV2\GC10-DET_PREPARED\IMAGES\silk_spot\silk_spot__img_01_425005700_00196.jpg,1
silk_spot__img_01_425005700_00197,silk_spot,train,C:\Users\anmol\OneDrive\Desktop\MobileNetV2\GC10-DET_PREPARED\IMAGES\silk_spot\silk_spot__img_01_425005700_00197.jpg,1
silk_spot__img_01_425005700_00200,silk_spot,train,C:\Users\anmol\OneDrive\Desktop\MobileNetV2\GC10-DET_PREPARED\IMAGES\silk_spot\silk_spot__img_01_425005700_00200.jpg,1
silk_spot__img_01_425005700_00201,silk_spot,train,C:\Users\anmol\OneDrive\Desktop\MobileNetV2\GC10-DET_PREPARED\IMAGES\silk_spot\silk_spot__img_01_425005700_00201.jpg,1
silk_spot__img_01_425005700_00202,silk_spot,train,C:\Users\anmol\OneDrive\Desktop\MobileNetV2\GC10-DET_PREPARED\IMAGES\silk_spot\silk_spot__img_01_425005700_00202.jpg,1
silk_spot__img_01_425005700_00203,silk_spot,train,C:\Users\anmol\OneDrive\Desktop\MobileNetV2\GC10-DET_PREPARED\IMAGES\silk_spot\silk_spot__img_01_425005700_00203.jpg,1
silk_spot__img_01_425005700_00205,silk_spot,train,C:\Users\anmol\OneDrive\Desktop\MobileNetV2\GC10-DET_PREPARED\IMAGES\silk_spot\silk_spot__img_01_425005700_00205.jpg,1
silk_spot__img_01_425005700_00207,silk_spot,train,C:\Users\anmol\OneDrive\Desktop\MobileNetV2\GC10-DET_PREPARED\IMAGES\silk_spot\silk_spot__img_01_425005700_00207.jpg,1
silk_spot__img_01_425005700_00213,silk_spot,train,C:\Users\anmol\OneDrive\Desktop\MobileNetV2\GC10-DET_PREPARED\IMAGES\silk_spot\silk_spot__img_01_425005700_00213.jpg,1
silk_spot__img_01_425005700_00221,silk_spot,train,C:\Users\anmol\OneDrive\Desktop\MobileNetV2\GC10-DET_PREPARED\IMAGES\silk_spot\silk_spot__img_01_425005700_00221.jpg,1
silk_spot__img_01_425005700_00233,silk_spot,train,C:\Users\anmol\OneDrive\Desktop\MobileNetV2\GC10-DET_PREPARED\IMAGES\silk_spot\silk_spot__img_01_425005700_00233.jpg,1
silk_spot__img_01_425005700_00240,silk_spot,train,C:\Users\anmol\OneDrive\Desktop\MobileNetV2\GC10-DET_PREPARED\IMAGES\silk_spot\silk_spot__img_01_425005700_00240.jpg,1
silk_spot__img_01_425005700_00241,silk_spot,train,C:\Users\anmol\OneDrive\Desktop\MobileNetV2\GC10-DET_PREPARED\IMAGES\silk_spot\silk_spot__img_01_425005700_00241.jpg,1
silk_spot__img_01_425005700_00246,silk_spot,train,C:\Users\anmol\OneDrive\Desktop\MobileNetV2\GC10-DET_PREPARED\IMAGES\silk_spot\silk_spot__img_01_425005700_00246.jpg,1
silk_spot__img_01_425005700_00253,silk_spot,train,C:\Users\anmol\OneDrive\Desktop\MobileNetV2\GC10-DET_PREPARED\IMAGES\silk_spot\silk_spot__img_01_425005700_00253.jpg,1
silk_spot__img_01_425005700_00254,silk_spot,train,C:\Users\anmol\OneDrive\Desktop\MobileNetV2\GC10-DET_PREPARED\IMAGES\silk_spot\silk_spot__img_01_425005700_00254.jpg,1
silk_spot__img_01_425005700_00256,silk_spot,train,C:\Users\anmol\OneDrive\Desktop\MobileNetV2\GC10-DET_PREPARED\IMAGES\silk_spot\silk_spot__img_01_425005700_00256.jpg,1
silk_spot__img_01_425005700_00258,silk_spot,train,C:\Users\anmol\OneDrive\Desktop\MobileNetV2\GC10-DET_PREPARED\IMAGES\silk_spot\silk_spot__img_01_425005700_00258.jpg,1
silk_spot__img_01_425005700_00266,silk_spot,train,C:\Users\anmol\OneDrive\Desktop\MobileNetV2\GC10-DET_PREPARED\IMAGES\silk_spot\silk_spot__img_01_425005700_00266.jpg,1
silk_spot__img_01_425005700_00270,silk_spot,train,C:\Users\anmol\OneDrive\Desktop\MobileNetV2\GC10-DET_PREPARED\IMAGES\silk_spot\silk_spot__img_01_425005700_00270.jpg,1
silk_spot__img_01_425005700_00273,silk_spot,train,C:\Users\anmol\OneDrive\Desktop\MobileNetV2\GC10-DET_PREPARED\IMAGES\silk_spot\silk_spot__img_01_425005700_00273.jpg,1
silk_spot__img_01_425005700_00277,silk_spot,train,C:\Users\anmol\OneDrive\Desktop\MobileNetV2\GC10-DET_PREPARED\IMAGES\silk_spot\silk_spot__img_01_425005700_00277.jpg,1
silk_spot__img_01_425005700_00279,silk_spot,train,C:\Users\anmol\OneDrive\Desktop\MobileNetV2\GC10-DET_PREPARED\IMAGES\silk_spot\silk_spot__img_01_425005700_00279.jpg,1
silk_spot__img_01_425005700_00283,silk_spot,train,C:\Users\anmol\OneDrive\Desktop\MobileNetV2\GC10-DET_PREPARED\IMAGES\silk_spot\silk_spot__img_01_425005700_00283.jpg,1
silk_spot__img_01_425005700_00286,silk_spot,train,C:\Users\anmol\OneDrive\Desktop\MobileNetV2\GC10-DET_PREPARED\IMAGES\silk_spot\silk_spot__img_01_425005700_00286.jpg,1
silk_spot__img_01_425005700_00287,silk_spot,train,C:\Users\anmol\OneDrive\Desktop\MobileNetV2\GC10-DET_PREPARED\IMAGES\silk_spot\silk_spot__img_01_425005700_00287.jpg,1
silk_spot__img_01_425005700_00288,silk_spot,train,C:\Users\anmol\OneDrive\Desktop\MobileNetV2\GC10-DET_PREPARED\IMAGES\silk_spot\silk_spot__img_01_425005700_00288.jpg,1
silk_spot__img_01_425005700_00289,silk_spot,train,C:\Users\anmol\OneDrive\Desktop\MobileNetV2\GC10-DET_PREPARED\IMAGES\silk_spot\silk_spot__img_01_425005700_00289.jpg,1
silk_spot__img_01_425005700_00290,silk_spot,train,C:\Users\anmol\OneDrive\Desktop\MobileNetV2\GC10-DET_PREPARED\IMAGES\silk_spot\silk_spot__img_01_425005700_00290.jpg,1
silk_spot__img_01_425005700_00292,silk_spot,train,C:\Users\anmol\OneDrive\Desktop\MobileNetV2\GC10-DET_PREPARED\IMAGES\silk_spot\silk_spot__img_01_425005700_00292.jpg,1
silk_spot__img_01_425005700_00298,silk_spot,train,C:\Users\anmol\OneDrive\Desktop\MobileNetV2\GC10-DET_PREPARED\IMAGES\silk_spot\silk_spot__img_01_425005700_00298.jpg,1
silk_spot__img_01_425005700_00302,silk_spot,train,C:\Users\anmol\OneDrive\Desktop\MobileNetV2\GC10-DET_PREPARED\IMAGES\silk_spot\silk_spot__img_01_425005700_00302.jpg,1
silk_spot__img_01_425005700_00304,silk_spot,train,C:\Users\anmol\OneDrive\Desktop\MobileNetV2\GC10-DET_PREPARED\IMAGES\silk_spot\silk_spot__img_01_425005700_00304.jpg,1
silk_spot__img_01_425005700_00307,silk_spot,train,C:\Users\anmol\OneDrive\Desktop\MobileNetV2\GC10-DET_PREPARED\IMAGES\silk_spot\silk_spot__img_01_425005700_00307.jpg,1
silk_spot__img_01_425005700_00309,silk_spot,train,C:\Users\anmol\OneDrive\Desktop\MobileNetV2\GC10-DET_PREPARED\IMAGES\silk_spot\silk_spot__img_01_425005700_00309.jpg,1
silk_spot__img_01_425005700_00310,silk_spot,train,C:\Users\anmol\OneDrive\Desktop\MobileNetV2\GC10-DET_PREPARED\IMAGES\silk_spot\silk_spot__img_01_425005700_00310.jpg,1
silk_spot__img_01_425005700_00312,silk_spot,train,C:\Users\anmol\OneDrive\Desktop\MobileNetV2\GC10-DET_PREPARED\IMAGES\silk_spot\silk_spot__img_01_425005700_00312.jpg,1
silk_spot__img_01_425005700_00317,silk_spot,train,C:\Users\anmol\OneDrive\Desktop\MobileNetV2\GC10-DET_PREPARED\IMAGES\silk_spot\silk_spot__img_01_425005700_00317.jpg,1
silk_spot__img_01_425005700_00321,silk_spot,train,C:\Users\anmol\OneDrive\Desktop\MobileNetV2\GC10-DET_PREPARED\IMAGES\silk_spot\silk_spot__img_01_425005700_00321.jpg,1
silk_spot__img_01_425005700_00322,silk_spot,train,C:\Users\anmol\OneDrive\Desktop\MobileNetV2\GC10-DET_PREPARED\IMAGES\silk_spot\silk_spot__img_01_425005700_00322.jpg,1
silk_spot__img_01_425005700_00325,silk_spot,train,C:\Users\anmol\OneDrive\Desktop\MobileNetV2\GC10-DET_PREPARED\IMAGES\silk_spot\silk_spot__img_01_425005700_00325.jpg,1
silk_spot__img_01_425005700_00326,silk_spot,train,C:\Users\anmol\OneDrive\Desktop\MobileNetV2\GC10-DET_PREPARED\IMAGES\silk_spot\silk_spot__img_01_425005700_00326.jpg,1
silk_spot__img_01_425005700_00327,silk_spot,train,C:\Users\anmol\OneDrive\Desktop\MobileNetV2\GC10-DET_PREPARED\IMAGES\silk_spot\silk_spot__img_01_425005700_00327.jpg,1
silk_spot__img_01_425005700_00328,silk_spot,train,C:\Users\anmol\OneDrive\Desktop\MobileNetV2\GC10-DET_PREPARED\IMAGES\silk_spot\silk_spot__img_01_425005700_00328.jpg,1
silk_spot__img_01_425005700_00333,silk_spot,train,C:\Users\anmol\OneDrive\Desktop\MobileNetV2\GC10-DET_PREPARED\IMAGES\silk_spot\silk_spot__img_01_425005700_00333.jpg,1
silk_spot__img_01_425005700_00335,silk_spot,train,C:\Users\anmol\OneDrive\Desktop\MobileNetV2\GC10-DET_PREPARED\IMAGES\silk_spot\silk_spot__img_01_425005700_00335.jpg,1
silk_spot__img_01_425005700_00336,silk_spot,train,C:\Users\anmol\OneDrive\Desktop\MobileNetV2\GC10-DET_PREPARED\IMAGES\silk_spot\silk_spot__img_01_425005700_00336.jpg,1
silk_spot__img_01_425005700_00337,silk_spot,train,C:\Users\anmol\OneDrive\Desktop\MobileNetV2\GC10-DET_PREPARED\IMAGES\silk_spot\silk_spot__img_01_425005700_00337.jpg,1
silk_spot__img_01_425005700_00342,silk_spot,train,C:\Users\anmol\OneDrive\Desktop\MobileNetV2\GC10-DET_PREPARED\IMAGES\silk_spot\silk_spot__img_01_425005700_00342.jpg,1
silk_spot__img_01_425005700_00354,silk_spot,train,C:\Users\anmol\OneDrive\Desktop\MobileNetV2\GC10-DET_PREPARED\IMAGES\silk_spot\silk_spot__img_01_425005700_00354.jpg,1
silk_spot__img_01_425005700_00362,silk_spot,train,C:\Users\anmol\OneDrive\Desktop\MobileNetV2\GC10-DET_PREPARED\IMAGES\silk_spot\silk_spot__img_01_425005700_00362.jpg,1
silk_spot__img_01_425005700_00377,silk_spot,train,C:\Users\anmol\OneDrive\Desktop\MobileNetV2\GC10-DET_PREPARED\IMAGES\silk_spot\silk_spot__img_01_425005700_00377.jpg,1
silk_spot__img_01_425005700_00378,silk_spot,train,C:\Users\anmol\OneDrive\Desktop\MobileNetV2\GC10-DET_PREPARED\IMAGES\silk_spot\silk_spot__img_01_425005700_00378.jpg,1
silk_spot__img_01_425005700_00379,silk_spot,train,C:\Users\anmol\OneDrive\Desktop\MobileNetV2\GC10-DET_PREPARED\IMAGES\silk_spot\silk_spot__img_01_425005700_00379.jpg,1
silk_spot__img_01_425005700_00381,silk_spot,train,C:\Users\anmol\OneDrive\Desktop\MobileNetV2\GC10-DET_PREPARED\IMAGES\silk_spot\silk_spot__img_01_425005700_00381.jpg,1
silk_spot__img_01_425005700_00384,silk_spot,train,C:\Users\anmol\OneDrive\Desktop\MobileNetV2\GC10-DET_PREPARED\IMAGES\silk_spot\silk_spot__img_01_425005700_00384.jpg,1
silk_spot__img_01_425005700_00396,silk_spot,train,C:\Users\anmol\OneDrive\Desktop\MobileNetV2\GC10-DET_PREPARED\IMAGES\silk_spot\silk_spot__img_01_425005700_00396.jpg,1
silk_spot__img_01_425005700_00400,silk_spot,train,C:\Users\anmol\OneDrive\Desktop\MobileNetV2\GC10-DET_PREPARED\IMAGES\silk_spot\silk_spot__img_01_425005700_00400.jpg,1
silk_spot__img_01_425005700_00403,silk_spot,train,C:\Users\anmol\OneDrive\Desktop\MobileNetV2\GC10-DET_PREPARED\IMAGES\silk_spot\silk_spot__img_01_425005700_00403.jpg,1
silk_spot__img_01_425005700_00404,silk_spot,train,C:\Users\anmol\OneDrive\Desktop\MobileNetV2\GC10-DET_PREPARED\IMAGES\silk_spot\silk_spot__img_01_425005700_00404.jpg,1
silk_spot__img_01_425005700_00410,silk_spot,train,C:\Users\anmol\OneDrive\Desktop\MobileNetV2\GC10-DET_PREPARED\IMAGES\silk_spot\silk_spot__img_01_425005700_00410.jpg,1
silk_spot__img_01_425005700_00419,silk_spot,train,C:\Users\anmol\OneDrive\Desktop\MobileNetV2\GC10-DET_PREPARED\IMAGES\silk_spot\silk_spot__img_01_425005700_00419.jpg,1
silk_spot__img_01_425005700_00441,silk_spot,train,C:\Users\anmol\OneDrive\Desktop\MobileNetV2\GC10-DET_PREPARED\IMAGES\silk_spot\silk_spot__img_01_425005700_00441.jpg,1
silk_spot__img_01_425005700_00442,silk_spot,train,C:\Users\anmol\OneDrive\Desktop\MobileNetV2\GC10-DET_PREPARED\IMAGES\silk_spot\silk_spot__img_01_425005700_00442.jpg,1
silk_spot__img_01_425005700_00444,silk_spot,train,C:\Users\anmol\OneDrive\Desktop\MobileNetV2\GC10-DET_PREPARED\IMAGES\silk_spot\silk_spot__img_01_425005700_00444.jpg,1
silk_spot__img_01_425005700_00446,silk_spot,train,C:\Users\anmol\OneDrive\Desktop\MobileNetV2\GC10-DET_PREPARED\IMAGES\silk_spot\silk_spot__img_01_425005700_00446.jpg,1
silk_spot__img_01_425005700_00447,silk_spot,train,C:\Users\anmol\OneDrive\Desktop\MobileNetV2\GC10-DET_PREPARED\IMAGES\silk_spot\silk_spot__img_01_425005700_00447.jpg,1
silk_spot__img_01_425005700_00451,silk_spot,train,C:\Users\anmol\OneDrive\Desktop\MobileNetV2\GC10-DET_PREPARED\IMAGES\silk_spot\silk_spot__img_01_425005700_00451.jpg,1
silk_spot__img_01_425005700_00465,silk_spot,train,C:\Users\anmol\OneDrive\Desktop\MobileNetV2\GC10-DET_PREPARED\IMAGES\silk_spot\silk_spot__img_01_425005700_00465.jpg,1
silk_spot__img_01_425005700_00467,silk_spot,train,C:\Users\anmol\OneDrive\Desktop\MobileNetV2\GC10-DET_PREPARED\IMAGES\silk_spot\silk_spot__img_01_425005700_00467.jpg,1
silk_spot__img_01_425005700_00468,silk_spot,train,C:\Users\anmol\OneDrive\Desktop\MobileNetV2\GC10-DET_PREPARED\IMAGES\silk_spot\silk_spot__img_01_425005700_00468.jpg,1
silk_spot__img_01_425005700_00476,silk_spot,train,C:\Users\anmol\OneDrive\Desktop\MobileNetV2\GC10-DET_PREPARED\IMAGES\silk_spot\silk_spot__img_01_425005700_00476.jpg,1
silk_spot__img_01_425005700_00487,silk_spot,train,C:\Users\anmol\OneDrive\Desktop\MobileNetV2\GC10-DET_PREPARED\IMAGES\silk_spot\silk_spot__img_01_425005700_00487.jpg,1
silk_spot__img_01_425005700_00490,silk_spot,train,C:\Users\anmol\OneDrive\Desktop\MobileNetV2\GC10-DET_PREPARED\IMAGES\silk_spot\silk_spot__img_01_425005700_00490.jpg,1
silk_spot__img_01_425005700_00497,silk_spot,train,C:\Users\anmol\OneDrive\Desktop\MobileNetV2\GC10-DET_PREPARED\IMAGES\silk_spot\silk_spot__img_01_425005700_00497.jpg,1
silk_spot__img_01_425005700_00500,silk_spot,train,C:\Users\anmol\OneDrive\Desktop\MobileNetV2\GC10-DET_PREPARED\IMAGES\silk_spot\silk_spot__img_01_425005700_00500.jpg,1
silk_spot__img_01_425005700_00501,silk_spot,train,C:\Users\anmol\OneDrive\Desktop\MobileNetV2\GC10-DET_PREPARED\IMAGES\silk_spot\silk_spot__img_01_425005700_00501.jpg,1
silk_spot__img_01_425005700_00555,silk_spot,train,C:\Users\anmol\OneDrive\Desktop\MobileNetV2\GC10-DET_PREPARED\IMAGES\silk_spot\silk_spot__img_01_425005700_00555.jpg,1
silk_spot__img_01_425005700_00565,silk_spot,train,C:\Users\anmol\OneDrive\Desktop\MobileNetV2\GC10-DET_PREPARED\IMAGES\silk_spot\silk_spot__img_01_425005700_00565.jpg,1
silk_spot__img_01_425243300_00221,silk_spot,train,C:\Users\anmol\OneDrive\Desktop\MobileNetV2\GC10-DET_PREPARED\IMAGES\silk_spot\silk_spot__img_01_425243300_00221.jpg,1
silk_spot__img_01_425243300_00467,silk_spot,train,C:\Users\anmol\OneDrive\Desktop\MobileNetV2\GC10-DET_PREPARED\IMAGES\silk_spot\silk_spot__img_01_425243300_00467.jpg,1
silk_spot__img_01_4406743300_00019,silk_spot,train,C:\Users\anmol\OneDrive\Desktop\MobileNetV2\GC10-DET_PREPARED\IMAGES\silk_spot\silk_spot__img_01_4406743300_00019.jpg,1
silk_spot__img_01_4406743300_00021,silk_spot,train,C:\Users\anmol\OneDrive\Desktop\MobileNetV2\GC10-DET_PREPARED\IMAGES\silk_spot\silk_spot__img_01_4406743300_00021.jpg,1
silk_spot__img_01_4406743300_00152,silk_spot,train,C:\Users\anmol\OneDrive\Desktop\MobileNetV2\GC10-DET_PREPARED\IMAGES\silk_spot\silk_spot__img_01_4406743300_00152.jpg,1
silk_spot__img_01_4406743300_00159,silk_spot,train,C:\Users\anmol\OneDrive\Desktop\MobileNetV2\GC10-DET_PREPARED\IMAGES\silk_spot\silk_spot__img_01_4406743300_00159.jpg,1
silk_spot__img_01_4406743300_00160,silk_spot,train,C:\Users\anmol\OneDrive\Desktop\MobileNetV2\GC10-DET_PREPARED\IMAGES\silk_spot\silk_spot__img_01_4406743300_00160.jpg,1
silk_spot__img_01_4406743300_00166,silk_spot,train,C:\Users\anmol\OneDrive\Desktop\MobileNetV2\GC10-DET_PREPARED\IMAGES\silk_spot\silk_spot__img_01_4406743300_00166.jpg,1
silk_spot__img_01_4406743300_00186,silk_spot,train,C:\Users\anmol\OneDrive\Desktop\MobileNetV2\GC10-DET_PREPARED\IMAGES\silk_spot\silk_spot__img_01_4406743300_00186.jpg,1
silk_spot__img_01_4406743300_00192,silk_spot,train,C:\Users\anmol\OneDrive\Desktop\MobileNetV2\GC10-DET_PREPARED\IMAGES\silk_spot\silk_spot__img_01_4406743300_00192.jpg,1
silk_spot__img_01_4406743300_00195,silk_spot,train,C:\Users\anmol\OneDrive\Desktop\MobileNetV2\GC10-DET_PREPARED\IMAGES\silk_spot\silk_spot__img_01_4406743300_00195.jpg,1
silk_spot__img_01_4406743300_00197,silk_spot,train,C:\Users\anmol\OneDrive\Desktop\MobileNetV2\GC10-DET_PREPARED\IMAGES\silk_spot\silk_spot__img_01_4406743300_00197.jpg,1
silk_spot__img_01_4406743300_00215,silk_spot,train,C:\Users\anmol\OneDrive\Desktop\MobileNetV2\GC10-DET_PREPARED\IMAGES\silk_spot\silk_spot__img_01_4406743300_00215.jpg,1
silk_spot__img_01_4406743300_00216,silk_spot,train,C:\Users\anmol\OneDrive\Desktop\MobileNetV2\GC10-DET_PREPARED\IMAGES\silk_spot\silk_spot__img_01_4406743300_00216.jpg,1
silk_spot__img_01_4406743300_00225,silk_spot,train,C:\Users\anmol\OneDrive\Desktop\MobileNetV2\GC10-DET_PREPARED\IMAGES\silk_spot\silk_spot__img_01_4406743300_00225.jpg,1
silk_spot__img_01_4406743300_00307,silk_spot,train,C:\Users\anmol\OneDrive\Desktop\MobileNetV2\GC10-DET_PREPARED\IMAGES\silk_spot\silk_spot__img_01_4406743300_00307.jpg,1
silk_spot__img_01_4406743300_00461,silk_spot,train,C:\Users\anmol\OneDrive\Desktop\MobileNetV2\GC10-DET_PREPARED\IMAGES\silk_spot\silk_spot__img_01_4406743300_00461.jpg,1
silk_spot__img_01_4406743300_00475,silk_spot,train,C:\Users\anmol\OneDrive\Desktop\MobileNetV2\GC10-DET_PREPARED\IMAGES\silk_spot\silk_spot__img_01_4406743300_00475.jpg,1
silk_spot__img_01_4406743300_00637,silk_spot,train,C:\Users\anmol\OneDrive\Desktop\MobileNetV2\GC10-DET_PREPARED\IMAGES\silk_spot\silk_spot__img_01_4406743300_00637.jpg,1
silk_spot__img_01_4406743300_00650,silk_spot,train,C:\Users\anmol\OneDrive\Desktop\MobileNetV2\GC10-DET_PREPARED\IMAGES\silk_spot\silk_spot__img_01_4406743300_00650.jpg,1
silk_spot__img_01_4406743300_00797,silk_spot,train,C:\Users\anmol\OneDrive\Desktop\MobileNetV2\GC10-DET_PREPARED\IMAGES\silk_spot\silk_spot__img_01_4406743300_00797.jpg,1
silk_spot__img_01_4406743300_00804,silk_spot,train,C:\Users\anmol\OneDrive\Desktop\MobileNetV2\GC10-DET_PREPARED\IMAGES\silk_spot\silk_spot__img_01_4406743300_00804.jpg,1
silk_spot__img_01_4406743300_00836,silk_spot,train,C:\Users\anmol\OneDrive\Desktop\MobileNetV2\GC10-DET_PREPARED\IMAGES\silk_spot\silk_spot__img_01_4406743300_00836.jpg,1
silk_spot__img_01_4406743300_00837,silk_spot,train,C:\Users\anmol\OneDrive\Desktop\MobileNetV2\GC10-DET_PREPARED\IMAGES\silk_spot\silk_spot__img_01_4406743300_00837.jpg,1
silk_spot__img_01_4406743300_00881,silk_spot,train,C:\Users\anmol\OneDrive\Desktop\MobileNetV2\GC10-DET_PREPARED\IMAGES\silk_spot\silk_spot__img_01_4406743300_00881.jpg,1
silk_spot__img_01_SIS001522_00033,silk_spot,train,C:\Users\anmol\OneDrive\Desktop\MobileNetV2\GC10-DET_PREPARED\IMAGES\silk_spot\silk_spot__img_01_SIS001522_00033.jpg,1
silk_spot__img_01_SIS001522_00045,silk_spot,train,C:\Users\anmol\OneDrive\Desktop\MobileNetV2\GC10-DET_PREPARED\IMAGES\silk_spot\silk_spot__img_01_SIS001522_00045.jpg,1
silk_spot__img_01_SIS001577_00012,silk_spot,train,C:\Users\anmol\OneDrive\Desktop\MobileNetV2\GC10-DET_PREPARED\IMAGES\silk_spot\silk_spot__img_01_SIS001577_00012.jpg,1
silk_spot__img_01_SIS001577_00020,silk_spot,train,C:\Users\anmol\OneDrive\Desktop\MobileNetV2\GC10-DET_PREPARED\IMAGES\silk_spot\silk_spot__img_01_SIS001577_00020.jpg,1
silk_spot__img_01_SIS001577_00032,silk_spot,train,C:\Users\anmol\OneDrive\Desktop\MobileNetV2\GC10-DET_PREPARED\IMAGES\silk_spot\silk_spot__img_01_SIS001577_00032.jpg,1
silk_spot__img_01_SIS001577_00049,silk_spot,train,C:\Users\anmol\OneDrive\Desktop\MobileNetV2\GC10-DET_PREPARED\IMAGES\silk_spot\silk_spot__img_01_SIS001577_00049.jpg,1
silk_spot__img_02_3436786500_00071,silk_spot,train,C:\Users\anmol\OneDrive\Desktop\MobileNetV2\GC10-DET_PREPARED\IMAGES\silk_spot\silk_spot__img_02_3436786500_00071.jpg,1
silk_spot__img_02_3436786500_00072,silk_spot,train,C:\Users\anmol\OneDrive\Desktop\MobileNetV2\GC10-DET_PREPARED\IMAGES\silk_spot\silk_spot__img_02_3436786500_00072.jpg,1
silk_spot__img_02_3436786500_00138,silk_spot,train,C:\Users\anmol\OneDrive\Desktop\MobileNetV2\GC10-DET_PREPARED\IMAGES\silk_spot\silk_spot__img_02_3436786500_00138.jpg,1
silk_spot__img_02_3436786500_00140,silk_spot,train,C:\Users\anmol\OneDrive\Desktop\MobileNetV2\GC10-DET_PREPARED\IMAGES\silk_spot\silk_spot__img_02_3436786500_00140.jpg,1
silk_spot__img_02_3436786500_00141,silk_spot,train,C:\Users\anmol\OneDrive\Desktop\MobileNetV2\GC10-DET_PREPARED\IMAGES\silk_spot\silk_spot__img_02_3436786500_00141.jpg,1
silk_spot__img_02_3436786500_00142,silk_spot,train,C:\Users\anmol\OneDrive\Desktop\MobileNetV2\GC10-DET_PREPARED\IMAGES\silk_spot\silk_spot__img_02_3436786500_00142.jpg,1
silk_spot__img_02_3436786500_00143,silk_spot,train,C:\Users\anmol\OneDrive\Desktop\MobileNetV2\GC10-DET_PREPARED\IMAGES\silk_spot\silk_spot__img_02_3436786500_00143.jpg,1
silk_spot__img_02_3436786500_00152,silk_spot,train,C:\Users\anmol\OneDrive\Desktop\MobileNetV2\GC10-DET_PREPARED\IMAGES\silk_spot\silk_spot__img_02_3436786500_00152.jpg,1
silk_spot__img_02_3436789300_00908,silk_spot,train,C:\Users\anmol\OneDrive\Desktop\MobileNetV2\GC10-DET_PREPARED\IMAGES\silk_spot\silk_spot__img_02_3436789300_00908.jpg,1
silk_spot__img_02_425243200_00115,silk_spot,train,C:\Users\anmol\OneDrive\Desktop\MobileNetV2\GC10-DET_PREPARED\IMAGES\silk_spot\silk_spot__img_02_425243200_00115.jpg,1
silk_spot__img_02_425243200_00533,silk_spot,train,C:\Users\anmol\OneDrive\Desktop\MobileNetV2\GC10-DET_PREPARED\IMAGES\silk_spot\silk_spot__img_02_425243200_00533.jpg,1
silk_spot__img_02_425243200_00536,silk_spot,train,C:\Users\anmol\OneDrive\Desktop\MobileNetV2\GC10-DET_PREPARED\IMAGES\silk_spot\silk_spot__img_02_425243200_00536.jpg,1
silk_spot__img_02_425243200_00563,silk_spot,train,C:\Users\anmol\OneDrive\Desktop\MobileNetV2\GC10-DET_PREPARED\IMAGES\silk_spot\silk_spot__img_02_425243200_00563.jpg,1
silk_spot__img_02_425243400_00044,silk_spot,train,C:\Users\anmol\OneDrive\Desktop\MobileNetV2\GC10-DET_PREPARED\IMAGES\silk_spot\silk_spot__img_02_425243400_00044.jpg,1
silk_spot__img_02_425243400_00052,silk_spot,train,C:\Users\anmol\OneDrive\Desktop\MobileNetV2\GC10-DET_PREPARED\IMAGES\silk_spot\silk_spot__img_02_425243400_00052.jpg,1
silk_spot__img_02_425243400_00057,silk_spot,train,C:\Users\anmol\OneDrive\Desktop\MobileNetV2\GC10-DET_PREPARED\IMAGES\silk_spot\silk_spot__img_02_425243400_00057.jpg,1
silk_spot__img_02_425505400_01038,silk_spot,train,C:\Users\anmol\OneDrive\Desktop\MobileNetV2\GC10-DET_PREPARED\IMAGES\silk_spot\silk_spot__img_02_425505400_01038.jpg,1
silk_spot__img_02_425508400_00382,silk_spot,train,C:\Users\anmol\OneDrive\Desktop\MobileNetV2\GC10-DET_PREPARED\IMAGES\silk_spot\silk_spot__img_02_425508400_00382.jpg,1
silk_spot__img_02_425508700_01045,silk_spot,train,C:\Users\anmol\OneDrive\Desktop\MobileNetV2\GC10-DET_PREPARED\IMAGES\silk_spot\silk_spot__img_02_425508700_01045.jpg,1
silk_spot__img_02_436152900_00532,silk_spot,train,C:\Users\anmol\OneDrive\Desktop\MobileNetV2\GC10-DET_PREPARED\IMAGES\silk_spot\silk_spot__img_02_436152900_00532.jpg,1
silk_spot__img_02_436152900_00538,silk_spot,train,C:\Users\anmol\OneDrive\Desktop\MobileNetV2\GC10-DET_PREPARED\IMAGES\silk_spot\silk_spot__img_02_436152900_00538.jpg,1
silk_spot__img_02_436152900_00547,silk_spot,train,C:\Users\anmol\OneDrive\Desktop\MobileNetV2\GC10-DET_PREPARED\IMAGES\silk_spot\silk_spot__img_02_436152900_00547.jpg,1
silk_spot__img_02_436152900_00559,silk_spot,train,C:\Users\anmol\OneDrive\Desktop\MobileNetV2\GC10-DET_PREPARED\IMAGES\silk_spot\silk_spot__img_02_436152900_00559.jpg,1
silk_spot__img_02_436152900_00563,silk_spot,train,C:\Users\anmol\OneDrive\Desktop\MobileNetV2\GC10-DET_PREPARED\IMAGES\silk_spot\silk_spot__img_02_436152900_00563.jpg,1
silk_spot__img_02_436153600_00658,silk_spot,train,C:\Users\anmol\OneDrive\Desktop\MobileNetV2\GC10-DET_PREPARED\IMAGES\silk_spot\silk_spot__img_02_436153600_00658.jpg,1
silk_spot__img_02_436153600_00659,silk_spot,train,C:\Users\anmol\OneDrive\Desktop\MobileNetV2\GC10-DET_PREPARED\IMAGES\silk_spot\silk_spot__img_02_436153600_00659.jpg,1
silk_spot__img_02_436153600_00660,silk_spot,train,C:\Users\anmol\OneDrive\Desktop\MobileNetV2\GC10-DET_PREPARED\IMAGES\silk_spot\silk_spot__img_02_436153600_00660.jpg,1
silk_spot__img_02_436153600_00661,silk_spot,train,C:\Users\anmol\OneDrive\Desktop\MobileNetV2\GC10-DET_PREPARED\IMAGES\silk_spot\silk_spot__img_02_436153600_00661.jpg,1
silk_spot__img_02_436153600_00662,silk_spot,train,C:\Users\anmol\OneDrive\Desktop\MobileNetV2\GC10-DET_PREPARED\IMAGES\silk_spot\silk_spot__img_02_436153600_00662.jpg,1
silk_spot__img_02_436153600_00663,silk_spot,train,C:\Users\anmol\OneDrive\Desktop\MobileNetV2\GC10-DET_PREPARED\IMAGES\silk_spot\silk_spot__img_02_436153600_00663.jpg,1
silk_spot__img_02_436153600_00664,silk_spot,train,C:\Users\anmol\OneDrive\Desktop\MobileNetV2\GC10-DET_PREPARED\IMAGES\silk_spot\silk_spot__img_02_436153600_00664.jpg,1
silk_spot__img_02_436153600_00665,silk_spot,train,C:\Users\anmol\OneDrive\Desktop\MobileNetV2\GC10-DET_PREPARED\IMAGES\silk_spot\silk_spot__img_02_436153600_00665.jpg,1
silk_spot__img_02_436153600_00669,silk_spot,train,C:\Users\anmol\OneDrive\Desktop\MobileNetV2\GC10-DET_PREPARED\IMAGES\silk_spot\silk_spot__img_02_436153600_00669.jpg,1
silk_spot__img_02_436153600_00671,silk_spot,train,C:\Users\anmol\OneDrive\Desktop\MobileNetV2\GC10-DET_PREPARED\IMAGES\silk_spot\silk_spot__img_02_436153600_00671.jpg,1
silk_spot__img_02_436153600_00681,silk_spot,train,C:\Users\anmol\OneDrive\Desktop\MobileNetV2\GC10-DET_PREPARED\IMAGES\silk_spot\silk_spot__img_02_436153600_00681.jpg,1
silk_spot__img_02_436153600_00682,silk_spot,train,C:\Users\anmol\OneDrive\Desktop\MobileNetV2\GC10-DET_PREPARED\IMAGES\silk_spot\silk_spot__img_02_436153600_00682.jpg,1
silk_spot__img_02_436153600_00684,silk_spot,train,C:\Users\anmol\OneDrive\Desktop\MobileNetV2\GC10-DET_PREPARED\IMAGES\silk_spot\silk_spot__img_02_436153600_00684.jpg,1
silk_spot__img_02_436153600_00686,silk_spot,train,C:\Users\anmol\OneDrive\Desktop\MobileNetV2\GC10-DET_PREPARED\IMAGES\silk_spot\silk_spot__img_02_436153600_00686.jpg,1
silk_spot__img_02_436153600_00688,silk_spot,train,C:\Users\anmol\OneDrive\Desktop\MobileNetV2\GC10-DET_PREPARED\IMAGES\silk_spot\silk_spot__img_02_436153600_00688.jpg,1
silk_spot__img_02_436153600_00689,silk_spot,train,C:\Users\anmol\OneDrive\Desktop\MobileNetV2\GC10-DET_PREPARED\IMAGES\silk_spot\silk_spot__img_02_436153600_00689.jpg,1
silk_spot__img_02_436153600_00691,silk_spot,train,C:\Users\anmol\OneDrive\Desktop\MobileNetV2\GC10-DET_PREPARED\IMAGES\silk_spot\silk_spot__img_02_436153600_00691.jpg,1
silk_spot__img_02_436153600_00692,silk_spot,train,C:\Users\anmol\OneDrive\Desktop\MobileNetV2\GC10-DET_PREPARED\IMAGES\silk_spot\silk_spot__img_02_436153600_00692.jpg,1
silk_spot__img_02_436153600_00695,silk_spot,train,C:\Users\anmol\OneDrive\Desktop\MobileNetV2\GC10-DET_PREPARED\IMAGES\silk_spot\silk_spot__img_02_436153600_00695.jpg,1
silk_spot__img_02_436153600_00696,silk_spot,train,C:\Users\anmol\OneDrive\Desktop\MobileNetV2\GC10-DET_PREPARED\IMAGES\silk_spot\silk_spot__img_02_436153600_00696.jpg,1
silk_spot__img_02_436153600_00697,silk_spot,train,C:\Users\anmol\OneDrive\Desktop\MobileNetV2\GC10-DET_PREPARED\IMAGES\silk_spot\silk_spot__img_02_436153600_00697.jpg,1
silk_spot__img_02_436153600_00699,silk_spot,train,C:\Users\anmol\OneDrive\Desktop\MobileNetV2\GC10-DET_PREPARED\IMAGES\silk_spot\silk_spot__img_02_436153600_00699.jpg,1
silk_spot__img_02_436153600_00705,silk_spot,train,C:\Users\anmol\OneDrive\Desktop\MobileNetV2\GC10-DET_PREPARED\IMAGES\silk_spot\silk_spot__img_02_436153600_00705.jpg,1
silk_spot__img_02_436184600_00775,silk_spot,train,C:\Users\anmol\OneDrive\Desktop\MobileNetV2\GC10-DET_PREPARED\IMAGES\silk_spot\silk_spot__img_02_436184600_00775.jpg,1
silk_spot__img_02_436184600_00779,silk_spot,train,C:\Users\anmol\OneDrive\Desktop\MobileNetV2\GC10-DET_PREPARED\IMAGES\silk_spot\silk_spot__img_02_436184600_00779.jpg,1
silk_spot__img_02_436184600_00782,silk_spot,train,C:\Users\anmol\OneDrive\Desktop\MobileNetV2\GC10-DET_PREPARED\IMAGES\silk_spot\silk_spot__img_02_436184600_00782.jpg,1
silk_spot__img_02_436184600_00785,silk_spot,train,C:\Users\anmol\OneDrive\Desktop\MobileNetV2\GC10-DET_PREPARED\IMAGES\silk_spot\silk_spot__img_02_436184600_00785.jpg,2
silk_spot__img_02_4404580600_00490,silk_spot,train,C:\Users\anmol\OneDrive\Desktop\MobileNetV2\GC10-DET_PREPARED\IMAGES\silk_spot\silk_spot__img_02_4404580600_00490.jpg,1
silk_spot__img_02_4404580600_00661,silk_spot,train,C:\Users\anmol\OneDrive\Desktop\MobileNetV2\GC10-DET_PREPARED\IMAGES\silk_spot\silk_spot__img_02_4404580600_00661.jpg,1
silk_spot__img_02_4406562900_00687,silk_spot,train,C:\Users\anmol\OneDrive\Desktop\MobileNetV2\GC10-DET_PREPARED\IMAGES\silk_spot\silk_spot__img_02_4406562900_00687.jpg,1
silk_spot__img_02_4406562900_00755,silk_spot,train,C:\Users\anmol\OneDrive\Desktop\MobileNetV2\GC10-DET_PREPARED\IMAGES\silk_spot\silk_spot__img_02_4406562900_00755.jpg,1
silk_spot__img_02_4406645900_00304,silk_spot,train,C:\Users\anmol\OneDrive\Desktop\MobileNetV2\GC10-DET_PREPARED\IMAGES\silk_spot\silk_spot__img_02_4406645900_00304.jpg,1
silk_spot__img_02_4406645900_00310,silk_spot,train,C:\Users\anmol\OneDrive\Desktop\MobileNetV2\GC10-DET_PREPARED\IMAGES\silk_spot\silk_spot__img_02_4406645900_00310.jpg,1
silk_spot__img_02_4406645900_00346,silk_spot,train,C:\Users\anmol\OneDrive\Desktop\MobileNetV2\GC10-DET_PREPARED\IMAGES\silk_spot\silk_spot__img_02_4406645900_00346.jpg,1
silk_spot__img_02_4406645900_00565,silk_spot,train,C:\Users\anmol\OneDrive\Desktop\MobileNetV2\GC10-DET_PREPARED\IMAGES\silk_spot\silk_spot__img_02_4406645900_00565.jpg,1
silk_spot__img_02_4406645900_00894,silk_spot,train,C:\Users\anmol\OneDrive\Desktop\MobileNetV2\GC10-DET_PREPARED\IMAGES\silk_spot\silk_spot__img_02_4406645900_00894.jpg,1
silk_spot__img_02_SIS001491_00261,silk_spot,train,C:\Users\anmol\OneDrive\Desktop\MobileNetV2\GC10-DET_PREPARED\IMAGES\silk_spot\silk_spot__img_02_SIS001491_00261.jpg,1
silk_spot__img_02_SIS001491_00267,silk_spot,train,C:\Users\anmol\OneDrive\Desktop\MobileNetV2\GC10-DET_PREPARED\IMAGES\silk_spot\silk_spot__img_02_SIS001491_00267.jpg,1
silk_spot__img_02_SIS001491_00280,silk_spot,train,C:\Users\anmol\OneDrive\Desktop\MobileNetV2\GC10-DET_PREPARED\IMAGES\silk_spot\silk_spot__img_02_SIS001491_00280.jpg,1
silk_spot__img_02_SIS001522_00007,silk_spot,train,C:\Users\anmol\OneDrive\Desktop\MobileNetV2\GC10-DET_PREPARED\IMAGES\silk_spot\silk_spot__img_02_SIS001522_00007.jpg,2
silk_spot__img_02_SIS001522_00026,silk_spot,train,C:\Users\anmol\OneDrive\Desktop\MobileNetV2\GC10-DET_PREPARED\IMAGES\silk_spot\silk_spot__img_02_SIS001522_00026.jpg,1
silk_spot__img_02_SIS001522_00028,silk_spot,train,C:\Users\anmol\OneDrive\Desktop\MobileNetV2\GC10-DET_PREPARED\IMAGES\silk_spot\silk_spot__img_02_SIS001522_00028.jpg,2
silk_spot__img_02_SIS001522_00031,silk_spot,train,C:\Users\anmol\OneDrive\Desktop\MobileNetV2\GC10-DET_PREPARED\IMAGES\silk_spot\silk_spot__img_02_SIS001522_00031.jpg,4
silk_spot__img_02_SIS001522_00036,silk_spot,train,C:\Users\anmol\OneDrive\Desktop\MobileNetV2\GC10-DET_PREPARED\IMAGES\silk_spot\silk_spot__img_02_SIS001522_00036.jpg,2
silk_spot__img_02_SIS001522_00568,silk_spot,train,C:\Users\anmol\OneDrive\Desktop\MobileNetV2\GC10-DET_PREPARED\IMAGES\silk_spot\silk_spot__img_02_SIS001522_00568.jpg,1
silk_spot__img_02_SIS001533_00311,silk_spot,train,C:\Users\anmol\OneDrive\Desktop\MobileNetV2\GC10-DET_PREPARED\IMAGES\silk_spot\silk_spot__img_02_SIS001533_00311.jpg,1
silk_spot__img_02_SIS001561_01227,silk_spot,train,C:\Users\anmol\OneDrive\Desktop\MobileNetV2\GC10-DET_PREPARED\IMAGES\silk_spot\silk_spot__img_02_SIS001561_01227.jpg,1
silk_spot__img_02_SIS001561_01413,silk_spot,train,C:\Users\anmol\OneDrive\Desktop\MobileNetV2\GC10-DET_PREPARED\IMAGES\silk_spot\silk_spot__img_02_SIS001561_01413.jpg,1
silk_spot__img_02_SIS001564_01308,silk_spot,train,C:\Users\anmol\OneDrive\Desktop\MobileNetV2\GC10-DET_PREPARED\IMAGES\silk_spot\silk_spot__img_02_SIS001564_01308.jpg,1
silk_spot__img_02_SIS001564_01335,silk_spot,train,C:\Users\anmol\OneDrive\Desktop\MobileNetV2\GC10-DET_PREPARED\IMAGES\silk_spot\silk_spot__img_02_SIS001564_01335.jpg,1
silk_spot__img_02_SIS001577_00072,silk_spot,train,C:\Users\anmol\OneDrive\Desktop\MobileNetV2\GC10-DET_PREPARED\IMAGES\silk_spot\silk_spot__img_02_SIS001577_00072.jpg,2
silk_spot__img_03_3436786500_00071,silk_spot,train,C:\Users\anmol\OneDrive\Desktop\MobileNetV2\GC10-DET_PREPARED\IMAGES\silk_spot\silk_spot__img_03_3436786500_00071.jpg,1
silk_spot__img_03_425243400_00061,silk_spot,train,C:\Users\anmol\OneDrive\Desktop\MobileNetV2\GC10-DET_PREPARED\IMAGES\silk_spot\silk_spot__img_03_425243400_00061.jpg,1
silk_spot__img_03_425508300_00320,silk_spot,train,C:\Users\anmol\OneDrive\Desktop\MobileNetV2\GC10-DET_PREPARED\IMAGES\silk_spot\silk_spot__img_03_425508300_00320.jpg,2
silk_spot__img_03_425508400_00378,silk_spot,train,C:\Users\anmol\OneDrive\Desktop\MobileNetV2\GC10-DET_PREPARED\IMAGES\silk_spot\silk_spot__img_03_425508400_00378.jpg,3
silk_spot__img_03_436150300_00317,silk_spot,train,C:\Users\anmol\OneDrive\Desktop\MobileNetV2\GC10-DET_PREPARED\IMAGES\silk_spot\silk_spot__img_03_436150300_00317.jpg,1
silk_spot__img_03_436150300_00318,silk_spot,train,C:\Users\anmol\OneDrive\Desktop\MobileNetV2\GC10-DET_PREPARED\IMAGES\silk_spot\silk_spot__img_03_436150300_00318.jpg,1
silk_spot__img_03_436150300_00326,silk_spot,train,C:\Users\anmol\OneDrive\Desktop\MobileNetV2\GC10-DET_PREPARED\IMAGES\silk_spot\silk_spot__img_03_436150300_00326.jpg,1
silk_spot__img_03_436150300_00328,silk_spot,train,C:\Users\anmol\OneDrive\Desktop\MobileNetV2\GC10-DET_PREPARED\IMAGES\silk_spot\silk_spot__img_03_436150300_00328.jpg,1
silk_spot__img_03_436150300_00329,silk_spot,train,C:\Users\anmol\OneDrive\Desktop\MobileNetV2\GC10-DET_PREPARED\IMAGES\silk_spot\silk_spot__img_03_436150300_00329.jpg,1
silk_spot__img_03_436150300_00388,silk_spot,train,C:\Users\anmol\OneDrive\Desktop\MobileNetV2\GC10-DET_PREPARED\IMAGES\silk_spot\silk_spot__img_03_436150300_00388.jpg,2
silk_spot__img_03_436152900_00522,silk_spot,train,C:\Users\anmol\OneDrive\Desktop\MobileNetV2\GC10-DET_PREPARED\IMAGES\silk_spot\silk_spot__img_03_436152900_00522.jpg,2
silk_spot__img_03_436152900_00523,silk_spot,train,C:\Users\anmol\OneDrive\Desktop\MobileNetV2\GC10-DET_PREPARED\IMAGES\silk_spot\silk_spot__img_03_436152900_00523.jpg,6
silk_spot__img_03_436152900_00524,silk_spot,train,C:\Users\anmol\OneDrive\Desktop\MobileNetV2\GC10-DET_PREPARED\IMAGES\silk_spot\silk_spot__img_03_436152900_00524.jpg,4
silk_spot__img_03_436152900_00525,silk_spot,train,C:\Users\anmol\OneDrive\Desktop\MobileNetV2\GC10-DET_PREPARED\IMAGES\silk_spot\silk_spot__img_03_436152900_00525.jpg,2
silk_spot__img_03_436152900_00535,silk_spot,train,C:\Users\anmol\OneDrive\Desktop\MobileNetV2\GC10-DET_PREPARED\IMAGES\silk_spot\silk_spot__img_03_436152900_00535.jpg,2
silk_spot__img_03_436152900_00543,silk_spot,train,C:\Users\anmol\OneDrive\Desktop\MobileNetV2\GC10-DET_PREPARED\IMAGES\silk_spot\silk_spot__img_03_436152900_00543.jpg,6
silk_spot__img_03_436152900_00578,silk_spot,train,C:\Users\anmol\OneDrive\Desktop\MobileNetV2\GC10-DET_PREPARED\IMAGES\silk_spot\silk_spot__img_03_436152900_00578.jpg,6
silk_spot__img_03_436152900_00582,silk_spot,train,C:\Users\anmol\OneDrive\Desktop\MobileNetV2\GC10-DET_PREPARED\IMAGES\silk_spot\silk_spot__img_03_436152900_00582.jpg,2
silk_spot__img_03_436152900_00593,silk_spot,train,C:\Users\anmol\OneDrive\Desktop\MobileNetV2\GC10-DET_PREPARED\IMAGES\silk_spot\silk_spot__img_03_436152900_00593.jpg,3
silk_spot__img_03_436152900_00612,silk_spot,train,C:\Users\anmol\OneDrive\Desktop\MobileNetV2\GC10-DET_PREPARED\IMAGES\silk_spot\silk_spot__img_03_436152900_00612.jpg,1
silk_spot__img_03_436153600_00680,silk_spot,train,C:\Users\anmol\OneDrive\Desktop\MobileNetV2\GC10-DET_PREPARED\IMAGES\silk_spot\silk_spot__img_03_436153600_00680.jpg,1
silk_spot__img_03_436184600_00773,silk_spot,train,C:\Users\anmol\OneDrive\Desktop\MobileNetV2\GC10-DET_PREPARED\IMAGES\silk_spot\silk_spot__img_03_436184600_00773.jpg,3
silk_spot__img_03_436184600_00776,silk_spot,train,C:\Users\anmol\OneDrive\Desktop\MobileNetV2\GC10-DET_PREPARED\IMAGES\silk_spot\silk_spot__img_03_436184600_00776.jpg,1
silk_spot__img_03_436184600_00779,silk_spot,train,C:\Users\anmol\OneDrive\Desktop\MobileNetV2\GC10-DET_PREPARED\IMAGES\silk_spot\silk_spot__img_03_436184600_00779.jpg,2
silk_spot__img_03_436184600_00782,silk_spot,train,C:\Users\anmol\OneDrive\Desktop\MobileNetV2\GC10-DET_PREPARED\IMAGES\silk_spot\silk_spot__img_03_436184600_00782.jpg,2
silk_spot__img_03_436184600_00786,silk_spot,train,C:\Users\anmol\OneDrive\Desktop\MobileNetV2\GC10-DET_PREPARED\IMAGES\silk_spot\silk_spot__img_03_436184600_00786.jpg,2
silk_spot__img_03_436184600_00792,silk_spot,train,C:\Users\anmol\OneDrive\Desktop\MobileNetV2\GC10-DET_PREPARED\IMAGES\silk_spot\silk_spot__img_03_436184600_00792.jpg,3
silk_spot__img_03_436184600_00793,silk_spot,train,C:\Users\anmol\OneDrive\Desktop\MobileNetV2\GC10-DET_PREPARED\IMAGES\silk_spot\silk_spot__img_03_436184600_00793.jpg,2
silk_spot__img_03_436184600_00794,silk_spot,train,C:\Users\anmol\OneDrive\Desktop\MobileNetV2\GC10-DET_PREPARED\IMAGES\silk_spot\silk_spot__img_03_436184600_00794.jpg,1
silk_spot__img_03_436184600_00795,silk_spot,train,C:\Users\anmol\OneDrive\Desktop\MobileNetV2\GC10-DET_PREPARED\IMAGES\silk_spot\silk_spot__img_03_436184600_00795.jpg,2
silk_spot__img_03_436184600_00797,silk_spot,train,C:\Users\anmol\OneDrive\Desktop\MobileNetV2\GC10-DET_PREPARED\IMAGES\silk_spot\silk_spot__img_03_436184600_00797.jpg,3
silk_spot__img_03_436184600_00799,silk_spot,train,C:\Users\anmol\OneDrive\Desktop\MobileNetV2\GC10-DET_PREPARED\IMAGES\silk_spot\silk_spot__img_03_436184600_00799.jpg,2
silk_spot__img_03_436184600_00800,silk_spot,train,C:\Users\anmol\OneDrive\Desktop\MobileNetV2\GC10-DET_PREPARED\IMAGES\silk_spot\silk_spot__img_03_436184600_00800.jpg,4
silk_spot__img_03_4406645900_00009,silk_spot,train,C:\Users\anmol\OneDrive\Desktop\MobileNetV2\GC10-DET_PREPARED\IMAGES\silk_spot\silk_spot__img_03_4406645900_00009.jpg,1
silk_spot__img_03_4406645900_00017,silk_spot,train,C:\Users\anmol\OneDrive\Desktop\MobileNetV2\GC10-DET_PREPARED\IMAGES\silk_spot\silk_spot__img_03_4406645900_00017.jpg,1
silk_spot__img_03_4406645900_00364,silk_spot,train,C:\Users\anmol\OneDrive\Desktop\MobileNetV2\GC10-DET_PREPARED\IMAGES\silk_spot\silk_spot__img_03_4406645900_00364.jpg,1
silk_spot__img_03_4406645900_00381,silk_spot,train,C:\Users\anmol\OneDrive\Desktop\MobileNetV2\GC10-DET_PREPARED\IMAGES\silk_spot\silk_spot__img_03_4406645900_00381.jpg,1
silk_spot__img_03_4406645900_00407,silk_spot,train,C:\Users\anmol\OneDrive\Desktop\MobileNetV2\GC10-DET_PREPARED\IMAGES\silk_spot\silk_spot__img_03_4406645900_00407.jpg,1
silk_spot__img_03_4406645900_00542,silk_spot,train,C:\Users\anmol\OneDrive\Desktop\MobileNetV2\GC10-DET_PREPARED\IMAGES\silk_spot\silk_spot__img_03_4406645900_00542.jpg,1
silk_spot__img_03_4406645900_00544,silk_spot,train,C:\Users\anmol\OneDrive\Desktop\MobileNetV2\GC10-DET_PREPARED\IMAGES\silk_spot\silk_spot__img_03_4406645900_00544.jpg,1
silk_spot__img_03_SIS001491_00361,silk_spot,train,C:\Users\anmol\OneDrive\Desktop\MobileNetV2\GC10-DET_PREPARED\IMAGES\silk_spot\silk_spot__img_03_SIS001491_00361.jpg,1
silk_spot__img_03_SIS001494_00049,silk_spot,train,C:\Users\anmol\OneDrive\Desktop\MobileNetV2\GC10-DET_PREPARED\IMAGES\silk_spot\silk_spot__img_03_SIS001494_00049.jpg,1
silk_spot__img_03_SIS001533_00036,silk_spot,train,C:\Users\anmol\OneDrive\Desktop\MobileNetV2\GC10-DET_PREPARED\IMAGES\silk_spot\silk_spot__img_03_SIS001533_00036.jpg,2
silk_spot__img_03_SIS001533_00310,silk_spot,train,C:\Users\anmol\OneDrive\Desktop\MobileNetV2\GC10-DET_PREPARED\IMAGES\silk_spot\silk_spot__img_03_SIS001533_00310.jpg,1
silk_spot__img_03_SIS001533_00329,silk_spot,train,C:\Users\anmol\OneDrive\Desktop\MobileNetV2\GC10-DET_PREPARED\IMAGES\silk_spot\silk_spot__img_03_SIS001533_00329.jpg,1
silk_spot__img_03_SIS001577_00013,silk_spot,train,C:\Users\anmol\OneDrive\Desktop\MobileNetV2\GC10-DET_PREPARED\IMAGES\silk_spot\silk_spot__img_03_SIS001577_00013.jpg,1
silk_spot__img_03_SIS001577_00019,silk_spot,train,C:\Users\anmol\OneDrive\Desktop\MobileNetV2\GC10-DET_PREPARED\IMAGES\silk_spot\silk_spot__img_03_SIS001577_00019.jpg,5
silk_spot__img_04_425005700_00163,silk_spot,train,C:\Users\anmol\OneDrive\Desktop\MobileNetV2\GC10-DET_PREPARED\IMAGES\silk_spot\silk_spot__img_04_425005700_00163.jpg,1
silk_spot__img_04_425005700_00169,silk_spot,train,C:\Users\anmol\OneDrive\Desktop\MobileNetV2\GC10-DET_PREPARED\IMAGES\silk_spot\silk_spot__img_04_425005700_00169.jpg,1
silk_spot__img_04_425243100_00677,silk_spot,train,C:\Users\anmol\OneDrive\Desktop\MobileNetV2\GC10-DET_PREPARED\IMAGES\silk_spot\silk_spot__img_04_425243100_00677.jpg,1
silk_spot__img_04_425243200_00125,silk_spot,train,C:\Users\anmol\OneDrive\Desktop\MobileNetV2\GC10-DET_PREPARED\IMAGES\silk_spot\silk_spot__img_04_425243200_00125.jpg,1
silk_spot__img_04_425243200_00438,silk_spot,train,C:\Users\anmol\OneDrive\Desktop\MobileNetV2\GC10-DET_PREPARED\IMAGES\silk_spot\silk_spot__img_04_425243200_00438.jpg,1
silk_spot__img_04_425243200_00562,silk_spot,train,C:\Users\anmol\OneDrive\Desktop\MobileNetV2\GC10-DET_PREPARED\IMAGES\silk_spot\silk_spot__img_04_425243200_00562.jpg,1
silk_spot__img_04_425243200_00567,silk_spot,train,C:\Users\anmol\OneDrive\Desktop\MobileNetV2\GC10-DET_PREPARED\IMAGES\silk_spot\silk_spot__img_04_425243200_00567.jpg,1
silk_spot__img_04_436068100_00077,silk_spot,train,C:\Users\anmol\OneDrive\Desktop\MobileNetV2\GC10-DET_PREPARED\IMAGES\silk_spot\silk_spot__img_04_436068100_00077.jpg,1
silk_spot__img_04_436068100_00089,silk_spot,train,C:\Users\anmol\OneDrive\Desktop\MobileNetV2\GC10-DET_PREPARED\IMAGES\silk_spot\silk_spot__img_04_436068100_00089.jpg,1
silk_spot__img_04_4406645900_00543,silk_spot,train,C:\Users\anmol\OneDrive\Desktop\MobileNetV2\GC10-DET_PREPARED\IMAGES\silk_spot\silk_spot__img_04_4406645900_00543.jpg,1
silk_spot__img_04_4406645900_00678,silk_spot,train,C:\Users\anmol\OneDrive\Desktop\MobileNetV2\GC10-DET_PREPARED\IMAGES\silk_spot\silk_spot__img_04_4406645900_00678.jpg,1
silk_spot__img_04_4406645900_00763,silk_spot,train,C:\Users\anmol\OneDrive\Desktop\MobileNetV2\GC10-DET_PREPARED\IMAGES\silk_spot\silk_spot__img_04_4406645900_00763.jpg,1
silk_spot__img_04_4406645900_00808,silk_spot,train,C:\Users\anmol\OneDrive\Desktop\MobileNetV2\GC10-DET_PREPARED\IMAGES\silk_spot\silk_spot__img_04_4406645900_00808.jpg,1
silk_spot__img_04_4406645900_00824,silk_spot,train,C:\Users\anmol\OneDrive\Desktop\MobileNetV2\GC10-DET_PREPARED\IMAGES\silk_spot\silk_spot__img_04_4406645900_00824.jpg,1
silk_spot__img_04_4406645900_00857,silk_spot,train,C:\Users\anmol\OneDrive\Desktop\MobileNetV2\GC10-DET_PREPARED\IMAGES\silk_spot\silk_spot__img_04_4406645900_00857.jpg,1
silk_spot__img_04_4406743300_00003,silk_spot,train,C:\Users\anmol\OneDrive\Desktop\MobileNetV2\GC10-DET_PREPARED\IMAGES\silk_spot\silk_spot__img_04_4406743300_00003.jpg,3
silk_spot__img_04_4406743300_00004,silk_spot,train,C:\Users\anmol\OneDrive\Desktop\MobileNetV2\GC10-DET_PREPARED\IMAGES\silk_spot\silk_spot__img_04_4406743300_00004.jpg,1
silk_spot__img_04_4406743300_00005,silk_spot,train,C:\Users\anmol\OneDrive\Desktop\MobileNetV2\GC10-DET_PREPARED\IMAGES\silk_spot\silk_spot__img_04_4406743300_00005.jpg,3
silk_spot__img_04_4406743300_00592,silk_spot,train,C:\Users\anmol\OneDrive\Desktop\MobileNetV2\GC10-DET_PREPARED\IMAGES\silk_spot\silk_spot__img_04_4406743300_00592.jpg,1
silk_spot__img_04_4406743300_00595,silk_spot,train,C:\Users\anmol\OneDrive\Desktop\MobileNetV2\GC10-DET_PREPARED\IMAGES\silk_spot\silk_spot__img_04_4406743300_00595.jpg,1
silk_spot__img_04_4406743300_00780,silk_spot,train,C:\Users\anmol\OneDrive\Desktop\MobileNetV2\GC10-DET_PREPARED\IMAGES\silk_spot\silk_spot__img_04_4406743300_00780.jpg,1
silk_spot__img_04_SIS001577_00010,silk_spot,train,C:\Users\anmol\OneDrive\Desktop\MobileNetV2\GC10-DET_PREPARED\IMAGES\silk_spot\silk_spot__img_04_SIS001577_00010.jpg,2
silk_spot__img_04_SIS001577_00040,silk_spot,train,C:\Users\anmol\OneDrive\Desktop\MobileNetV2\GC10-DET_PREPARED\IMAGES\silk_spot\silk_spot__img_04_SIS001577_00040.jpg,4
silk_spot__img_04_SIS001577_00052,silk_spot,train,C:\Users\anmol\OneDrive\Desktop\MobileNetV2\GC10-DET_PREPARED\IMAGES\silk_spot\silk_spot__img_04_SIS001577_00052.jpg,3
silk_spot__img_05_4406645900_00042,silk_spot,train,C:\Users\anmol\OneDrive\Desktop\MobileNetV2\GC10-DET_PREPARED\IMAGES\silk_spot\silk_spot__img_05_4406645900_00042.jpg,1
silk_spot__img_05_4406645900_00043,silk_spot,train,C:\Users\anmol\OneDrive\Desktop\MobileNetV2\GC10-DET_PREPARED\IMAGES\silk_spot\silk_spot__img_05_4406645900_00043.jpg,1
silk_spot__img_05_4406645900_00044,silk_spot,train,C:\Users\anmol\OneDrive\Desktop\MobileNetV2\GC10-DET_PREPARED\IMAGES\silk_spot\silk_spot__img_05_4406645900_00044.jpg,1
silk_spot__img_05_4406645900_00121,silk_spot,train,C:\Users\anmol\OneDrive\Desktop\MobileNetV2\GC10-DET_PREPARED\IMAGES\silk_spot\silk_spot__img_05_4406645900_00121.jpg,1
silk_spot__img_05_4406645900_00563,silk_spot,train,C:\Users\anmol\OneDrive\Desktop\MobileNetV2\GC10-DET_PREPARED\IMAGES\silk_spot\silk_spot__img_05_4406645900_00563.jpg,1
silk_spot__img_05_4406645900_00585,silk_spot,train,C:\Users\anmol\OneDrive\Desktop\MobileNetV2\GC10-DET_PREPARED\IMAGES\silk_spot\silk_spot__img_05_4406645900_00585.jpg,1
silk_spot__img_05_4406645900_00591,silk_spot,train,C:\Users\anmol\OneDrive\Desktop\MobileNetV2\GC10-DET_PREPARED\IMAGES\silk_spot\silk_spot__img_05_4406645900_00591.jpg,1
silk_spot__img_05_4406743300_00371,silk_spot,train,C:\Users\anmol\OneDrive\Desktop\MobileNetV2\GC10-DET_PREPARED\IMAGES\silk_spot\silk_spot__img_05_4406743300_00371.jpg,1
silk_spot__img_05_4406743300_00373,silk_spot,train,C:\Users\anmol\OneDrive\Desktop\MobileNetV2\GC10-DET_PREPARED\IMAGES\silk_spot\silk_spot__img_05_4406743300_00373.jpg,1
silk_spot__img_05_4406743300_00382,silk_spot,train,C:\Users\anmol\OneDrive\Desktop\MobileNetV2\GC10-DET_PREPARED\IMAGES\silk_spot\silk_spot__img_05_4406743300_00382.jpg,1
silk_spot__img_05_4406743300_00390,silk_spot,train,C:\Users\anmol\OneDrive\Desktop\MobileNetV2\GC10-DET_PREPARED\IMAGES\silk_spot\silk_spot__img_05_4406743300_00390.jpg,1
silk_spot__img_05_4406743300_00391,silk_spot,train,C:\Users\anmol\OneDrive\Desktop\MobileNetV2\GC10-DET_PREPARED\IMAGES\silk_spot\silk_spot__img_05_4406743300_00391.jpg,1
silk_spot__img_05_4406743300_00405,silk_spot,train,C:\Users\anmol\OneDrive\Desktop\MobileNetV2\GC10-DET_PREPARED\IMAGES\silk_spot\silk_spot__img_05_4406743300_00405.jpg,1
silk_spot__img_05_4406743300_00416,silk_spot,train,C:\Users\anmol\OneDrive\Desktop\MobileNetV2\GC10-DET_PREPARED\IMAGES\silk_spot\silk_spot__img_05_4406743300_00416.jpg,1
silk_spot__img_05_4406743300_00417,silk_spot,train,C:\Users\anmol\OneDrive\Desktop\MobileNetV2\GC10-DET_PREPARED\IMAGES\silk_spot\silk_spot__img_05_4406743300_00417.jpg,1
silk_spot__img_05_4406743300_00419,silk_spot,train,C:\Users\anmol\OneDrive\Desktop\MobileNetV2\GC10-DET_PREPARED\IMAGES\silk_spot\silk_spot__img_05_4406743300_00419.jpg,1
silk_spot__img_05_4406743300_00448,silk_spot,train,C:\Users\anmol\OneDrive\Desktop\MobileNetV2\GC10-DET_PREPARED\IMAGES\silk_spot\silk_spot__img_05_4406743300_00448.jpg,1
silk_spot__img_05_4406743300_00458,silk_spot,train,C:\Users\anmol\OneDrive\Desktop\MobileNetV2\GC10-DET_PREPARED\IMAGES\silk_spot\silk_spot__img_05_4406743300_00458.jpg,1
silk_spot__img_05_4406743300_00461,silk_spot,train,C:\Users\anmol\OneDrive\Desktop\MobileNetV2\GC10-DET_PREPARED\IMAGES\silk_spot\silk_spot__img_05_4406743300_00461.jpg,1
silk_spot__img_05_4406743300_00463,silk_spot,train,C:\Users\anmol\OneDrive\Desktop\MobileNetV2\GC10-DET_PREPARED\IMAGES\silk_spot\silk_spot__img_05_4406743300_00463.jpg,1
silk_spot__img_05_4406743300_00467,silk_spot,train,C:\Users\anmol\OneDrive\Desktop\MobileNetV2\GC10-DET_PREPARED\IMAGES\silk_spot\silk_spot__img_05_4406743300_00467.jpg,1
silk_spot__img_05_4406743300_00478,silk_spot,train,C:\Users\anmol\OneDrive\Desktop\MobileNetV2\GC10-DET_PREPARED\IMAGES\silk_spot\silk_spot__img_05_4406743300_00478.jpg,1
silk_spot__img_05_4406743300_00479,silk_spot,train,C:\Users\anmol\OneDrive\Desktop\MobileNetV2\GC10-DET_PREPARED\IMAGES\silk_spot\silk_spot__img_05_4406743300_00479.jpg,1
silk_spot__img_05_4406743300_00487,silk_spot,train,C:\Users\anmol\OneDrive\Desktop\MobileNetV2\GC10-DET_PREPARED\IMAGES\silk_spot\silk_spot__img_05_4406743300_00487.jpg,1
silk_spot__img_05_4406743300_00499,silk_spot,train,C:\Users\anmol\OneDrive\Desktop\MobileNetV2\GC10-DET_PREPARED\IMAGES\silk_spot\silk_spot__img_05_4406743300_00499.jpg,1
silk_spot__img_05_4406743300_00507,silk_spot,train,C:\Users\anmol\OneDrive\Desktop\MobileNetV2\GC10-DET_PREPARED\IMAGES\silk_spot\silk_spot__img_05_4406743300_00507.jpg,1
silk_spot__img_05_4406743300_00516,silk_spot,train,C:\Users\anmol\OneDrive\Desktop\MobileNetV2\GC10-DET_PREPARED\IMAGES\silk_spot\silk_spot__img_05_4406743300_00516.jpg,1
silk_spot__img_05_4406743300_00519,silk_spot,train,C:\Users\anmol\OneDrive\Desktop\MobileNetV2\GC10-DET_PREPARED\IMAGES\silk_spot\silk_spot__img_05_4406743300_00519.jpg,1
silk_spot__img_05_4406743300_00535,silk_spot,train,C:\Users\anmol\OneDrive\Desktop\MobileNetV2\GC10-DET_PREPARED\IMAGES\silk_spot\silk_spot__img_05_4406743300_00535.jpg,1
silk_spot__img_05_4406743300_00539,silk_spot,train,C:\Users\anmol\OneDrive\Desktop\MobileNetV2\GC10-DET_PREPARED\IMAGES\silk_spot\silk_spot__img_05_4406743300_00539.jpg,1
silk_spot__img_05_4406743300_00547,silk_spot,train,C:\Users\anmol\OneDrive\Desktop\MobileNetV2\GC10-DET_PREPARED\IMAGES\silk_spot\silk_spot__img_05_4406743300_00547.jpg,1
silk_spot__img_05_4406743300_00555,silk_spot,train,C:\Users\anmol\OneDrive\Desktop\MobileNetV2\GC10-DET_PREPARED\IMAGES\silk_spot\silk_spot__img_05_4406743300_00555.jpg,1
silk_spot__img_05_4406743300_00562,silk_spot,train,C:\Users\anmol\OneDrive\Desktop\MobileNetV2\GC10-DET_PREPARED\IMAGES\silk_spot\silk_spot__img_05_4406743300_00562.jpg,1
silk_spot__img_05_4406743300_00564,silk_spot,train,C:\Users\anmol\OneDrive\Desktop\MobileNetV2\GC10-DET_PREPARED\IMAGES\silk_spot\silk_spot__img_05_4406743300_00564.jpg,1
silk_spot__img_05_4406743300_00568,silk_spot,train,C:\Users\anmol\OneDrive\Desktop\MobileNetV2\GC10-DET_PREPARED\IMAGES\silk_spot\silk_spot__img_05_4406743300_00568.jpg,1
silk_spot__img_05_4406743300_00608,silk_spot,train,C:\Users\anmol\OneDrive\Desktop\MobileNetV2\GC10-DET_PREPARED\IMAGES\silk_spot\silk_spot__img_05_4406743300_00608.jpg,1
silk_spot__img_05_4406743300_00614,silk_spot,train,C:\Users\anmol\OneDrive\Desktop\MobileNetV2\GC10-DET_PREPARED\IMAGES\silk_spot\silk_spot__img_05_4406743300_00614.jpg,1
silk_spot__img_05_4406743300_00615,silk_spot,train,C:\Users\anmol\OneDrive\Desktop\MobileNetV2\GC10-DET_PREPARED\IMAGES\silk_spot\silk_spot__img_05_4406743300_00615.jpg,1
silk_spot__img_05_4406743300_00627,silk_spot,train,C:\Users\anmol\OneDrive\Desktop\MobileNetV2\GC10-DET_PREPARED\IMAGES\silk_spot\silk_spot__img_05_4406743300_00627.jpg,1
silk_spot__img_05_4406743300_00849,silk_spot,train,C:\Users\anmol\OneDrive\Desktop\MobileNetV2\GC10-DET_PREPARED\IMAGES\silk_spot\silk_spot__img_05_4406743300_00849.jpg,1
silk_spot__img_05_4406743300_00913,silk_spot,train,C:\Users\anmol\OneDrive\Desktop\MobileNetV2\GC10-DET_PREPARED\IMAGES\silk_spot\silk_spot__img_05_4406743300_00913.jpg,1
silk_spot__img_06_3436814300_00050,silk_spot,train,C:\Users\anmol\OneDrive\Desktop\MobileNetV2\GC10-DET_PREPARED\IMAGES\silk_spot\silk_spot__img_06_3436814300_00050.jpg,4
silk_spot__img_06_425243200_00116,silk_spot,train,C:\Users\anmol\OneDrive\Desktop\MobileNetV2\GC10-DET_PREPARED\IMAGES\silk_spot\silk_spot__img_06_425243200_00116.jpg,2
silk_spot__img_06_4406645900_00291,silk_spot,train,C:\Users\anmol\OneDrive\Desktop\MobileNetV2\GC10-DET_PREPARED\IMAGES\silk_spot\silk_spot__img_06_4406645900_00291.jpg,2
silk_spot__img_06_4406645900_00303,silk_spot,train,C:\Users\anmol\OneDrive\Desktop\MobileNetV2\GC10-DET_PREPARED\IMAGES\silk_spot\silk_spot__img_06_4406645900_00303.jpg,1
silk_spot__img_06_4406645900_00312,silk_spot,train,C:\Users\anmol\OneDrive\Desktop\MobileNetV2\GC10-DET_PREPARED\IMAGES\silk_spot\silk_spot__img_06_4406645900_00312.jpg,1
silk_spot__img_06_4406645900_00449,silk_spot,train,C:\Users\anmol\OneDrive\Desktop\MobileNetV2\GC10-DET_PREPARED\IMAGES\silk_spot\silk_spot__img_06_4406645900_00449.jpg,1
silk_spot__img_06_4406645900_00451,silk_spot,train,C:\Users\anmol\OneDrive\Desktop\MobileNetV2\GC10-DET_PREPARED\IMAGES\silk_spot\silk_spot__img_06_4406645900_00451.jpg,1
silk_spot__img_06_4406645900_00479,silk_spot,train,C:\Users\anmol\OneDrive\Desktop\MobileNetV2\GC10-DET_PREPARED\IMAGES\silk_spot\silk_spot__img_06_4406645900_00479.jpg,1
silk_spot__img_06_4406645900_00485,silk_spot,train,C:\Users\anmol\OneDrive\Desktop\MobileNetV2\GC10-DET_PREPARED\IMAGES\silk_spot\silk_spot__img_06_4406645900_00485.jpg,1
silk_spot__img_06_4406645900_00489,silk_spot,train,C:\Users\anmol\OneDrive\Desktop\MobileNetV2\GC10-DET_PREPARED\IMAGES\silk_spot\silk_spot__img_06_4406645900_00489.jpg,1
silk_spot__img_06_4406645900_00490,silk_spot,train,C:\Users\anmol\OneDrive\Desktop\MobileNetV2\GC10-DET_PREPARED\IMAGES\silk_spot\silk_spot__img_06_4406645900_00490.jpg,1
silk_spot__img_06_4406645900_00491,silk_spot,train,C:\Users\anmol\OneDrive\Desktop\MobileNetV2\GC10-DET_PREPARED\IMAGES\silk_spot\silk_spot__img_06_4406645900_00491.jpg,1
silk_spot__img_06_4406645900_00492,silk_spot,train,C:\Users\anmol\OneDrive\Desktop\MobileNetV2\GC10-DET_PREPARED\IMAGES\silk_spot\silk_spot__img_06_4406645900_00492.jpg,1
silk_spot__img_06_4406645900_00494,silk_spot,train,C:\Users\anmol\OneDrive\Desktop\MobileNetV2\GC10-DET_PREPARED\IMAGES\silk_spot\silk_spot__img_06_4406645900_00494.jpg,1
silk_spot__img_06_4406645900_00498,silk_spot,train,C:\Users\anmol\OneDrive\Desktop\MobileNetV2\GC10-DET_PREPARED\IMAGES\silk_spot\silk_spot__img_06_4406645900_00498.jpg,1
silk_spot__img_06_4406743300_00033,silk_spot,train,C:\Users\anmol\OneDrive\Desktop\MobileNetV2\GC10-DET_PREPARED\IMAGES\silk_spot\silk_spot__img_06_4406743300_00033.jpg,1
silk_spot__img_06_4406743300_00036,silk_spot,train,C:\Users\anmol\OneDrive\Desktop\MobileNetV2\GC10-DET_PREPARED\IMAGES\silk_spot\silk_spot__img_06_4406743300_00036.jpg,1
silk_spot__img_06_4406743300_00041,silk_spot,train,C:\Users\anmol\OneDrive\Desktop\MobileNetV2\GC10-DET_PREPARED\IMAGES\silk_spot\silk_spot__img_06_4406743300_00041.jpg,1
silk_spot__img_06_4406743300_00045,silk_spot,train,C:\Users\anmol\OneDrive\Desktop\MobileNetV2\GC10-DET_PREPARED\IMAGES\silk_spot\silk_spot__img_06_4406743300_00045.jpg,1
silk_spot__img_06_4406743300_00081,silk_spot,train,C:\Users\anmol\OneDrive\Desktop\MobileNetV2\GC10-DET_PREPARED\IMAGES\silk_spot\silk_spot__img_06_4406743300_00081.jpg,1
silk_spot__img_06_4406743300_00092,silk_spot,train,C:\Users\anmol\OneDrive\Desktop\MobileNetV2\GC10-DET_PREPARED\IMAGES\silk_spot\silk_spot__img_06_4406743300_00092.jpg,1
silk_spot__img_06_4406743300_00093,silk_spot,train,C:\Users\anmol\OneDrive\Desktop\MobileNetV2\GC10-DET_PREPARED\IMAGES\silk_spot\silk_spot__img_06_4406743300_00093.jpg,1
silk_spot__img_06_4406743300_00095,silk_spot,train,C:\Users\anmol\OneDrive\Desktop\MobileNetV2\GC10-DET_PREPARED\IMAGES\silk_spot\silk_spot__img_06_4406743300_00095.jpg,1
silk_spot__img_06_4406743300_00096,silk_spot,train,C:\Users\anmol\OneDrive\Desktop\MobileNetV2\GC10-DET_PREPARED\IMAGES\silk_spot\silk_spot__img_06_4406743300_00096.jpg,1
silk_spot__img_07_424714400_00008,silk_spot,train,C:\Users\anmol\OneDrive\Desktop\MobileNetV2\GC10-DET_PREPARED\IMAGES\silk_spot\silk_spot__img_07_424714400_00008.jpg,2
silk_spot__img_07_424714400_00011,silk_spot,train,C:\Users\anmol\OneDrive\Desktop\MobileNetV2\GC10-DET_PREPARED\IMAGES\silk_spot\silk_spot__img_07_424714400_00011.jpg,2
silk_spot__img_07_425243200_00001,silk_spot,train,C:\Users\anmol\OneDrive\Desktop\MobileNetV2\GC10-DET_PREPARED\IMAGES\silk_spot\silk_spot__img_07_425243200_00001.jpg,1
silk_spot__img_07_425243200_00005,silk_spot,train,C:\Users\anmol\OneDrive\Desktop\MobileNetV2\GC10-DET_PREPARED\IMAGES\silk_spot\silk_spot__img_07_425243200_00005.jpg,2
silk_spot__img_07_425391800_00054,silk_spot,train,C:\Users\anmol\OneDrive\Desktop\MobileNetV2\GC10-DET_PREPARED\IMAGES\silk_spot\silk_spot__img_07_425391800_00054.jpg,2
silk_spot__img_07_425508400_00967,silk_spot,train,C:\Users\anmol\OneDrive\Desktop\MobileNetV2\GC10-DET_PREPARED\IMAGES\silk_spot\silk_spot__img_07_425508400_00967.jpg,1
silk_spot__img_07_4404580600_00507,silk_spot,train,C:\Users\anmol\OneDrive\Desktop\MobileNetV2\GC10-DET_PREPARED\IMAGES\silk_spot\silk_spot__img_07_4404580600_00507.jpg,1
silk_spot__img_07_4406645900_00017,silk_spot,train,C:\Users\anmol\OneDrive\Desktop\MobileNetV2\GC10-DET_PREPARED\IMAGES\silk_spot\silk_spot__img_07_4406645900_00017.jpg,1
silk_spot__img_07_4406645900_00046,silk_spot,train,C:\Users\anmol\OneDrive\Desktop\MobileNetV2\GC10-DET_PREPARED\IMAGES\silk_spot\silk_spot__img_07_4406645900_00046.jpg,1
silk_spot__img_07_4406645900_00154,silk_spot,train,C:\Users\anmol\OneDrive\Desktop\MobileNetV2\GC10-DET_PREPARED\IMAGES\silk_spot\silk_spot__img_07_4406645900_00154.jpg,1
silk_spot__img_07_4406645900_00179,silk_spot,train,C:\Users\anmol\OneDrive\Desktop\MobileNetV2\GC10-DET_PREPARED\IMAGES\silk_spot\silk_spot__img_07_4406645900_00179.jpg,2
silk_spot__img_07_4406645900_00341,silk_spot,train,C:\Users\anmol\OneDrive\Desktop\MobileNetV2\GC10-DET_PREPARED\IMAGES\silk_spot\silk_spot__img_07_4406645900_00341.jpg,1
silk_spot__img_07_4406645900_00355,silk_spot,train,C:\Users\anmol\OneDrive\Desktop\MobileNetV2\GC10-DET_PREPARED\IMAGES\silk_spot\silk_spot__img_07_4406645900_00355.jpg,1
silk_spot__img_07_4406645900_00367,silk_spot,train,C:\Users\anmol\OneDrive\Desktop\MobileNetV2\GC10-DET_PREPARED\IMAGES\silk_spot\silk_spot__img_07_4406645900_00367.jpg,1
silk_spot__img_07_4406645900_00517,silk_spot,train,C:\Users\anmol\OneDrive\Desktop\MobileNetV2\GC10-DET_PREPARED\IMAGES\silk_spot\silk_spot__img_07_4406645900_00517.jpg,1
silk_spot__img_07_4406645900_00518,silk_spot,train,C:\Users\anmol\OneDrive\Desktop\MobileNetV2\GC10-DET_PREPARED\IMAGES\silk_spot\silk_spot__img_07_4406645900_00518.jpg,1
silk_spot__img_07_4406645900_00523,silk_spot,train,C:\Users\anmol\OneDrive\Desktop\MobileNetV2\GC10-DET_PREPARED\IMAGES\silk_spot\silk_spot__img_07_4406645900_00523.jpg,1
silk_spot__img_07_4406645900_00526,silk_spot,train,C:\Users\anmol\OneDrive\Desktop\MobileNetV2\GC10-DET_PREPARED\IMAGES\silk_spot\silk_spot__img_07_4406645900_00526.jpg,1
silk_spot__img_07_4406645900_00527,silk_spot,train,C:\Users\anmol\OneDrive\Desktop\MobileNetV2\GC10-DET_PREPARED\IMAGES\silk_spot\silk_spot__img_07_4406645900_00527.jpg,1
silk_spot__img_07_4406645900_00539,silk_spot,train,C:\Users\anmol\OneDrive\Desktop\MobileNetV2\GC10-DET_PREPARED\IMAGES\silk_spot\silk_spot__img_07_4406645900_00539.jpg,1
silk_spot__img_07_4406645900_00546,silk_spot,train,C:\Users\anmol\OneDrive\Desktop\MobileNetV2\GC10-DET_PREPARED\IMAGES\silk_spot\silk_spot__img_07_4406645900_00546.jpg,1
silk_spot__img_07_4406645900_00558,silk_spot,train,C:\Users\anmol\OneDrive\Desktop\MobileNetV2\GC10-DET_PREPARED\IMAGES\silk_spot\silk_spot__img_07_4406645900_00558.jpg,1
silk_spot__img_07_4406645900_00560,silk_spot,train,C:\Users\anmol\OneDrive\Desktop\MobileNetV2\GC10-DET_PREPARED\IMAGES\silk_spot\silk_spot__img_07_4406645900_00560.jpg,1
silk_spot__img_07_4406645900_00566,silk_spot,train,C:\Users\anmol\OneDrive\Desktop\MobileNetV2\GC10-DET_PREPARED\IMAGES\silk_spot\silk_spot__img_07_4406645900_00566.jpg,1
silk_spot__img_07_4406645900_00570,silk_spot,train,C:\Users\anmol\OneDrive\Desktop\MobileNetV2\GC10-DET_PREPARED\IMAGES\silk_spot\silk_spot__img_07_4406645900_00570.jpg,1
silk_spot__img_07_4406645900_00572,silk_spot,train,C:\Users\anmol\OneDrive\Desktop\MobileNetV2\GC10-DET_PREPARED\IMAGES\silk_spot\silk_spot__img_07_4406645900_00572.jpg,1
silk_spot__img_07_4406645900_00576,silk_spot,train,C:\Users\anmol\OneDrive\Desktop\MobileNetV2\GC10-DET_PREPARED\IMAGES\silk_spot\silk_spot__img_07_4406645900_00576.jpg,1
silk_spot__img_07_4406645900_00581,silk_spot,train,C:\Users\anmol\OneDrive\Desktop\MobileNetV2\GC10-DET_PREPARED\IMAGES\silk_spot\silk_spot__img_07_4406645900_00581.jpg,1
silk_spot__img_07_4406645900_00586,silk_spot,train,C:\Users\anmol\OneDrive\Desktop\MobileNetV2\GC10-DET_PREPARED\IMAGES\silk_spot\silk_spot__img_07_4406645900_00586.jpg,1
silk_spot__img_07_4406645900_00587,silk_spot,train,C:\Users\anmol\OneDrive\Desktop\MobileNetV2\GC10-DET_PREPARED\IMAGES\silk_spot\silk_spot__img_07_4406645900_00587.jpg,1
silk_spot__img_07_4406645900_00603,silk_spot,train,C:\Users\anmol\OneDrive\Desktop\MobileNetV2\GC10-DET_PREPARED\IMAGES\silk_spot\silk_spot__img_07_4406645900_00603.jpg,1
silk_spot__img_07_4406645900_00614,silk_spot,train,C:\Users\anmol\OneDrive\Desktop\MobileNetV2\GC10-DET_PREPARED\IMAGES\silk_spot\silk_spot__img_07_4406645900_00614.jpg,1
silk_spot__img_07_4406645900_00618,silk_spot,train,C:\Users\anmol\OneDrive\Desktop\MobileNetV2\GC10-DET_PREPARED\IMAGES\silk_spot\silk_spot__img_07_4406645900_00618.jpg,1
silk_spot__img_07_4406645900_00620,silk_spot,train,C:\Users\anmol\OneDrive\Desktop\MobileNetV2\GC10-DET_PREPARED\IMAGES\silk_spot\silk_spot__img_07_4406645900_00620.jpg,1
silk_spot__img_07_4406645900_00631,silk_spot,train,C:\Users\anmol\OneDrive\Desktop\MobileNetV2\GC10-DET_PREPARED\IMAGES\silk_spot\silk_spot__img_07_4406645900_00631.jpg,1
silk_spot__img_07_4406645900_00647,silk_spot,train,C:\Users\anmol\OneDrive\Desktop\MobileNetV2\GC10-DET_PREPARED\IMAGES\silk_spot\silk_spot__img_07_4406645900_00647.jpg,1
silk_spot__img_07_4406645900_00649,silk_spot,train,C:\Users\anmol\OneDrive\Desktop\MobileNetV2\GC10-DET_PREPARED\IMAGES\silk_spot\silk_spot__img_07_4406645900_00649.jpg,1
silk_spot__img_07_4406645900_00650,silk_spot,train,C:\Users\anmol\OneDrive\Desktop\MobileNetV2\GC10-DET_PREPARED\IMAGES\silk_spot\silk_spot__img_07_4406645900_00650.jpg,1
silk_spot__img_07_4406645900_00660,silk_spot,train,C:\Users\anmol\OneDrive\Desktop\MobileNetV2\GC10-DET_PREPARED\IMAGES\silk_spot\silk_spot__img_07_4406645900_00660.jpg,1
silk_spot__img_07_4406645900_00661,silk_spot,train,C:\Users\anmol\OneDrive\Desktop\MobileNetV2\GC10-DET_PREPARED\IMAGES\silk_spot\silk_spot__img_07_4406645900_00661.jpg,1
silk_spot__img_07_4406645900_00687,silk_spot,train,C:\Users\anmol\OneDrive\Desktop\MobileNetV2\GC10-DET_PREPARED\IMAGES\silk_spot\silk_spot__img_07_4406645900_00687.jpg,1
silk_spot__img_07_4406645900_00693,silk_spot,train,C:\Users\anmol\OneDrive\Desktop\MobileNetV2\GC10-DET_PREPARED\IMAGES\silk_spot\silk_spot__img_07_4406645900_00693.jpg,1
silk_spot__img_07_4406645900_00716,silk_spot,train,C:\Users\anmol\OneDrive\Desktop\MobileNetV2\GC10-DET_PREPARED\IMAGES\silk_spot\silk_spot__img_07_4406645900_00716.jpg,2
silk_spot__img_07_4406645900_00730,silk_spot,train,C:\Users\anmol\OneDrive\Desktop\MobileNetV2\GC10-DET_PREPARED\IMAGES\silk_spot\silk_spot__img_07_4406645900_00730.jpg,1
silk_spot__img_07_4406645900_00740,silk_spot,train,C:\Users\anmol\OneDrive\Desktop\MobileNetV2\GC10-DET_PREPARED\IMAGES\silk_spot\silk_spot__img_07_4406645900_00740.jpg,1
silk_spot__img_07_4406645900_00741,silk_spot,train,C:\Users\anmol\OneDrive\Desktop\MobileNetV2\GC10-DET_PREPARED\IMAGES\silk_spot\silk_spot__img_07_4406645900_00741.jpg,1
silk_spot__img_07_4406645900_00747,silk_spot,train,C:\Users\anmol\OneDrive\Desktop\MobileNetV2\GC10-DET_PREPARED\IMAGES\silk_spot\silk_spot__img_07_4406645900_00747.jpg,2
silk_spot__img_07_4406645900_00753,silk_spot,train,C:\Users\anmol\OneDrive\Desktop\MobileNetV2\GC10-DET_PREPARED\IMAGES\silk_spot\silk_spot__img_07_4406645900_00753.jpg,1
silk_spot__img_07_4406645900_00755,silk_spot,train,C:\Users\anmol\OneDrive\Desktop\MobileNetV2\GC10-DET_PREPARED\IMAGES\silk_spot\silk_spot__img_07_4406645900_00755.jpg,1
silk_spot__img_07_4406645900_00771,silk_spot,train,C:\Users\anmol\OneDrive\Desktop\MobileNetV2\GC10-DET_PREPARED\IMAGES\silk_spot\silk_spot__img_07_4406645900_00771.jpg,2
silk_spot__img_07_4406645900_00786,silk_spot,train,C:\Users\anmol\OneDrive\Desktop\MobileNetV2\GC10-DET_PREPARED\IMAGES\silk_spot\silk_spot__img_07_4406645900_00786.jpg,1
silk_spot__img_07_4406645900_00792,silk_spot,train,C:\Users\anmol\OneDrive\Desktop\MobileNetV2\GC10-DET_PREPARED\IMAGES\silk_spot\silk_spot__img_07_4406645900_00792.jpg,1
silk_spot__img_07_4406645900_00815,silk_spot,train,C:\Users\anmol\OneDrive\Desktop\MobileNetV2\GC10-DET_PREPARED\IMAGES\silk_spot\silk_spot__img_07_4406645900_00815.jpg,1
silk_spot__img_07_4406645900_00817,silk_spot,train,C:\Users\anmol\OneDrive\Desktop\MobileNetV2\GC10-DET_PREPARED\IMAGES\silk_spot\silk_spot__img_07_4406645900_00817.jpg,1
silk_spot__img_07_4406645900_00829,silk_spot,train,C:\Users\anmol\OneDrive\Desktop\MobileNetV2\GC10-DET_PREPARED\IMAGES\silk_spot\silk_spot__img_07_4406645900_00829.jpg,1
silk_spot__img_07_4406645900_00830,silk_spot,train,C:\Users\anmol\OneDrive\Desktop\MobileNetV2\GC10-DET_PREPARED\IMAGES\silk_spot\silk_spot__img_07_4406645900_00830.jpg,1
silk_spot__img_07_4406645900_00852,silk_spot,train,C:\Users\anmol\OneDrive\Desktop\MobileNetV2\GC10-DET_PREPARED\IMAGES\silk_spot\silk_spot__img_07_4406645900_00852.jpg,1
silk_spot__img_07_4406645900_00855,silk_spot,train,C:\Users\anmol\OneDrive\Desktop\MobileNetV2\GC10-DET_PREPARED\IMAGES\silk_spot\silk_spot__img_07_4406645900_00855.jpg,1
silk_spot__img_07_4406645900_00859,silk_spot,train,C:\Users\anmol\OneDrive\Desktop\MobileNetV2\GC10-DET_PREPARED\IMAGES\silk_spot\silk_spot__img_07_4406645900_00859.jpg,1
silk_spot__img_07_4406743300_00026,silk_spot,train,C:\Users\anmol\OneDrive\Desktop\MobileNetV2\GC10-DET_PREPARED\IMAGES\silk_spot\silk_spot__img_07_4406743300_00026.jpg,1
silk_spot__img_07_4406743300_00027,silk_spot,train,C:\Users\anmol\OneDrive\Desktop\MobileNetV2\GC10-DET_PREPARED\IMAGES\silk_spot\silk_spot__img_07_4406743300_00027.jpg,2
silk_spot__img_07_4406743300_00035,silk_spot,train,C:\Users\anmol\OneDrive\Desktop\MobileNetV2\GC10-DET_PREPARED\IMAGES\silk_spot\silk_spot__img_07_4406743300_00035.jpg,3
silk_spot__img_07_4406743300_00036,silk_spot,train,C:\Users\anmol\OneDrive\Desktop\MobileNetV2\GC10-DET_PREPARED\IMAGES\silk_spot\silk_spot__img_07_4406743300_00036.jpg,2
silk_spot__img_07_4406743300_00038,silk_spot,train,C:\Users\anmol\OneDrive\Desktop\MobileNetV2\GC10-DET_PREPARED\IMAGES\silk_spot\silk_spot__img_07_4406743300_00038.jpg,2
silk_spot__img_07_4406743300_00040,silk_spot,train,C:\Users\anmol\OneDrive\Desktop\MobileNetV2\GC10-DET_PREPARED\IMAGES\silk_spot\silk_spot__img_07_4406743300_00040.jpg,2
silk_spot__img_07_4406743300_00041,silk_spot,train,C:\Users\anmol\OneDrive\Desktop\MobileNetV2\GC10-DET_PREPARED\IMAGES\silk_spot\silk_spot__img_07_4406743300_00041.jpg,2
silk_spot__img_07_4406743300_00042,silk_spot,train,C:\Users\anmol\OneDrive\Desktop\MobileNetV2\GC10-DET_PREPARED\IMAGES\silk_spot\silk_spot__img_07_4406743300_00042.jpg,2
silk_spot__img_07_4406743300_00045,silk_spot,train,C:\Users\anmol\OneDrive\Desktop\MobileNetV2\GC10-DET_PREPARED\IMAGES\silk_spot\silk_spot__img_07_4406743300_00045.jpg,1
silk_spot__img_07_4406743300_00056,silk_spot,train,C:\Users\anmol\OneDrive\Desktop\MobileNetV2\GC10-DET_PREPARED\IMAGES\silk_spot\silk_spot__img_07_4406743300_00056.jpg,2
silk_spot__img_07_4406743300_00060,silk_spot,train,C:\Users\anmol\OneDrive\Desktop\MobileNetV2\GC10-DET_PREPARED\IMAGES\silk_spot\silk_spot__img_07_4406743300_00060.jpg,1
silk_spot__img_07_4406743300_00092,silk_spot,train,C:\Users\anmol\OneDrive\Desktop\MobileNetV2\GC10-DET_PREPARED\IMAGES\silk_spot\silk_spot__img_07_4406743300_00092.jpg,1
silk_spot__img_07_4406743300_00094,silk_spot,train,C:\Users\anmol\OneDrive\Desktop\MobileNetV2\GC10-DET_PREPARED\IMAGES\silk_spot\silk_spot__img_07_4406743300_00094.jpg,1
silk_spot__img_07_4406743300_00099,silk_spot,train,C:\Users\anmol\OneDrive\Desktop\MobileNetV2\GC10-DET_PREPARED\IMAGES\silk_spot\silk_spot__img_07_4406743300_00099.jpg,1
silk_spot__img_07_4406743300_00104,silk_spot,train,C:\Users\anmol\OneDrive\Desktop\MobileNetV2\GC10-DET_PREPARED\IMAGES\silk_spot\silk_spot__img_07_4406743300_00104.jpg,1
silk_spot__img_07_4406743300_00132,silk_spot,train,C:\Users\anmol\OneDrive\Desktop\MobileNetV2\GC10-DET_PREPARED\IMAGES\silk_spot\silk_spot__img_07_4406743300_00132.jpg,1
silk_spot__img_08_3436815300_00019,silk_spot,train,C:\Users\anmol\OneDrive\Desktop\MobileNetV2\GC10-DET_PREPARED\IMAGES\silk_spot\silk_spot__img_08_3436815300_00019.jpg,1
silk_spot__img_08_4406743300_00378,silk_spot,train,C:\Users\anmol\OneDrive\Desktop\MobileNetV2\GC10-DET_PREPARED\IMAGES\silk_spot\silk_spot__img_08_4406743300_00378.jpg,1
silk_spot__img_08_4406743300_00380,silk_spot,train,C:\Users\anmol\OneDrive\Desktop\MobileNetV2\GC10-DET_PREPARED\IMAGES\silk_spot\silk_spot__img_08_4406743300_00380.jpg,1
silk_spot__img_08_4406743300_00381,silk_spot,train,C:\Users\anmol\OneDrive\Desktop\MobileNetV2\GC10-DET_PREPARED\IMAGES\silk_spot\silk_spot__img_08_4406743300_00381.jpg,1
silk_spot__img_08_4406743300_00383,silk_spot,train,C:\Users\anmol\OneDrive\Desktop\MobileNetV2\GC10-DET_PREPARED\IMAGES\silk_spot\silk_spot__img_08_4406743300_00383.jpg,1
silk_spot__img_08_4406743300_00390,silk_spot,train,C:\Users\anmol\OneDrive\Desktop\MobileNetV2\GC10-DET_PREPARED\IMAGES\silk_spot\silk_spot__img_08_4406743300_00390.jpg,1
silk_spot__img_08_4406743300_00391,silk_spot,train,C:\Users\anmol\OneDrive\Desktop\MobileNetV2\GC10-DET_PREPARED\IMAGES\silk_spot\silk_spot__img_08_4406743300_00391.jpg,1
silk_spot__img_08_4406743300_00393,silk_spot,train,C:\Users\anmol\OneDrive\Desktop\MobileNetV2\GC10-DET_PREPARED\IMAGES\silk_spot\silk_spot__img_08_4406743300_00393.jpg,1
silk_spot__img_08_4406743300_00395,silk_spot,train,C:\Users\anmol\OneDrive\Desktop\MobileNetV2\GC10-DET_PREPARED\IMAGES\silk_spot\silk_spot__img_08_4406743300_00395.jpg,1
silk_spot__img_08_4406743300_00396,silk_spot,train,C:\Users\anmol\OneDrive\Desktop\MobileNetV2\GC10-DET_PREPARED\IMAGES\silk_spot\silk_spot__img_08_4406743300_00396.jpg,1
silk_spot__img_08_4406743300_00400,silk_spot,train,C:\Users\anmol\OneDrive\Desktop\MobileNetV2\GC10-DET_PREPARED\IMAGES\silk_spot\silk_spot__img_08_4406743300_00400.jpg,1
silk_spot__img_08_4406743300_00401,silk_spot,train,C:\Users\anmol\OneDrive\Desktop\MobileNetV2\GC10-DET_PREPARED\IMAGES\silk_spot\silk_spot__img_08_4406743300_00401.jpg,1
silk_spot__img_08_4406743300_00406,silk_spot,train,C:\Users\anmol\OneDrive\Desktop\MobileNetV2\GC10-DET_PREPARED\IMAGES\silk_spot\silk_spot__img_08_4406743300_00406.jpg,1
silk_spot__img_08_4406743300_00408,silk_spot,train,C:\Users\anmol\OneDrive\Desktop\MobileNetV2\GC10-DET_PREPARED\IMAGES\silk_spot\silk_spot__img_08_4406743300_00408.jpg,1
silk_spot__img_08_4406743300_00409,silk_spot,train,C:\Users\anmol\OneDrive\Desktop\MobileNetV2\GC10-DET_PREPARED\IMAGES\silk_spot\silk_spot__img_08_4406743300_00409.jpg,1
silk_spot__img_08_4406743300_00410,silk_spot,train,C:\Users\anmol\OneDrive\Desktop\MobileNetV2\GC10-DET_PREPARED\IMAGES\silk_spot\silk_spot__img_08_4406743300_00410.jpg,1
silk_spot__img_08_4406743300_00412,silk_spot,train,C:\Users\anmol\OneDrive\Desktop\MobileNetV2\GC10-DET_PREPARED\IMAGES\silk_spot\silk_spot__img_08_4406743300_00412.jpg,1
silk_spot__img_08_4406743300_00413,silk_spot,train,C:\Users\anmol\OneDrive\Desktop\MobileNetV2\GC10-DET_PREPARED\IMAGES\silk_spot\silk_spot__img_08_4406743300_00413.jpg,1
silk_spot__img_08_4406743300_00415,silk_spot,train,C:\Users\anmol\OneDrive\Desktop\MobileNetV2\GC10-DET_PREPARED\IMAGES\silk_spot\silk_spot__img_08_4406743300_00415.jpg,1
silk_spot__img_08_4406743300_00416,silk_spot,train,C:\Users\anmol\OneDrive\Desktop\MobileNetV2\GC10-DET_PREPARED\IMAGES\silk_spot\silk_spot__img_08_4406743300_00416.jpg,1
silk_spot__img_08_4406743300_00417,silk_spot,train,C:\Users\anmol\OneDrive\Desktop\MobileNetV2\GC10-DET_PREPARED\IMAGES\silk_spot\silk_spot__img_08_4406743300_00417.jpg,1
silk_spot__img_08_4406743300_00429,silk_spot,train,C:\Users\anmol\OneDrive\Desktop\MobileNetV2\GC10-DET_PREPARED\IMAGES\silk_spot\silk_spot__img_08_4406743300_00429.jpg,1
silk_spot__img_08_4406743300_00430,silk_spot,train,C:\Users\anmol\OneDrive\Desktop\MobileNetV2\GC10-DET_PREPARED\IMAGES\silk_spot\silk_spot__img_08_4406743300_00430.jpg,1
silk_spot__img_08_4406743300_00432,silk_spot,train,C:\Users\anmol\OneDrive\Desktop\MobileNetV2\GC10-DET_PREPARED\IMAGES\silk_spot\silk_spot__img_08_4406743300_00432.jpg,1
silk_spot__img_08_4406743300_00433,silk_spot,train,C:\Users\anmol\OneDrive\Desktop\MobileNetV2\GC10-DET_PREPARED\IMAGES\silk_spot\silk_spot__img_08_4406743300_00433.jpg,1
silk_spot__img_08_4406743300_00434,silk_spot,train,C:\Users\anmol\OneDrive\Desktop\MobileNetV2\GC10-DET_PREPARED\IMAGES\silk_spot\silk_spot__img_08_4406743300_00434.jpg,1
silk_spot__img_08_4406743300_00444,silk_spot,train,C:\Users\anmol\OneDrive\Desktop\MobileNetV2\GC10-DET_PREPARED\IMAGES\silk_spot\silk_spot__img_08_4406743300_00444.jpg,1
silk_spot__img_08_4406743300_00450,silk_spot,train,C:\Users\anmol\OneDrive\Desktop\MobileNetV2\GC10-DET_PREPARED\IMAGES\silk_spot\silk_spot__img_08_4406743300_00450.jpg,1
silk_spot__img_08_4406743300_00453,silk_spot,train,C:\Users\anmol\OneDrive\Desktop\MobileNetV2\GC10-DET_PREPARED\IMAGES\silk_spot\silk_spot__img_08_4406743300_00453.jpg,1
silk_spot__img_08_4406743300_00455,silk_spot,train,C:\Users\anmol\OneDrive\Desktop\MobileNetV2\GC10-DET_PREPARED\IMAGES\silk_spot\silk_spot__img_08_4406743300_00455.jpg,1
silk_spot__img_08_4406743300_00456,silk_spot,train,C:\Users\anmol\OneDrive\Desktop\MobileNetV2\GC10-DET_PREPARED\IMAGES\silk_spot\silk_spot__img_08_4406743300_00456.jpg,1
silk_spot__img_08_4406743300_00457,silk_spot,train,C:\Users\anmol\OneDrive\Desktop\MobileNetV2\GC10-DET_PREPARED\IMAGES\silk_spot\silk_spot__img_08_4406743300_00457.jpg,1
silk_spot__img_08_4406743300_00461,silk_spot,train,C:\Users\anmol\OneDrive\Desktop\MobileNetV2\GC10-DET_PREPARED\IMAGES\silk_spot\silk_spot__img_08_4406743300_00461.jpg,1
silk_spot__img_08_4406743300_00462,silk_spot,train,C:\Users\anmol\OneDrive\Desktop\MobileNetV2\GC10-DET_PREPARED\IMAGES\silk_spot\silk_spot__img_08_4406743300_00462.jpg,1
silk_spot__img_08_4406743300_00463,silk_spot,train,C:\Users\anmol\OneDrive\Desktop\MobileNetV2\GC10-DET_PREPARED\IMAGES\silk_spot\silk_spot__img_08_4406743300_00463.jpg,1
silk_spot__img_08_4406743300_00465,silk_spot,train,C:\Users\anmol\OneDrive\Desktop\MobileNetV2\GC10-DET_PREPARED\IMAGES\silk_spot\silk_spot__img_08_4406743300_00465.jpg,1
silk_spot__img_08_4406743300_00466,silk_spot,train,C:\Users\anmol\OneDrive\Desktop\MobileNetV2\GC10-DET_PREPARED\IMAGES\silk_spot\silk_spot__img_08_4406743300_00466.jpg,1
silk_spot__img_08_4406743300_00468,silk_spot,train,C:\Users\anmol\OneDrive\Desktop\MobileNetV2\GC10-DET_PREPARED\IMAGES\silk_spot\silk_spot__img_08_4406743300_00468.jpg,1
silk_spot__img_08_4406743300_00470,silk_spot,train,C:\Users\anmol\OneDrive\Desktop\MobileNetV2\GC10-DET_PREPARED\IMAGES\silk_spot\silk_spot__img_08_4406743300_00470.jpg,1
silk_spot__img_08_4406743300_00477,silk_spot,train,C:\Users\anmol\OneDrive\Desktop\MobileNetV2\GC10-DET_PREPARED\IMAGES\silk_spot\silk_spot__img_08_4406743300_00477.jpg,1
silk_spot__img_08_4406743300_00481,silk_spot,train,C:\Users\anmol\OneDrive\Desktop\MobileNetV2\GC10-DET_PREPARED\IMAGES\silk_spot\silk_spot__img_08_4406743300_00481.jpg,1
silk_spot__img_08_4406743300_00483,silk_spot,train,C:\Users\anmol\OneDrive\Desktop\MobileNetV2\GC10-DET_PREPARED\IMAGES\silk_spot\silk_spot__img_08_4406743300_00483.jpg,1
silk_spot__img_08_4406743300_00486,silk_spot,train,C:\Users\anmol\OneDrive\Desktop\MobileNetV2\GC10-DET_PREPARED\IMAGES\silk_spot\silk_spot__img_08_4406743300_00486.jpg,1
silk_spot__img_08_4406743300_00699,silk_spot,train,C:\Users\anmol\OneDrive\Desktop\MobileNetV2\GC10-DET_PREPARED\IMAGES\silk_spot\silk_spot__img_08_4406743300_00699.jpg,1
waist_folding__img_02_3402618000_00002,waist_folding,train,C:\Users\anmol\OneDrive\Desktop\MobileNetV2\GC10-DET_PREPARED\IMAGES\waist_folding\waist_folding__img_02_3402618000_00002.jpg,1
waist_folding__img_02_3402618000_00007,waist_folding,train,C:\Users\anmol\OneDrive\Desktop\MobileNetV2\GC10-DET_PREPARED\IMAGES\waist_folding\waist_folding__img_02_3402618000_00007.jpg,1
waist_folding__img_02_3402618000_00010,waist_folding,train,C:\Users\anmol\OneDrive\Desktop\MobileNetV2\GC10-DET_PREPARED\IMAGES\waist_folding\waist_folding__img_02_3402618000_00010.jpg,1
waist_folding__img_02_4404612700_00054,waist_folding,train,C:\Users\anmol\OneDrive\Desktop\MobileNetV2\GC10-DET_PREPARED\IMAGES\waist_folding\waist_folding__img_02_4404612700_00054.jpg,1
waist_folding__img_03_3402618000_00007,waist_folding,train,C:\Users\anmol\OneDrive\Desktop\MobileNetV2\GC10-DET_PREPARED\IMAGES\waist_folding\waist_folding__img_03_3402618000_00007.jpg,1
waist_folding__img_03_3402618000_00013,waist_folding,train,C:\Users\anmol\OneDrive\Desktop\MobileNetV2\GC10-DET_PREPARED\IMAGES\waist_folding\waist_folding__img_03_3402618000_00013.jpg,1
waist_folding__img_03_425613800_00022,waist_folding,train,C:\Users\anmol\OneDrive\Desktop\MobileNetV2\GC10-DET_PREPARED\IMAGES\waist_folding\waist_folding__img_03_425613800_00022.jpg,1
waist_folding__img_03_425613800_00026,waist_folding,train,C:\Users\anmol\OneDrive\Desktop\MobileNetV2\GC10-DET_PREPARED\IMAGES\waist_folding\waist_folding__img_03_425613800_00026.jpg,1
waist_folding__img_03_4404374100_01295,waist_folding,train,C:\Users\anmol\OneDrive\Desktop\MobileNetV2\GC10-DET_PREPARED\IMAGES\waist_folding\waist_folding__img_03_4404374100_01295.jpg,1
waist_folding__img_03_4404374300_00045,waist_folding,train,C:\Users\anmol\OneDrive\Desktop\MobileNetV2\GC10-DET_PREPARED\IMAGES\waist_folding\waist_folding__img_03_4404374300_00045.jpg,1
waist_folding__img_05_4402719200_00029,waist_folding,train,C:\Users\anmol\OneDrive\Desktop\MobileNetV2\GC10-DET_PREPARED\IMAGES\waist_folding\waist_folding__img_05_4402719200_00029.jpg,1
waist_folding__img_06_3436639700_00756,waist_folding,train,C:\Users\anmol\OneDrive\Desktop\MobileNetV2\GC10-DET_PREPARED\IMAGES\waist_folding\waist_folding__img_06_3436639700_00756.jpg,1
waist_folding__img_06_3436786500_00002,waist_folding,train,C:\Users\anmol\OneDrive\Desktop\MobileNetV2\GC10-DET_PREPARED\IMAGES\waist_folding\waist_folding__img_06_3436786500_00002.jpg,1
waist_folding__img_06_3436814000_00005,waist_folding,train,C:\Users\anmol\OneDrive\Desktop\MobileNetV2\GC10-DET_PREPARED\IMAGES\waist_folding\waist_folding__img_06_3436814000_00005.jpg,1
waist_folding__img_06_3436814000_00006,waist_folding,train,C:\Users\anmol\OneDrive\Desktop\MobileNetV2\GC10-DET_PREPARED\IMAGES\waist_folding\waist_folding__img_06_3436814000_00006.jpg,1
waist_folding__img_06_3436814000_00008,waist_folding,train,C:\Users\anmol\OneDrive\Desktop\MobileNetV2\GC10-DET_PREPARED\IMAGES\waist_folding\waist_folding__img_06_3436814000_00008.jpg,1
waist_folding__img_06_3436814000_00011,waist_folding,train,C:\Users\anmol\OneDrive\Desktop\MobileNetV2\GC10-DET_PREPARED\IMAGES\waist_folding\waist_folding__img_06_3436814000_00011.jpg,1
waist_folding__img_06_3436814000_00016,waist_folding,train,C:\Users\anmol\OneDrive\Desktop\MobileNetV2\GC10-DET_PREPARED\IMAGES\waist_folding\waist_folding__img_06_3436814000_00016.jpg,1
waist_folding__img_06_3436814000_00675,waist_folding,train,C:\Users\anmol\OneDrive\Desktop\MobileNetV2\GC10-DET_PREPARED\IMAGES\waist_folding\waist_folding__img_06_3436814000_00675.jpg,1
waist_folding__img_06_3436814000_00681,waist_folding,train,C:\Users\anmol\OneDrive\Desktop\MobileNetV2\GC10-DET_PREPARED\IMAGES\waist_folding\waist_folding__img_06_3436814000_00681.jpg,1
waist_folding__img_06_3436814000_00683,waist_folding,train,C:\Users\anmol\OneDrive\Desktop\MobileNetV2\GC10-DET_PREPARED\IMAGES\waist_folding\waist_folding__img_06_3436814000_00683.jpg,2
waist_folding__img_06_3436814000_00686,waist_folding,train,C:\Users\anmol\OneDrive\Desktop\MobileNetV2\GC10-DET_PREPARED\IMAGES\waist_folding\waist_folding__img_06_3436814000_00686.jpg,1
waist_folding__img_06_3436814000_00687,waist_folding,train,C:\Users\anmol\OneDrive\Desktop\MobileNetV2\GC10-DET_PREPARED\IMAGES\waist_folding\waist_folding__img_06_3436814000_00687.jpg,1
waist_folding__img_06_3436814000_00688,waist_folding,train,C:\Users\anmol\OneDrive\Desktop\MobileNetV2\GC10-DET_PREPARED\IMAGES\waist_folding\waist_folding__img_06_3436814000_00688.jpg,3
waist_folding__img_06_3437011100_01183,waist_folding,train,C:\Users\anmol\OneDrive\Desktop\MobileNetV2\GC10-DET_PREPARED\IMAGES\waist_folding\waist_folding__img_06_3437011100_01183.jpg,1
waist_folding__img_06_424826800_00492,waist_folding,train,C:\Users\anmol\OneDrive\Desktop\MobileNetV2\GC10-DET_PREPARED\IMAGES\waist_folding\waist_folding__img_06_424826800_00492.jpg,1
waist_folding__img_06_424826800_00497,waist_folding,train,C:\Users\anmol\OneDrive\Desktop\MobileNetV2\GC10-DET_PREPARED\IMAGES\waist_folding\waist_folding__img_06_424826800_00497.jpg,1
waist_folding__img_06_424826800_00501,waist_folding,train,C:\Users\anmol\OneDrive\Desktop\MobileNetV2\GC10-DET_PREPARED\IMAGES\waist_folding\waist_folding__img_06_424826800_00501.jpg,1
waist_folding__img_06_424826800_00502,waist_folding,train,C:\Users\anmol\OneDrive\Desktop\MobileNetV2\GC10-DET_PREPARED\IMAGES\waist_folding\waist_folding__img_06_424826800_00502.jpg,1
waist_folding__img_06_424826800_00505,waist_folding,train,C:\Users\anmol\OneDrive\Desktop\MobileNetV2\GC10-DET_PREPARED\IMAGES\waist_folding\waist_folding__img_06_424826800_00505.jpg,1
waist_folding__img_06_425614600_00410,waist_folding,train,C:\Users\anmol\OneDrive\Desktop\MobileNetV2\GC10-DET_PREPARED\IMAGES\waist_folding\waist_folding__img_06_425614600_00410.jpg,1
waist_folding__img_06_425614600_00411,waist_folding,train,C:\Users\anmol\OneDrive\Desktop\MobileNetV2\GC10-DET_PREPARED\IMAGES\waist_folding\waist_folding__img_06_425614600_00411.jpg,1
waist_folding__img_06_425614600_00412,waist_folding,train,C:\Users\anmol\OneDrive\Desktop\MobileNetV2\GC10-DET_PREPARED\IMAGES\waist_folding\waist_folding__img_06_425614600_00412.jpg,1
waist_folding__img_06_425614600_00413,waist_folding,train,C:\Users\anmol\OneDrive\Desktop\MobileNetV2\GC10-DET_PREPARED\IMAGES\waist_folding\waist_folding__img_06_425614600_00413.jpg,1
waist_folding__img_06_425614600_00414,waist_folding,train,C:\Users\anmol\OneDrive\Desktop\MobileNetV2\GC10-DET_PREPARED\IMAGES\waist_folding\waist_folding__img_06_425614600_00414.jpg,1
waist_folding__img_06_425614600_00415,waist_folding,train,C:\Users\anmol\OneDrive\Desktop\MobileNetV2\GC10-DET_PREPARED\IMAGES\waist_folding\waist_folding__img_06_425614600_00415.jpg,1
waist_folding__img_06_425614600_00419,waist_folding,train,C:\Users\anmol\OneDrive\Desktop\MobileNetV2\GC10-DET_PREPARED\IMAGES\waist_folding\waist_folding__img_06_425614600_00419.jpg,1
waist_folding__img_06_425614600_00420,waist_folding,train,C:\Users\anmol\OneDrive\Desktop\MobileNetV2\GC10-DET_PREPARED\IMAGES\waist_folding\waist_folding__img_06_425614600_00420.jpg,1
waist_folding__img_06_425614600_00421,waist_folding,train,C:\Users\anmol\OneDrive\Desktop\MobileNetV2\GC10-DET_PREPARED\IMAGES\waist_folding\waist_folding__img_06_425614600_00421.jpg,1
waist_folding__img_06_425614600_00422,waist_folding,train,C:\Users\anmol\OneDrive\Desktop\MobileNetV2\GC10-DET_PREPARED\IMAGES\waist_folding\waist_folding__img_06_425614600_00422.jpg,1
waist_folding__img_06_425614600_00424,waist_folding,train,C:\Users\anmol\OneDrive\Desktop\MobileNetV2\GC10-DET_PREPARED\IMAGES\waist_folding\waist_folding__img_06_425614600_00424.jpg,1
waist_folding__img_06_425614600_00425,waist_folding,train,C:\Users\anmol\OneDrive\Desktop\MobileNetV2\GC10-DET_PREPARED\IMAGES\waist_folding\waist_folding__img_06_425614600_00425.jpg,1
waist_folding__img_06_425614600_00426,waist_folding,train,C:\Users\anmol\OneDrive\Desktop\MobileNetV2\GC10-DET_PREPARED\IMAGES\waist_folding\waist_folding__img_06_425614600_00426.jpg,1
waist_folding__img_06_425614600_00431,waist_folding,train,C:\Users\anmol\OneDrive\Desktop\MobileNetV2\GC10-DET_PREPARED\IMAGES\waist_folding\waist_folding__img_06_425614600_00431.jpg,1
waist_folding__img_06_425614600_00432,waist_folding,train,C:\Users\anmol\OneDrive\Desktop\MobileNetV2\GC10-DET_PREPARED\IMAGES\waist_folding\waist_folding__img_06_425614600_00432.jpg,1
waist_folding__img_06_425614600_00435,waist_folding,train,C:\Users\anmol\OneDrive\Desktop\MobileNetV2\GC10-DET_PREPARED\IMAGES\waist_folding\waist_folding__img_06_425614600_00435.jpg,1
waist_folding__img_06_436164300_00004,waist_folding,train,C:\Users\anmol\OneDrive\Desktop\MobileNetV2\GC10-DET_PREPARED\IMAGES\waist_folding\waist_folding__img_06_436164300_00004.jpg,1
waist_folding__img_06_436164700_01556,waist_folding,train,C:\Users\anmol\OneDrive\Desktop\MobileNetV2\GC10-DET_PREPARED\IMAGES\waist_folding\waist_folding__img_06_436164700_01556.jpg,1
waist_folding__img_06_436185800_00727,waist_folding,train,C:\Users\anmol\OneDrive\Desktop\MobileNetV2\GC10-DET_PREPARED\IMAGES\waist_folding\waist_folding__img_06_436185800_00727.jpg,1
waist_folding__img_06_436185800_00735,waist_folding,train,C:\Users\anmol\OneDrive\Desktop\MobileNetV2\GC10-DET_PREPARED\IMAGES\waist_folding\waist_folding__img_06_436185800_00735.jpg,1
waist_folding__img_06_4402719100_00020,waist_folding,train,C:\Users\anmol\OneDrive\Desktop\MobileNetV2\GC10-DET_PREPARED\IMAGES\waist_folding\waist_folding__img_06_4402719100_00020.jpg,1
waist_folding__img_06_4402719200_00017,waist_folding,train,C:\Users\anmol\OneDrive\Desktop\MobileNetV2\GC10-DET_PREPARED\IMAGES\waist_folding\waist_folding__img_06_4402719200_00017.jpg,1
waist_folding__img_06_4404374100_01337,waist_folding,train,C:\Users\anmol\OneDrive\Desktop\MobileNetV2\GC10-DET_PREPARED\IMAGES\waist_folding\waist_folding__img_06_4404374100_01337.jpg,1
waist_folding__img_06_4405133600_00035,waist_folding,train,C:\Users\anmol\OneDrive\Desktop\MobileNetV2\GC10-DET_PREPARED\IMAGES\waist_folding\waist_folding__img_06_4405133600_00035.jpg,1
waist_folding__img_07_3436786500_00002,waist_folding,train,C:\Users\anmol\OneDrive\Desktop\MobileNetV2\GC10-DET_PREPARED\IMAGES\waist_folding\waist_folding__img_07_3436786500_00002.jpg,1
waist_folding__img_07_3436814000_00005,waist_folding,train,C:\Users\anmol\OneDrive\Desktop\MobileNetV2\GC10-DET_PREPARED\IMAGES\waist_folding\waist_folding__img_07_3436814000_00005.jpg,1
waist_folding__img_07_3436814000_00006,waist_folding,train,C:\Users\anmol\OneDrive\Desktop\MobileNetV2\GC10-DET_PREPARED\IMAGES\waist_folding\waist_folding__img_07_3436814000_00006.jpg,1
waist_folding__img_07_3436814000_00007,waist_folding,train,C:\Users\anmol\OneDrive\Desktop\MobileNetV2\GC10-DET_PREPARED\IMAGES\waist_folding\waist_folding__img_07_3436814000_00007.jpg,1
waist_folding__img_07_3436814000_00009,waist_folding,train,C:\Users\anmol\OneDrive\Desktop\MobileNetV2\GC10-DET_PREPARED\IMAGES\waist_folding\waist_folding__img_07_3436814000_00009.jpg,1
waist_folding__img_07_3436814000_00011,waist_folding,train,C:\Users\anmol\OneDrive\Desktop\MobileNetV2\GC10-DET_PREPARED\IMAGES\waist_folding\waist_folding__img_07_3436814000_00011.jpg,1
waist_folding__img_07_3436814000_00016,waist_folding,train,C:\Users\anmol\OneDrive\Desktop\MobileNetV2\GC10-DET_PREPARED\IMAGES\waist_folding\waist_folding__img_07_3436814000_00016.jpg,1
waist_folding__img_07_3436814000_00676,waist_folding,train,C:\Users\anmol\OneDrive\Desktop\MobileNetV2\GC10-DET_PREPARED\IMAGES\waist_folding\waist_folding__img_07_3436814000_00676.jpg,1
waist_folding__img_07_3436814000_00679,waist_folding,train,C:\Users\anmol\OneDrive\Desktop\MobileNetV2\GC10-DET_PREPARED\IMAGES\waist_folding\waist_folding__img_07_3436814000_00679.jpg,1
waist_folding__img_07_3436814000_00680,waist_folding,train,C:\Users\anmol\OneDrive\Desktop\MobileNetV2\GC10-DET_PREPARED\IMAGES\waist_folding\waist_folding__img_07_3436814000_00680.jpg,1
waist_folding__img_07_3436814000_00684,waist_folding,train,C:\Users\anmol\OneDrive\Desktop\MobileNetV2\GC10-DET_PREPARED\IMAGES\waist_folding\waist_folding__img_07_3436814000_00684.jpg,1
waist_folding__img_07_3436814000_00691,waist_folding,train,C:\Users\anmol\OneDrive\Desktop\MobileNetV2\GC10-DET_PREPARED\IMAGES\waist_folding\waist_folding__img_07_3436814000_00691.jpg,1
waist_folding__img_07_3436814000_00692,waist_folding,train,C:\Users\anmol\OneDrive\Desktop\MobileNetV2\GC10-DET_PREPARED\IMAGES\waist_folding\waist_folding__img_07_3436814000_00692.jpg,1
waist_folding__img_07_3436814000_00693,waist_folding,train,C:\Users\anmol\OneDrive\Desktop\MobileNetV2\GC10-DET_PREPARED\IMAGES\waist_folding\waist_folding__img_07_3436814000_00693.jpg,1
waist_folding__img_07_3436814000_00694,waist_folding,train,C:\Users\anmol\OneDrive\Desktop\MobileNetV2\GC10-DET_PREPARED\IMAGES\waist_folding\waist_folding__img_07_3436814000_00694.jpg,1
waist_folding__img_07_3437006500_00761,waist_folding,train,C:\Users\anmol\OneDrive\Desktop\MobileNetV2\GC10-DET_PREPARED\IMAGES\waist_folding\waist_folding__img_07_3437006500_00761.jpg,1
waist_folding__img_07_3437011100_01183,waist_folding,train,C:\Users\anmol\OneDrive\Desktop\MobileNetV2\GC10-DET_PREPARED\IMAGES\waist_folding\waist_folding__img_07_3437011100_01183.jpg,1
waist_folding__img_07_424826800_00488,waist_folding,train,C:\Users\anmol\OneDrive\Desktop\MobileNetV2\GC10-DET_PREPARED\IMAGES\waist_folding\waist_folding__img_07_424826800_00488.jpg,1
waist_folding__img_07_424826800_00492,waist_folding,train,C:\Users\anmol\OneDrive\Desktop\MobileNetV2\GC10-DET_PREPARED\IMAGES\waist_folding\waist_folding__img_07_424826800_00492.jpg,1
waist_folding__img_07_424826800_00493,waist_folding,train,C:\Users\anmol\OneDrive\Desktop\MobileNetV2\GC10-DET_PREPARED\IMAGES\waist_folding\waist_folding__img_07_424826800_00493.jpg,1
waist_folding__img_07_424826800_00494,waist_folding,train,C:\Users\anmol\OneDrive\Desktop\MobileNetV2\GC10-DET_PREPARED\IMAGES\waist_folding\waist_folding__img_07_424826800_00494.jpg,1
waist_folding__img_07_424826800_00497,waist_folding,train,C:\Users\anmol\OneDrive\Desktop\MobileNetV2\GC10-DET_PREPARED\IMAGES\waist_folding\waist_folding__img_07_424826800_00497.jpg,1
waist_folding__img_07_424826800_00507,waist_folding,train,C:\Users\anmol\OneDrive\Desktop\MobileNetV2\GC10-DET_PREPARED\IMAGES\waist_folding\waist_folding__img_07_424826800_00507.jpg,1
waist_folding__img_07_436163600_01161,waist_folding,train,C:\Users\anmol\OneDrive\Desktop\MobileNetV2\GC10-DET_PREPARED\IMAGES\waist_folding\waist_folding__img_07_436163600_01161.jpg,2
waist_folding__img_07_436164700_01537,waist_folding,train,C:\Users\anmol\OneDrive\Desktop\MobileNetV2\GC10-DET_PREPARED\IMAGES\waist_folding\waist_folding__img_07_436164700_01537.jpg,1
waist_folding__img_07_436164700_01538,waist_folding,train,C:\Users\anmol\OneDrive\Desktop\MobileNetV2\GC10-DET_PREPARED\IMAGES\waist_folding\waist_folding__img_07_436164700_01538.jpg,1
waist_folding__img_07_436164700_01545,waist_folding,train,C:\Users\anmol\OneDrive\Desktop\MobileNetV2\GC10-DET_PREPARED\IMAGES\waist_folding\waist_folding__img_07_436164700_01545.jpg,1
waist_folding__img_07_4402719100_00014,waist_folding,train,C:\Users\anmol\OneDrive\Desktop\MobileNetV2\GC10-DET_PREPARED\IMAGES\waist_folding\waist_folding__img_07_4402719100_00014.jpg,1
waist_folding__img_07_4402719100_00025,waist_folding,train,C:\Users\anmol\OneDrive\Desktop\MobileNetV2\GC10-DET_PREPARED\IMAGES\waist_folding\waist_folding__img_07_4402719100_00025.jpg,1
waist_folding__img_07_4402719100_00026,waist_folding,train,C:\Users\anmol\OneDrive\Desktop\MobileNetV2\GC10-DET_PREPARED\IMAGES\waist_folding\waist_folding__img_07_4402719100_00026.jpg,1
waist_folding__img_07_4404374100_01279,waist_folding,train,C:\Users\anmol\OneDrive\Desktop\MobileNetV2\GC10-DET_PREPARED\IMAGES\waist_folding\waist_folding__img_07_4404374100_01279.jpg,1
waist_folding__img_07_4404374100_01315,waist_folding,train,C:\Users\anmol\OneDrive\Desktop\MobileNetV2\GC10-DET_PREPARED\IMAGES\waist_folding\waist_folding__img_07_4404374100_01315.jpg,1
waist_folding__img_07_4404374100_01321,waist_folding,train,C:\Users\anmol\OneDrive\Desktop\MobileNetV2\GC10-DET_PREPARED\IMAGES\waist_folding\waist_folding__img_07_4404374100_01321.jpg,1
waist_folding__img_07_4404374100_01338,waist_folding,train,C:\Users\anmol\OneDrive\Desktop\MobileNetV2\GC10-DET_PREPARED\IMAGES\waist_folding\waist_folding__img_07_4404374100_01338.jpg,1
waist_folding__img_07_4404374100_01348,waist_folding,train,C:\Users\anmol\OneDrive\Desktop\MobileNetV2\GC10-DET_PREPARED\IMAGES\waist_folding\waist_folding__img_07_4404374100_01348.jpg,1
waist_folding__img_07_4404374100_01349,waist_folding,train,C:\Users\anmol\OneDrive\Desktop\MobileNetV2\GC10-DET_PREPARED\IMAGES\waist_folding\waist_folding__img_07_4404374100_01349.jpg,1
waist_folding__img_07_4405133600_00033,waist_folding,train,C:\Users\anmol\OneDrive\Desktop\MobileNetV2\GC10-DET_PREPARED\IMAGES\waist_folding\waist_folding__img_07_4405133600_00033.jpg,1
waist_folding__img_07_4405133600_00034,waist_folding,train,C:\Users\anmol\OneDrive\Desktop\MobileNetV2\GC10-DET_PREPARED\IMAGES\waist_folding\waist_folding__img_07_4405133600_00034.jpg,1
waist_folding__img_07_4405133600_00039,waist_folding,train,C:\Users\anmol\OneDrive\Desktop\MobileNetV2\GC10-DET_PREPARED\IMAGES\waist_folding\waist_folding__img_07_4405133600_00039.jpg,1
waist_folding__img_07_4405133600_00042,waist_folding,train,C:\Users\anmol\OneDrive\Desktop\MobileNetV2\GC10-DET_PREPARED\IMAGES\waist_folding\waist_folding__img_07_4405133600_00042.jpg,1
waist_folding__img_07_4405133600_00044,waist_folding,train,C:\Users\anmol\OneDrive\Desktop\MobileNetV2\GC10-DET_PREPARED\IMAGES\waist_folding\waist_folding__img_07_4405133600_00044.jpg,1
waist_folding__img_07_4405133600_00046,waist_folding,train,C:\Users\anmol\OneDrive\Desktop\MobileNetV2\GC10-DET_PREPARED\IMAGES\waist_folding\waist_folding__img_07_4405133600_00046.jpg,1
waist_folding__img_07_4405376800_00037,waist_folding,train,C:\Users\anmol\OneDrive\Desktop\MobileNetV2\GC10-DET_PREPARED\IMAGES\waist_folding\waist_folding__img_07_4405376800_00037.jpg,1
waist_folding__img_07_4405376800_00038,waist_folding,train,C:\Users\anmol\OneDrive\Desktop\MobileNetV2\GC10-DET_PREPARED\IMAGES\waist_folding\waist_folding__img_07_4405376800_00038.jpg,1
waist_folding__img_07_4405376800_00039,waist_folding,train,C:\Users\anmol\OneDrive\Desktop\MobileNetV2\GC10-DET_PREPARED\IMAGES\waist_folding\waist_folding__img_07_4405376800_00039.jpg,1
waist_folding__img_07_4405376800_00042,waist_folding,train,C:\Users\anmol\OneDrive\Desktop\MobileNetV2\GC10-DET_PREPARED\IMAGES\waist_folding\waist_folding__img_07_4405376800_00042.jpg,1
waist_folding__img_08_436164700_01537,waist_folding,train,C:\Users\anmol\OneDrive\Desktop\MobileNetV2\GC10-DET_PREPARED\IMAGES\waist_folding\waist_folding__img_08_436164700_01537.jpg,1
waist_folding__img_08_4402719200_00026,waist_folding,train,C:\Users\anmol\OneDrive\Desktop\MobileNetV2\GC10-DET_PREPARED\IMAGES\waist_folding\waist_folding__img_08_4402719200_00026.jpg,1
water_spot__img_01_424995500_00255,water_spot,train,C:\Users\anmol\OneDrive\Desktop\MobileNetV2\GC10-DET_PREPARED\IMAGES\water_spot\water_spot__img_01_424995500_00255.jpg,1
water_spot__img_01_424995500_00289,water_spot,train,C:\Users\anmol\OneDrive\Desktop\MobileNetV2\GC10-DET_PREPARED\IMAGES\water_spot\water_spot__img_01_424995500_00289.jpg,1
water_spot__img_01_425000300_00103,water_spot,train,C:\Users\anmol\OneDrive\Desktop\MobileNetV2\GC10-DET_PREPARED\IMAGES\water_spot\water_spot__img_01_425000300_00103.jpg,3
water_spot__img_01_425000300_00630,water_spot,train,C:\Users\anmol\OneDrive\Desktop\MobileNetV2\GC10-DET_PREPARED\IMAGES\water_spot\water_spot__img_01_425000300_00630.jpg,1
water_spot__img_01_425000300_00743,water_spot,train,C:\Users\anmol\OneDrive\Desktop\MobileNetV2\GC10-DET_PREPARED\IMAGES\water_spot\water_spot__img_01_425000300_00743.jpg,1
water_spot__img_01_425006200_00175,water_spot,train,C:\Users\anmol\OneDrive\Desktop\MobileNetV2\GC10-DET_PREPARED\IMAGES\water_spot\water_spot__img_01_425006200_00175.jpg,1
water_spot__img_01_425006200_00373,water_spot,train,C:\Users\anmol\OneDrive\Desktop\MobileNetV2\GC10-DET_PREPARED\IMAGES\water_spot\water_spot__img_01_425006200_00373.jpg,1
water_spot__img_01_425006200_00448,water_spot,train,C:\Users\anmol\OneDrive\Desktop\MobileNetV2\GC10-DET_PREPARED\IMAGES\water_spot\water_spot__img_01_425006200_00448.jpg,2
water_spot__img_01_425006600_00376,water_spot,train,C:\Users\anmol\OneDrive\Desktop\MobileNetV2\GC10-DET_PREPARED\IMAGES\water_spot\water_spot__img_01_425006600_00376.jpg,1
water_spot__img_01_425006600_00498,water_spot,train,C:\Users\anmol\OneDrive\Desktop\MobileNetV2\GC10-DET_PREPARED\IMAGES\water_spot\water_spot__img_01_425006600_00498.jpg,1
water_spot__img_01_425006600_00599,water_spot,train,C:\Users\anmol\OneDrive\Desktop\MobileNetV2\GC10-DET_PREPARED\IMAGES\water_spot\water_spot__img_01_425006600_00599.jpg,1
water_spot__img_01_425006800_00261,water_spot,train,C:\Users\anmol\OneDrive\Desktop\MobileNetV2\GC10-DET_PREPARED\IMAGES\water_spot\water_spot__img_01_425006800_00261.jpg,1
water_spot__img_01_425007500_00003,water_spot,train,C:\Users\anmol\OneDrive\Desktop\MobileNetV2\GC10-DET_PREPARED\IMAGES\water_spot\water_spot__img_01_425007500_00003.jpg,1
water_spot__img_01_425007500_01234,water_spot,train,C:\Users\anmol\OneDrive\Desktop\MobileNetV2\GC10-DET_PREPARED\IMAGES\water_spot\water_spot__img_01_425007500_01234.jpg,1
water_spot__img_01_425007600_00286,water_spot,train,C:\Users\anmol\OneDrive\Desktop\MobileNetV2\GC10-DET_PREPARED\IMAGES\water_spot\water_spot__img_01_425007600_00286.jpg,1
water_spot__img_01_425007600_00459,water_spot,train,C:\Users\anmol\OneDrive\Desktop\MobileNetV2\GC10-DET_PREPARED\IMAGES\water_spot\water_spot__img_01_425007600_00459.jpg,2
water_spot__img_01_425007600_00532,water_spot,train,C:\Users\anmol\OneDrive\Desktop\MobileNetV2\GC10-DET_PREPARED\IMAGES\water_spot\water_spot__img_01_425007600_00532.jpg,2
water_spot__img_01_425007600_00599,water_spot,train,C:\Users\anmol\OneDrive\Desktop\MobileNetV2\GC10-DET_PREPARED\IMAGES\water_spot\water_spot__img_01_425007600_00599.jpg,2
water_spot__img_01_425007600_00673,water_spot,train,C:\Users\anmol\OneDrive\Desktop\MobileNetV2\GC10-DET_PREPARED\IMAGES\water_spot\water_spot__img_01_425007600_00673.jpg,2
water_spot__img_01_425008000_00002,water_spot,train,C:\Users\anmol\OneDrive\Desktop\MobileNetV2\GC10-DET_PREPARED\IMAGES\water_spot\water_spot__img_01_425008000_00002.jpg,1
water_spot__img_01_425008000_00037,water_spot,train,C:\Users\anmol\OneDrive\Desktop\MobileNetV2\GC10-DET_PREPARED\IMAGES\water_spot\water_spot__img_01_425008000_00037.jpg,2
water_spot__img_01_425008000_00104,water_spot,train,C:\Users\anmol\OneDrive\Desktop\MobileNetV2\GC10-DET_PREPARED\IMAGES\water_spot\water_spot__img_01_425008000_00104.jpg,1
water_spot__img_01_425008000_00140,water_spot,train,C:\Users\anmol\OneDrive\Desktop\MobileNetV2\GC10-DET_PREPARED\IMAGES\water_spot\water_spot__img_01_425008000_00140.jpg,1
water_spot__img_01_425008000_00175,water_spot,train,C:\Users\anmol\OneDrive\Desktop\MobileNetV2\GC10-DET_PREPARED\IMAGES\water_spot\water_spot__img_01_425008000_00175.jpg,1
water_spot__img_01_425008000_00211,water_spot,train,C:\Users\anmol\OneDrive\Desktop\MobileNetV2\GC10-DET_PREPARED\IMAGES\water_spot\water_spot__img_01_425008000_00211.jpg,1
water_spot__img_01_425008000_00281,water_spot,train,C:\Users\anmol\OneDrive\Desktop\MobileNetV2\GC10-DET_PREPARED\IMAGES\water_spot\water_spot__img_01_425008000_00281.jpg,1
water_spot__img_01_425008000_00572,water_spot,train,C:\Users\anmol\OneDrive\Desktop\MobileNetV2\GC10-DET_PREPARED\IMAGES\water_spot\water_spot__img_01_425008000_00572.jpg,1
water_spot__img_01_425008500_00260,water_spot,train,C:\Users\anmol\OneDrive\Desktop\MobileNetV2\GC10-DET_PREPARED\IMAGES\water_spot\water_spot__img_01_425008500_00260.jpg,1
water_spot__img_01_425008500_00338,water_spot,train,C:\Users\anmol\OneDrive\Desktop\MobileNetV2\GC10-DET_PREPARED\IMAGES\water_spot\water_spot__img_01_425008500_00338.jpg,2
water_spot__img_01_425008500_00339,water_spot,train,C:\Users\anmol\OneDrive\Desktop\MobileNetV2\GC10-DET_PREPARED\IMAGES\water_spot\water_spot__img_01_425008500_00339.jpg,1
water_spot__img_01_425008500_00410,water_spot,train,C:\Users\anmol\OneDrive\Desktop\MobileNetV2\GC10-DET_PREPARED\IMAGES\water_spot\water_spot__img_01_425008500_00410.jpg,1
water_spot__img_01_425008500_00476,water_spot,train,C:\Users\anmol\OneDrive\Desktop\MobileNetV2\GC10-DET_PREPARED\IMAGES\water_spot\water_spot__img_01_425008500_00476.jpg,1
water_spot__img_01_425008500_00584,water_spot,train,C:\Users\anmol\OneDrive\Desktop\MobileNetV2\GC10-DET_PREPARED\IMAGES\water_spot\water_spot__img_01_425008500_00584.jpg,1
water_spot__img_01_425008500_00585,water_spot,train,C:\Users\anmol\OneDrive\Desktop\MobileNetV2\GC10-DET_PREPARED\IMAGES\water_spot\water_spot__img_01_425008500_00585.jpg,2
water_spot__img_01_425008500_00636,water_spot,train,C:\Users\anmol\OneDrive\Desktop\MobileNetV2\GC10-DET_PREPARED\IMAGES\water_spot\water_spot__img_01_425008500_00636.jpg,1
water_spot__img_01_425008500_00677,water_spot,train,C:\Users\anmol\OneDrive\Desktop\MobileNetV2\GC10-DET_PREPARED\IMAGES\water_spot\water_spot__img_01_425008500_00677.jpg,1
water_spot__img_01_425008500_00704,water_spot,train,C:\Users\anmol\OneDrive\Desktop\MobileNetV2\GC10-DET_PREPARED\IMAGES\water_spot\water_spot__img_01_425008500_00704.jpg,1
water_spot__img_01_425008500_00793,water_spot,train,C:\Users\anmol\OneDrive\Desktop\MobileNetV2\GC10-DET_PREPARED\IMAGES\water_spot\water_spot__img_01_425008500_00793.jpg,1
water_spot__img_01_425008500_00794,water_spot,train,C:\Users\anmol\OneDrive\Desktop\MobileNetV2\GC10-DET_PREPARED\IMAGES\water_spot\water_spot__img_01_425008500_00794.jpg,1
water_spot__img_01_425008500_00819,water_spot,train,C:\Users\anmol\OneDrive\Desktop\MobileNetV2\GC10-DET_PREPARED\IMAGES\water_spot\water_spot__img_01_425008500_00819.jpg,1
water_spot__img_01_425008500_00846,water_spot,train,C:\Users\anmol\OneDrive\Desktop\MobileNetV2\GC10-DET_PREPARED\IMAGES\water_spot\water_spot__img_01_425008500_00846.jpg,1
water_spot__img_01_425241400_00053,water_spot,train,C:\Users\anmol\OneDrive\Desktop\MobileNetV2\GC10-DET_PREPARED\IMAGES\water_spot\water_spot__img_01_425241400_00053.jpg,1
water_spot__img_01_425241500_00995,water_spot,train,C:\Users\anmol\OneDrive\Desktop\MobileNetV2\GC10-DET_PREPARED\IMAGES\water_spot\water_spot__img_01_425241500_00995.jpg,2
water_spot__img_01_425241500_01136,water_spot,train,C:\Users\anmol\OneDrive\Desktop\MobileNetV2\GC10-DET_PREPARED\IMAGES\water_spot\water_spot__img_01_425241500_01136.jpg,1
water_spot__img_01_425241600_00041,water_spot,train,C:\Users\anmol\OneDrive\Desktop\MobileNetV2\GC10-DET_PREPARED\IMAGES\water_spot\water_spot__img_01_425241600_00041.jpg,1
water_spot__img_01_425241600_00283,water_spot,train,C:\Users\anmol\OneDrive\Desktop\MobileNetV2\GC10-DET_PREPARED\IMAGES\water_spot\water_spot__img_01_425241600_00283.jpg,1
water_spot__img_01_425241700_00384,water_spot,train,C:\Users\anmol\OneDrive\Desktop\MobileNetV2\GC10-DET_PREPARED\IMAGES\water_spot\water_spot__img_01_425241700_00384.jpg,1
water_spot__img_01_425243600_00329,water_spot,train,C:\Users\anmol\OneDrive\Desktop\MobileNetV2\GC10-DET_PREPARED\IMAGES\water_spot\water_spot__img_01_425243600_00329.jpg,2
water_spot__img_01_425243600_00631,water_spot,train,C:\Users\anmol\OneDrive\Desktop\MobileNetV2\GC10-DET_PREPARED\IMAGES\water_spot\water_spot__img_01_425243600_00631.jpg,2
water_spot__img_01_425243600_00848,water_spot,train,C:\Users\anmol\OneDrive\Desktop\MobileNetV2\GC10-DET_PREPARED\IMAGES\water_spot\water_spot__img_01_425243600_00848.jpg,2
water_spot__img_01_425244100_00682,water_spot,train,C:\Users\anmol\OneDrive\Desktop\MobileNetV2\GC10-DET_PREPARED\IMAGES\water_spot\water_spot__img_01_425244100_00682.jpg,1
water_spot__img_01_425244300_00309,water_spot,train,C:\Users\anmol\OneDrive\Desktop\MobileNetV2\GC10-DET_PREPARED\IMAGES\water_spot\water_spot__img_01_425244300_00309.jpg,1
water_spot__img_01_425244400_00856,water_spot,train,C:\Users\anmol\OneDrive\Desktop\MobileNetV2\GC10-DET_PREPARED\IMAGES\water_spot\water_spot__img_01_425244400_00856.jpg,1
water_spot__img_01_425392100_00662,water_spot,train,C:\Users\anmol\OneDrive\Desktop\MobileNetV2\GC10-DET_PREPARED\IMAGES\water_spot\water_spot__img_01_425392100_00662.jpg,1
water_spot__img_01_425392300_00404,water_spot,train,C:\Users\anmol\OneDrive\Desktop\MobileNetV2\GC10-DET_PREPARED\IMAGES\water_spot\water_spot__img_01_425392300_00404.jpg,1
water_spot__img_01_425392500_00788,water_spot,train,C:\Users\anmol\OneDrive\Desktop\MobileNetV2\GC10-DET_PREPARED\IMAGES\water_spot\water_spot__img_01_425392500_00788.jpg,1
water_spot__img_01_425640000_00309,water_spot,train,C:\Users\anmol\OneDrive\Desktop\MobileNetV2\GC10-DET_PREPARED\IMAGES\water_spot\water_spot__img_01_425640000_00309.jpg,1
water_spot__img_01_4403565100_00009,water_spot,train,C:\Users\anmol\OneDrive\Desktop\MobileNetV2\GC10-DET_PREPARED\IMAGES\water_spot\water_spot__img_01_4403565100_00009.jpg,1
water_spot__img_01_4403565100_00012,water_spot,train,C:\Users\anmol\OneDrive\Desktop\MobileNetV2\GC10-DET_PREPARED\IMAGES\water_spot\water_spot__img_01_4403565100_00012.jpg,1
water_spot__img_01_4403565100_00014,water_spot,train,C:\Users\anmol\OneDrive\Desktop\MobileNetV2\GC10-DET_PREPARED\IMAGES\water_spot\water_spot__img_01_4403565100_00014.jpg,1
water_spot__img_01_4406772100_00602,water_spot,train,C:\Users\anmol\OneDrive\Desktop\MobileNetV2\GC10-DET_PREPARED\IMAGES\water_spot\water_spot__img_01_4406772100_00602.jpg,1
water_spot__img_02_3436813700_00267,water_spot,train,C:\Users\anmol\OneDrive\Desktop\MobileNetV2\GC10-DET_PREPARED\IMAGES\water_spot\water_spot__img_02_3436813700_00267.jpg,1
water_spot__img_02_3436813700_00273,water_spot,train,C:\Users\anmol\OneDrive\Desktop\MobileNetV2\GC10-DET_PREPARED\IMAGES\water_spot\water_spot__img_02_3436813700_00273.jpg,2
water_spot__img_02_3436813700_00274,water_spot,train,C:\Users\anmol\OneDrive\Desktop\MobileNetV2\GC10-DET_PREPARED\IMAGES\water_spot\water_spot__img_02_3436813700_00274.jpg,1
water_spot__img_02_3436813700_00275,water_spot,train,C:\Users\anmol\OneDrive\Desktop\MobileNetV2\GC10-DET_PREPARED\IMAGES\water_spot\water_spot__img_02_3436813700_00275.jpg,1
water_spot__img_02_3436813700_00298,water_spot,train,C:\Users\anmol\OneDrive\Desktop\MobileNetV2\GC10-DET_PREPARED\IMAGES\water_spot\water_spot__img_02_3436813700_00298.jpg,1
water_spot__img_02_3436813700_00301,water_spot,train,C:\Users\anmol\OneDrive\Desktop\MobileNetV2\GC10-DET_PREPARED\IMAGES\water_spot\water_spot__img_02_3436813700_00301.jpg,1
water_spot__img_02_3436813700_00302,water_spot,train,C:\Users\anmol\OneDrive\Desktop\MobileNetV2\GC10-DET_PREPARED\IMAGES\water_spot\water_spot__img_02_3436813700_00302.jpg,1
water_spot__img_02_3436813700_00303,water_spot,train,C:\Users\anmol\OneDrive\Desktop\MobileNetV2\GC10-DET_PREPARED\IMAGES\water_spot\water_spot__img_02_3436813700_00303.jpg,1
water_spot__img_02_3436813700_00306,water_spot,train,C:\Users\anmol\OneDrive\Desktop\MobileNetV2\GC10-DET_PREPARED\IMAGES\water_spot\water_spot__img_02_3436813700_00306.jpg,2
water_spot__img_02_3436813700_00307,water_spot,train,C:\Users\anmol\OneDrive\Desktop\MobileNetV2\GC10-DET_PREPARED\IMAGES\water_spot\water_spot__img_02_3436813700_00307.jpg,1
water_spot__img_02_3436813700_00309,water_spot,train,C:\Users\anmol\OneDrive\Desktop\MobileNetV2\GC10-DET_PREPARED\IMAGES\water_spot\water_spot__img_02_3436813700_00309.jpg,1
water_spot__img_02_3436813700_00321,water_spot,train,C:\Users\anmol\OneDrive\Desktop\MobileNetV2\GC10-DET_PREPARED\IMAGES\water_spot\water_spot__img_02_3436813700_00321.jpg,1
water_spot__img_02_3436813700_00322,water_spot,train,C:\Users\anmol\OneDrive\Desktop\MobileNetV2\GC10-DET_PREPARED\IMAGES\water_spot\water_spot__img_02_3436813700_00322.jpg,1
water_spot__img_02_3436813700_00326,water_spot,train,C:\Users\anmol\OneDrive\Desktop\MobileNetV2\GC10-DET_PREPARED\IMAGES\water_spot\water_spot__img_02_3436813700_00326.jpg,1
water_spot__img_02_3436813700_00329,water_spot,train,C:\Users\anmol\OneDrive\Desktop\MobileNetV2\GC10-DET_PREPARED\IMAGES\water_spot\water_spot__img_02_3436813700_00329.jpg,1
water_spot__img_02_3436813700_00773,water_spot,train,C:\Users\anmol\OneDrive\Desktop\MobileNetV2\GC10-DET_PREPARED\IMAGES\water_spot\water_spot__img_02_3436813700_00773.jpg,1
water_spot__img_02_3436813700_00798,water_spot,train,C:\Users\anmol\OneDrive\Desktop\MobileNetV2\GC10-DET_PREPARED\IMAGES\water_spot\water_spot__img_02_3436813700_00798.jpg,1
water_spot__img_02_424714400_00010,water_spot,train,C:\Users\anmol\OneDrive\Desktop\MobileNetV2\GC10-DET_PREPARED\IMAGES\water_spot\water_spot__img_02_424714400_00010.jpg,1
water_spot__img_02_424799200_00450,water_spot,train,C:\Users\anmol\OneDrive\Desktop\MobileNetV2\GC10-DET_PREPARED\IMAGES\water_spot\water_spot__img_02_424799200_00450.jpg,1
water_spot__img_02_424799300_00040,water_spot,train,C:\Users\anmol\OneDrive\Desktop\MobileNetV2\GC10-DET_PREPARED\IMAGES\water_spot\water_spot__img_02_424799300_00040.jpg,1
water_spot__img_02_424799300_00146,water_spot,train,C:\Users\anmol\OneDrive\Desktop\MobileNetV2\GC10-DET_PREPARED\IMAGES\water_spot\water_spot__img_02_424799300_00146.jpg,1
water_spot__img_02_425237600_00302,water_spot,train,C:\Users\anmol\OneDrive\Desktop\MobileNetV2\GC10-DET_PREPARED\IMAGES\water_spot\water_spot__img_02_425237600_00302.jpg,1
water_spot__img_02_425391800_00025,water_spot,train,C:\Users\anmol\OneDrive\Desktop\MobileNetV2\GC10-DET_PREPARED\IMAGES\water_spot\water_spot__img_02_425391800_00025.jpg,1
water_spot__img_02_425644200_00602,water_spot,train,C:\Users\anmol\OneDrive\Desktop\MobileNetV2\GC10-DET_PREPARED\IMAGES\water_spot\water_spot__img_02_425644200_00602.jpg,1
water_spot__img_02_425646200_00628,water_spot,train,C:\Users\anmol\OneDrive\Desktop\MobileNetV2\GC10-DET_PREPARED\IMAGES\water_spot\water_spot__img_02_425646200_00628.jpg,1
water_spot__img_02_436149500_00369,water_spot,train,C:\Users\anmol\OneDrive\Desktop\MobileNetV2\GC10-DET_PREPARED\IMAGES\water_spot\water_spot__img_02_436149500_00369.jpg,1
water_spot__img_02_436164300_00844,water_spot,train,C:\Users\anmol\OneDrive\Desktop\MobileNetV2\GC10-DET_PREPARED\IMAGES\water_spot\water_spot__img_02_436164300_00844.jpg,1
water_spot__img_02_4402766800_00635,water_spot,train,C:\Users\anmol\OneDrive\Desktop\MobileNetV2\GC10-DET_PREPARED\IMAGES\water_spot\water_spot__img_02_4402766800_00635.jpg,1
water_spot__img_02_4403465900_00026,water_spot,train,C:\Users\anmol\OneDrive\Desktop\MobileNetV2\GC10-DET_PREPARED\IMAGES\water_spot\water_spot__img_02_4403465900_00026.jpg,1
water_spot__img_02_4403465900_00045,water_spot,train,C:\Users\anmol\OneDrive\Desktop\MobileNetV2\GC10-DET_PREPARED\IMAGES\water_spot\water_spot__img_02_4403465900_00045.jpg,1
water_spot__img_02_4403466000_00011,water_spot,train,C:\Users\anmol\OneDrive\Desktop\MobileNetV2\GC10-DET_PREPARED\IMAGES\water_spot\water_spot__img_02_4403466000_00011.jpg,1
water_spot__img_02_4403466100_00004,water_spot,train,C:\Users\anmol\OneDrive\Desktop\MobileNetV2\GC10-DET_PREPARED\IMAGES\water_spot\water_spot__img_02_4403466100_00004.jpg,1
water_spot__img_02_4403466100_00005,water_spot,train,C:\Users\anmol\OneDrive\Desktop\MobileNetV2\GC10-DET_PREPARED\IMAGES\water_spot\water_spot__img_02_4403466100_00005.jpg,1
water_spot__img_02_4403466100_00011,water_spot,train,C:\Users\anmol\OneDrive\Desktop\MobileNetV2\GC10-DET_PREPARED\IMAGES\water_spot\water_spot__img_02_4403466100_00011.jpg,1
water_spot__img_02_4403466100_00013,water_spot,train,C:\Users\anmol\OneDrive\Desktop\MobileNetV2\GC10-DET_PREPARED\IMAGES\water_spot\water_spot__img_02_4403466100_00013.jpg,1
water_spot__img_02_4403466200_00006,water_spot,train,C:\Users\anmol\OneDrive\Desktop\MobileNetV2\GC10-DET_PREPARED\IMAGES\water_spot\water_spot__img_02_4403466200_00006.jpg,2
water_spot__img_02_4403466500_00008,water_spot,train,C:\Users\anmol\OneDrive\Desktop\MobileNetV2\GC10-DET_PREPARED\IMAGES\water_spot\water_spot__img_02_4403466500_00008.jpg,1
water_spot__img_02_4403466500_00010,water_spot,train,C:\Users\anmol\OneDrive\Desktop\MobileNetV2\GC10-DET_PREPARED\IMAGES\water_spot\water_spot__img_02_4403466500_00010.jpg,1
water_spot__img_02_4403466500_00019,water_spot,train,C:\Users\anmol\OneDrive\Desktop\MobileNetV2\GC10-DET_PREPARED\IMAGES\water_spot\water_spot__img_02_4403466500_00019.jpg,1
water_spot__img_02_4403466500_00023,water_spot,train,C:\Users\anmol\OneDrive\Desktop\MobileNetV2\GC10-DET_PREPARED\IMAGES\water_spot\water_spot__img_02_4403466500_00023.jpg,1
water_spot__img_02_4403466600_00003,water_spot,train,C:\Users\anmol\OneDrive\Desktop\MobileNetV2\GC10-DET_PREPARED\IMAGES\water_spot\water_spot__img_02_4403466600_00003.jpg,1
water_spot__img_02_4403466600_00014,water_spot,train,C:\Users\anmol\OneDrive\Desktop\MobileNetV2\GC10-DET_PREPARED\IMAGES\water_spot\water_spot__img_02_4403466600_00014.jpg,1
water_spot__img_02_4403466700_00010,water_spot,train,C:\Users\anmol\OneDrive\Desktop\MobileNetV2\GC10-DET_PREPARED\IMAGES\water_spot\water_spot__img_02_4403466700_00010.jpg,2
water_spot__img_02_4403466700_00014,water_spot,train,C:\Users\anmol\OneDrive\Desktop\MobileNetV2\GC10-DET_PREPARED\IMAGES\water_spot\water_spot__img_02_4403466700_00014.jpg,1
water_spot__img_02_4403466900_00011,water_spot,train,C:\Users\anmol\OneDrive\Desktop\MobileNetV2\GC10-DET_PREPARED\IMAGES\water_spot\water_spot__img_02_4403466900_00011.jpg,2
water_spot__img_02_4404580000_00041,water_spot,train,C:\Users\anmol\OneDrive\Desktop\MobileNetV2\GC10-DET_PREPARED\IMAGES\water_spot\water_spot__img_02_4404580000_00041.jpg,1
water_spot__img_02_4405230800_01128,water_spot,train,C:\Users\anmol\OneDrive\Desktop\MobileNetV2\GC10-DET_PREPARED\IMAGES\water_spot\water_spot__img_02_4405230800_01128.jpg,10
water_spot__img_02_4405230800_01134,water_spot,train,C:\Users\anmol\OneDrive\Desktop\MobileNetV2\GC10-DET_PREPARED\IMAGES\water_spot\water_spot__img_02_4405230800_01134.jpg,2
water_spot__img_02_4406772100_00003,water_spot,train,C:\Users\anmol\OneDrive\Desktop\MobileNetV2\GC10-DET_PREPARED\IMAGES\water_spot\water_spot__img_02_4406772100_00003.jpg,1
water_spot__img_02_4406772100_00193,water_spot,train,C:\Users\anmol\OneDrive\Desktop\MobileNetV2\GC10-DET_PREPARED\IMAGES\water_spot\water_spot__img_02_4406772100_00193.jpg,1
water_spot__img_02_4406772100_00275,water_spot,train,C:\Users\anmol\OneDrive\Desktop\MobileNetV2\GC10-DET_PREPARED\IMAGES\water_spot\water_spot__img_02_4406772100_00275.jpg,1
water_spot__img_02_4406772100_00305,water_spot,train,C:\Users\anmol\OneDrive\Desktop\MobileNetV2\GC10-DET_PREPARED\IMAGES\water_spot\water_spot__img_02_4406772100_00305.jpg,1
water_spot__img_02_4406772100_00371,water_spot,train,C:\Users\anmol\OneDrive\Desktop\MobileNetV2\GC10-DET_PREPARED\IMAGES\water_spot\water_spot__img_02_4406772100_00371.jpg,1
water_spot__img_02_4406772100_00404,water_spot,train,C:\Users\anmol\OneDrive\Desktop\MobileNetV2\GC10-DET_PREPARED\IMAGES\water_spot\water_spot__img_02_4406772100_00404.jpg,1
water_spot__img_02_4406772100_00443,water_spot,train,C:\Users\anmol\OneDrive\Desktop\MobileNetV2\GC10-DET_PREPARED\IMAGES\water_spot\water_spot__img_02_4406772100_00443.jpg,1
water_spot__img_02_4406772100_00500,water_spot,train,C:\Users\anmol\OneDrive\Desktop\MobileNetV2\GC10-DET_PREPARED\IMAGES\water_spot\water_spot__img_02_4406772100_00500.jpg,1
water_spot__img_02_4406772100_00531,water_spot,train,C:\Users\anmol\OneDrive\Desktop\MobileNetV2\GC10-DET_PREPARED\IMAGES\water_spot\water_spot__img_02_4406772100_00531.jpg,1
water_spot__img_02_4406772100_00672,water_spot,train,C:\Users\anmol\OneDrive\Desktop\MobileNetV2\GC10-DET_PREPARED\IMAGES\water_spot\water_spot__img_02_4406772100_00672.jpg,2
water_spot__img_02_4406772100_00673,water_spot,train,C:\Users\anmol\OneDrive\Desktop\MobileNetV2\GC10-DET_PREPARED\IMAGES\water_spot\water_spot__img_02_4406772100_00673.jpg,3
water_spot__img_02_4406772100_00758,water_spot,train,C:\Users\anmol\OneDrive\Desktop\MobileNetV2\GC10-DET_PREPARED\IMAGES\water_spot\water_spot__img_02_4406772100_00758.jpg,1
water_spot__img_02_4406772100_01092,water_spot,train,C:\Users\anmol\OneDrive\Desktop\MobileNetV2\GC10-DET_PREPARED\IMAGES\water_spot\water_spot__img_02_4406772100_01092.jpg,1
water_spot__img_02_4406772100_01181,water_spot,train,C:\Users\anmol\OneDrive\Desktop\MobileNetV2\GC10-DET_PREPARED\IMAGES\water_spot\water_spot__img_02_4406772100_01181.jpg,1
water_spot__img_02_SIS001540_00034,water_spot,train,C:\Users\anmol\OneDrive\Desktop\MobileNetV2\GC10-DET_PREPARED\IMAGES\water_spot\water_spot__img_02_SIS001540_00034.jpg,2
water_spot__img_02_SIS001540_00088,water_spot,train,C:\Users\anmol\OneDrive\Desktop\MobileNetV2\GC10-DET_PREPARED\IMAGES\water_spot\water_spot__img_02_SIS001540_00088.jpg,3
water_spot__img_02_SIS001540_00105,water_spot,train,C:\Users\anmol\OneDrive\Desktop\MobileNetV2\GC10-DET_PREPARED\IMAGES\water_spot\water_spot__img_02_SIS001540_00105.jpg,4
water_spot__img_03_3402617700_00768,water_spot,train,C:\Users\anmol\OneDrive\Desktop\MobileNetV2\GC10-DET_PREPARED\IMAGES\water_spot\water_spot__img_03_3402617700_00768.jpg,1
water_spot__img_03_3402617800_00047,water_spot,train,C:\Users\anmol\OneDrive\Desktop\MobileNetV2\GC10-DET_PREPARED\IMAGES\water_spot\water_spot__img_03_3402617800_00047.jpg,1
water_spot__img_03_3402618000_00035,water_spot,train,C:\Users\anmol\OneDrive\Desktop\MobileNetV2\GC10-DET_PREPARED\IMAGES\water_spot\water_spot__img_03_3402618000_00035.jpg,1
water_spot__img_03_424714400_00306,water_spot,train,C:\Users\anmol\OneDrive\Desktop\MobileNetV2\GC10-DET_PREPARED\IMAGES\water_spot\water_spot__img_03_424714400_00306.jpg,1
water_spot__img_03_424798500_00466,water_spot,train,C:\Users\anmol\OneDrive\Desktop\MobileNetV2\GC10-DET_PREPARED\IMAGES\water_spot\water_spot__img_03_424798500_00466.jpg,1
water_spot__img_03_424798500_00467,water_spot,train,C:\Users\anmol\OneDrive\Desktop\MobileNetV2\GC10-DET_PREPARED\IMAGES\water_spot\water_spot__img_03_424798500_00467.jpg,1
water_spot__img_03_424799200_00260,water_spot,train,C:\Users\anmol\OneDrive\Desktop\MobileNetV2\GC10-DET_PREPARED\IMAGES\water_spot\water_spot__img_03_424799200_00260.jpg,1
water_spot__img_03_424825900_00211,water_spot,train,C:\Users\anmol\OneDrive\Desktop\MobileNetV2\GC10-DET_PREPARED\IMAGES\water_spot\water_spot__img_03_424825900_00211.jpg,1
water_spot__img_03_424826100_00528,water_spot,train,C:\Users\anmol\OneDrive\Desktop\MobileNetV2\GC10-DET_PREPARED\IMAGES\water_spot\water_spot__img_03_424826100_00528.jpg,1
water_spot__img_03_424826800_00073,water_spot,train,C:\Users\anmol\OneDrive\Desktop\MobileNetV2\GC10-DET_PREPARED\IMAGES\water_spot\water_spot__img_03_424826800_00073.jpg,1
water_spot__img_03_424826800_00361,water_spot,train,C:\Users\anmol\OneDrive\Desktop\MobileNetV2\GC10-DET_PREPARED\IMAGES\water_spot\water_spot__img_03_424826800_00361.jpg,1
water_spot__img_03_424826800_00420,water_spot,train,C:\Users\anmol\OneDrive\Desktop\MobileNetV2\GC10-DET_PREPARED\IMAGES\water_spot\water_spot__img_03_424826800_00420.jpg,1
water_spot__img_03_424992300_00216,water_spot,train,C:\Users\anmol\OneDrive\Desktop\MobileNetV2\GC10-DET_PREPARED\IMAGES\water_spot\water_spot__img_03_424992300_00216.jpg,1
water_spot__img_03_424992300_00223,water_spot,train,C:\Users\anmol\OneDrive\Desktop\MobileNetV2\GC10-DET_PREPARED\IMAGES\water_spot\water_spot__img_03_424992300_00223.jpg,1
water_spot__img_03_424992300_00228,water_spot,train,C:\Users\anmol\OneDrive\Desktop\MobileNetV2\GC10-DET_PREPARED\IMAGES\water_spot\water_spot__img_03_424992300_00228.jpg,1
water_spot__img_03_424992300_00279,water_spot,train,C:\Users\anmol\OneDrive\Desktop\MobileNetV2\GC10-DET_PREPARED\IMAGES\water_spot\water_spot__img_03_424992300_00279.jpg,1
water_spot__img_03_424992300_00428,water_spot,train,C:\Users\anmol\OneDrive\Desktop\MobileNetV2\GC10-DET_PREPARED\IMAGES\water_spot\water_spot__img_03_424992300_00428.jpg,2
water_spot__img_03_424992300_00514,water_spot,train,C:\Users\anmol\OneDrive\Desktop\MobileNetV2\GC10-DET_PREPARED\IMAGES\water_spot\water_spot__img_03_424992300_00514.jpg,2
water_spot__img_03_424992300_00520,water_spot,train,C:\Users\anmol\OneDrive\Desktop\MobileNetV2\GC10-DET_PREPARED\IMAGES\water_spot\water_spot__img_03_424992300_00520.jpg,2
water_spot__img_03_424992500_00103,water_spot,train,C:\Users\anmol\OneDrive\Desktop\MobileNetV2\GC10-DET_PREPARED\IMAGES\water_spot\water_spot__img_03_424992500_00103.jpg,2
water_spot__img_03_424992500_00388,water_spot,train,C:\Users\anmol\OneDrive\Desktop\MobileNetV2\GC10-DET_PREPARED\IMAGES\water_spot\water_spot__img_03_424992500_00388.jpg,1
water_spot__img_03_424992500_00482,water_spot,train,C:\Users\anmol\OneDrive\Desktop\MobileNetV2\GC10-DET_PREPARED\IMAGES\water_spot\water_spot__img_03_424992500_00482.jpg,1
water_spot__img_03_424992500_00514,water_spot,train,C:\Users\anmol\OneDrive\Desktop\MobileNetV2\GC10-DET_PREPARED\IMAGES\water_spot\water_spot__img_03_424992500_00514.jpg,2
water_spot__img_03_424992500_00525,water_spot,train,C:\Users\anmol\OneDrive\Desktop\MobileNetV2\GC10-DET_PREPARED\IMAGES\water_spot\water_spot__img_03_424992500_00525.jpg,2
water_spot__img_03_424992500_00609,water_spot,train,C:\Users\anmol\OneDrive\Desktop\MobileNetV2\GC10-DET_PREPARED\IMAGES\water_spot\water_spot__img_03_424992500_00609.jpg,2
water_spot__img_03_424992500_00674,water_spot,train,C:\Users\anmol\OneDrive\Desktop\MobileNetV2\GC10-DET_PREPARED\IMAGES\water_spot\water_spot__img_03_424992500_00674.jpg,1
water_spot__img_03_424992500_01025,water_spot,train,C:\Users\anmol\OneDrive\Desktop\MobileNetV2\GC10-DET_PREPARED\IMAGES\water_spot\water_spot__img_03_424992500_01025.jpg,1
water_spot__img_03_424992500_01040,water_spot,train,C:\Users\anmol\OneDrive\Desktop\MobileNetV2\GC10-DET_PREPARED\IMAGES\water_spot\water_spot__img_03_424992500_01040.jpg,1
water_spot__img_03_424992500_01054,water_spot,train,C:\Users\anmol\OneDrive\Desktop\MobileNetV2\GC10-DET_PREPARED\IMAGES\water_spot\water_spot__img_03_424992500_01054.jpg,1
water_spot__img_03_424992500_01056,water_spot,train,C:\Users\anmol\OneDrive\Desktop\MobileNetV2\GC10-DET_PREPARED\IMAGES\water_spot\water_spot__img_03_424992500_01056.jpg,1
water_spot__img_03_424992500_01064,water_spot,train,C:\Users\anmol\OneDrive\Desktop\MobileNetV2\GC10-DET_PREPARED\IMAGES\water_spot\water_spot__img_03_424992500_01064.jpg,1
water_spot__img_03_424992500_01073,water_spot,train,C:\Users\anmol\OneDrive\Desktop\MobileNetV2\GC10-DET_PREPARED\IMAGES\water_spot\water_spot__img_03_424992500_01073.jpg,1
water_spot__img_03_425003700_00402,water_spot,train,C:\Users\anmol\OneDrive\Desktop\MobileNetV2\GC10-DET_PREPARED\IMAGES\water_spot\water_spot__img_03_425003700_00402.jpg,1
water_spot__img_03_425234000_00057,water_spot,train,C:\Users\anmol\OneDrive\Desktop\MobileNetV2\GC10-DET_PREPARED\IMAGES\water_spot\water_spot__img_03_425234000_00057.jpg,1
water_spot__img_03_425505000_00110,water_spot,train,C:\Users\anmol\OneDrive\Desktop\MobileNetV2\GC10-DET_PREPARED\IMAGES\water_spot\water_spot__img_03_425505000_00110.jpg,1
water_spot__img_03_425505400_00075,water_spot,train,C:\Users\anmol\OneDrive\Desktop\MobileNetV2\GC10-DET_PREPARED\IMAGES\water_spot\water_spot__img_03_425505400_00075.jpg,1
water_spot__img_03_425505500_00298,water_spot,train,C:\Users\anmol\OneDrive\Desktop\MobileNetV2\GC10-DET_PREPARED\IMAGES\water_spot\water_spot__img_03_425505500_00298.jpg,1
water_spot__img_03_436156500_01005,water_spot,train,C:\Users\anmol\OneDrive\Desktop\MobileNetV2\GC10-DET_PREPARED\IMAGES\water_spot\water_spot__img_03_436156500_01005.jpg,2
water_spot__img_03_436164500_00818,water_spot,train,C:\Users\anmol\OneDrive\Desktop\MobileNetV2\GC10-DET_PREPARED\IMAGES\water_spot\water_spot__img_03_436164500_00818.jpg,1
water_spot__img_03_436164700_00257,water_spot,train,C:\Users\anmol\OneDrive\Desktop\MobileNetV2\GC10-DET_PREPARED\IMAGES\water_spot\water_spot__img_03_436164700_00257.jpg,1
water_spot__img_03_4402541500_01471,water_spot,train,C:\Users\anmol\OneDrive\Desktop\MobileNetV2\GC10-DET_PREPARED\IMAGES\water_spot\water_spot__img_03_4402541500_01471.jpg,1
water_spot__img_03_4402766800_00010,water_spot,train,C:\Users\anmol\OneDrive\Desktop\MobileNetV2\GC10-DET_PREPARED\IMAGES\water_spot\water_spot__img_03_4402766800_00010.jpg,1
water_spot__img_03_4403466500_00029,water_spot,train,C:\Users\anmol\OneDrive\Desktop\MobileNetV2\GC10-DET_PREPARED\IMAGES\water_spot\water_spot__img_03_4403466500_00029.jpg,2
water_spot__img_03_4403466600_00018,water_spot,train,C:\Users\anmol\OneDrive\Desktop\MobileNetV2\GC10-DET_PREPARED\IMAGES\water_spot\water_spot__img_03_4403466600_00018.jpg,2
water_spot__img_03_4405000700_00831,water_spot,train,C:\Users\anmol\OneDrive\Desktop\MobileNetV2\GC10-DET_PREPARED\IMAGES\water_spot\water_spot__img_03_4405000700_00831.jpg,1
water_spot__img_03_SIS001540_00771,water_spot,train,C:\Users\anmol\OneDrive\Desktop\MobileNetV2\GC10-DET_PREPARED\IMAGES\water_spot\water_spot__img_03_SIS001540_00771.jpg,1
water_spot__img_03_SIS001540_00773,water_spot,train,C:\Users\anmol\OneDrive\Desktop\MobileNetV2\GC10-DET_PREPARED\IMAGES\water_spot\water_spot__img_03_SIS001540_00773.jpg,1
water_spot__img_03_SIS001540_00775,water_spot,train,C:\Users\anmol\OneDrive\Desktop\MobileNetV2\GC10-DET_PREPARED\IMAGES\water_spot\water_spot__img_03_SIS001540_00775.jpg,1
water_spot__img_03_SIS001540_00776,water_spot,train,C:\Users\anmol\OneDrive\Desktop\MobileNetV2\GC10-DET_PREPARED\IMAGES\water_spot\water_spot__img_03_SIS001540_00776.jpg,1
water_spot__img_03_SIS001540_00778,water_spot,train,C:\Users\anmol\OneDrive\Desktop\MobileNetV2\GC10-DET_PREPARED\IMAGES\water_spot\water_spot__img_03_SIS001540_00778.jpg,1
water_spot__img_03_SIS001540_00782,water_spot,train,C:\Users\anmol\OneDrive\Desktop\MobileNetV2\GC10-DET_PREPARED\IMAGES\water_spot\water_spot__img_03_SIS001540_00782.jpg,1
water_spot__img_03_SIS001540_00785,water_spot,train,C:\Users\anmol\OneDrive\Desktop\MobileNetV2\GC10-DET_PREPARED\IMAGES\water_spot\water_spot__img_03_SIS001540_00785.jpg,1
water_spot__img_03_SIS001540_00786,water_spot,train,C:\Users\anmol\OneDrive\Desktop\MobileNetV2\GC10-DET_PREPARED\IMAGES\water_spot\water_spot__img_03_SIS001540_00786.jpg,1
water_spot__img_03_SIS001540_00789,water_spot,train,C:\Users\anmol\OneDrive\Desktop\MobileNetV2\GC10-DET_PREPARED\IMAGES\water_spot\water_spot__img_03_SIS001540_00789.jpg,1
water_spot__img_03_SIS001540_00792,water_spot,train,C:\Users\anmol\OneDrive\Desktop\MobileNetV2\GC10-DET_PREPARED\IMAGES\water_spot\water_spot__img_03_SIS001540_00792.jpg,1
water_spot__img_03_SIS001540_00794,water_spot,train,C:\Users\anmol\OneDrive\Desktop\MobileNetV2\GC10-DET_PREPARED\IMAGES\water_spot\water_spot__img_03_SIS001540_00794.jpg,1
water_spot__img_03_SIS001540_00798,water_spot,train,C:\Users\anmol\OneDrive\Desktop\MobileNetV2\GC10-DET_PREPARED\IMAGES\water_spot\water_spot__img_03_SIS001540_00798.jpg,1
water_spot__img_03_SIS001540_00801,water_spot,train,C:\Users\anmol\OneDrive\Desktop\MobileNetV2\GC10-DET_PREPARED\IMAGES\water_spot\water_spot__img_03_SIS001540_00801.jpg,1
water_spot__img_03_SIS001540_00805,water_spot,train,C:\Users\anmol\OneDrive\Desktop\MobileNetV2\GC10-DET_PREPARED\IMAGES\water_spot\water_spot__img_03_SIS001540_00805.jpg,1
water_spot__img_03_SIS001540_00809,water_spot,train,C:\Users\anmol\OneDrive\Desktop\MobileNetV2\GC10-DET_PREPARED\IMAGES\water_spot\water_spot__img_03_SIS001540_00809.jpg,1
water_spot__img_03_SIS001540_00810,water_spot,train,C:\Users\anmol\OneDrive\Desktop\MobileNetV2\GC10-DET_PREPARED\IMAGES\water_spot\water_spot__img_03_SIS001540_00810.jpg,1
water_spot__img_04_424798500_00304,water_spot,train,C:\Users\anmol\OneDrive\Desktop\MobileNetV2\GC10-DET_PREPARED\IMAGES\water_spot\water_spot__img_04_424798500_00304.jpg,1
water_spot__img_04_424826100_00528,water_spot,train,C:\Users\anmol\OneDrive\Desktop\MobileNetV2\GC10-DET_PREPARED\IMAGES\water_spot\water_spot__img_04_424826100_00528.jpg,1
water_spot__img_04_425237600_00408,water_spot,train,C:\Users\anmol\OneDrive\Desktop\MobileNetV2\GC10-DET_PREPARED\IMAGES\water_spot\water_spot__img_04_425237600_00408.jpg,1
water_spot__img_04_425242900_00141,water_spot,train,C:\Users\anmol\OneDrive\Desktop\MobileNetV2\GC10-DET_PREPARED\IMAGES\water_spot\water_spot__img_04_425242900_00141.jpg,2
water_spot__img_04_425613500_00311,water_spot,train,C:\Users\anmol\OneDrive\Desktop\MobileNetV2\GC10-DET_PREPARED\IMAGES\water_spot\water_spot__img_04_425613500_00311.jpg,1
water_spot__img_04_425613700_00585,water_spot,train,C:\Users\anmol\OneDrive\Desktop\MobileNetV2\GC10-DET_PREPARED\IMAGES\water_spot\water_spot__img_04_425613700_00585.jpg,1
water_spot__img_04_4405001100_00859,water_spot,train,C:\Users\anmol\OneDrive\Desktop\MobileNetV2\GC10-DET_PREPARED\IMAGES\water_spot\water_spot__img_04_4405001100_00859.jpg,1
water_spot__img_05_4402766800_00515,water_spot,train,C:\Users\anmol\OneDrive\Desktop\MobileNetV2\GC10-DET_PREPARED\IMAGES\water_spot\water_spot__img_05_4402766800_00515.jpg,1
water_spot__img_06_424799200_00013,water_spot,train,C:\Users\anmol\OneDrive\Desktop\MobileNetV2\GC10-DET_PREPARED\IMAGES\water_spot\water_spot__img_06_424799200_00013.jpg,1
water_spot__img_07_425503000_00061,water_spot,train,C:\Users\anmol\OneDrive\Desktop\MobileNetV2\GC10-DET_PREPARED\IMAGES\water_spot\water_spot__img_07_425503000_00061.jpg,1
water_spot__img_07_425508300_00927,water_spot,train,C:\Users\anmol\OneDrive\Desktop\MobileNetV2\GC10-DET_PREPARED\IMAGES\water_spot\water_spot__img_07_425508300_00927.jpg,1
water_spot__img_07_4403743900_00001,water_spot,train,C:\Users\anmol\OneDrive\Desktop\MobileNetV2\GC10-DET_PREPARED\IMAGES\water_spot\water_spot__img_07_4403743900_00001.jpg,1
water_spot__img_08_4403744200_01172,water_spot,train,C:\Users\anmol\OneDrive\Desktop\MobileNetV2\GC10-DET_PREPARED\IMAGES\water_spot\water_spot__img_08_4403744200_01172.jpg,1
water_spot__img_08_4403744200_01180,water_spot,train,C:\Users\anmol\OneDrive\Desktop\MobileNetV2\GC10-DET_PREPARED\IMAGES\water_spot\water_spot__img_08_4403744200_01180.jpg,1
water_spot__img_08_4403744200_01181,water_spot,train,C:\Users\anmol\OneDrive\Desktop\MobileNetV2\GC10-DET_PREPARED\IMAGES\water_spot\water_spot__img_08_4403744200_01181.jpg,1
welding_line__img_01_425382400_00001,welding_line,train,C:\Users\anmol\OneDrive\Desktop\MobileNetV2\GC10-DET_PREPARED\IMAGES\welding_line\welding_line__img_01_425382400_00001.jpg,2
welding_line__img_01_425391600_00018,welding_line,train,C:\Users\anmol\OneDrive\Desktop\MobileNetV2\GC10-DET_PREPARED\IMAGES\welding_line\welding_line__img_01_425391600_00018.jpg,2
welding_line__img_01_425391800_00018,welding_line,train,C:\Users\anmol\OneDrive\Desktop\MobileNetV2\GC10-DET_PREPARED\IMAGES\welding_line\welding_line__img_01_425391800_00018.jpg,2
welding_line__img_01_425502100_00017,welding_line,train,C:\Users\anmol\OneDrive\Desktop\MobileNetV2\GC10-DET_PREPARED\IMAGES\welding_line\welding_line__img_01_425502100_00017.jpg,2
welding_line__img_01_425505100_00018,welding_line,train,C:\Users\anmol\OneDrive\Desktop\MobileNetV2\GC10-DET_PREPARED\IMAGES\welding_line\welding_line__img_01_425505100_00018.jpg,2
welding_line__img_01_425506400_00018,welding_line,train,C:\Users\anmol\OneDrive\Desktop\MobileNetV2\GC10-DET_PREPARED\IMAGES\welding_line\welding_line__img_01_425506400_00018.jpg,1
welding_line__img_01_425506600_00018,welding_line,train,C:\Users\anmol\OneDrive\Desktop\MobileNetV2\GC10-DET_PREPARED\IMAGES\welding_line\welding_line__img_01_425506600_00018.jpg,1
welding_line__img_01_425506800_00019,welding_line,train,C:\Users\anmol\OneDrive\Desktop\MobileNetV2\GC10-DET_PREPARED\IMAGES\welding_line\welding_line__img_01_425506800_00019.jpg,1
welding_line__img_01_425507000_00018,welding_line,train,C:\Users\anmol\OneDrive\Desktop\MobileNetV2\GC10-DET_PREPARED\IMAGES\welding_line\welding_line__img_01_425507000_00018.jpg,1
welding_line__img_01_425613800_00786,welding_line,train,C:\Users\anmol\OneDrive\Desktop\MobileNetV2\GC10-DET_PREPARED\IMAGES\welding_line\welding_line__img_01_425613800_00786.jpg,1
welding_line__img_01_425638500_00001,welding_line,train,C:\Users\anmol\OneDrive\Desktop\MobileNetV2\GC10-DET_PREPARED\IMAGES\welding_line\welding_line__img_01_425638500_00001.jpg,1
welding_line__img_01_4402541100_00001,welding_line,train,C:\Users\anmol\OneDrive\Desktop\MobileNetV2\GC10-DET_PREPARED\IMAGES\welding_line\welding_line__img_01_4402541100_00001.jpg,2
welding_line__img_01_4402724300_00001,welding_line,train,C:\Users\anmol\OneDrive\Desktop\MobileNetV2\GC10-DET_PREPARED\IMAGES\welding_line\welding_line__img_01_4402724300_00001.jpg,1
welding_line__img_01_4405230600_00994,welding_line,train,C:\Users\anmol\OneDrive\Desktop\MobileNetV2\GC10-DET_PREPARED\IMAGES\welding_line\welding_line__img_01_4405230600_00994.jpg,1
welding_line__img_02_3402576500_00001,welding_line,train,C:\Users\anmol\OneDrive\Desktop\MobileNetV2\GC10-DET_PREPARED\IMAGES\welding_line\welding_line__img_02_3402576500_00001.jpg,3
welding_line__img_02_3402616100_00002,welding_line,train,C:\Users\anmol\OneDrive\Desktop\MobileNetV2\GC10-DET_PREPARED\IMAGES\welding_line\welding_line__img_02_3402616100_00002.jpg,2
welding_line__img_02_3402617500_00787,welding_line,train,C:\Users\anmol\OneDrive\Desktop\MobileNetV2\GC10-DET_PREPARED\IMAGES\welding_line\welding_line__img_02_3402617500_00787.jpg,3
welding_line__img_02_3403404500_01254,welding_line,train,C:\Users\anmol\OneDrive\Desktop\MobileNetV2\GC10-DET_PREPARED\IMAGES\welding_line\welding_line__img_02_3403404500_01254.jpg,2
welding_line__img_02_3403404600_01001,welding_line,train,C:\Users\anmol\OneDrive\Desktop\MobileNetV2\GC10-DET_PREPARED\IMAGES\welding_line\welding_line__img_02_3403404600_01001.jpg,3
welding_line__img_02_3437009400_00001,welding_line,train,C:\Users\anmol\OneDrive\Desktop\MobileNetV2\GC10-DET_PREPARED\IMAGES\welding_line\welding_line__img_02_3437009400_00001.jpg,2
welding_line__img_02_425390000_00017,welding_line,train,C:\Users\anmol\OneDrive\Desktop\MobileNetV2\GC10-DET_PREPARED\IMAGES\welding_line\welding_line__img_02_425390000_00017.jpg,3
welding_line__img_02_425392500_00017,welding_line,train,C:\Users\anmol\OneDrive\Desktop\MobileNetV2\GC10-DET_PREPARED\IMAGES\welding_line\welding_line__img_02_425392500_00017.jpg,2
welding_line__img_02_425501900_00018,welding_line,train,C:\Users\anmol\OneDrive\Desktop\MobileNetV2\GC10-DET_PREPARED\IMAGES\welding_line\welding_line__img_02_425501900_00018.jpg,3
welding_line__img_02_425503500_00017,welding_line,train,C:\Users\anmol\OneDrive\Desktop\MobileNetV2\GC10-DET_PREPARED\IMAGES\welding_line\welding_line__img_02_425503500_00017.jpg,2
welding_line__img_02_425504800_00019,welding_line,train,C:\Users\anmol\OneDrive\Desktop\MobileNetV2\GC10-DET_PREPARED\IMAGES\welding_line\welding_line__img_02_425504800_00019.jpg,1
welding_line__img_02_425505700_00018,welding_line,train,C:\Users\anmol\OneDrive\Desktop\MobileNetV2\GC10-DET_PREPARED\IMAGES\welding_line\welding_line__img_02_425505700_00018.jpg,2
welding_line__img_02_425507000_00018,welding_line,train,C:\Users\anmol\OneDrive\Desktop\MobileNetV2\GC10-DET_PREPARED\IMAGES\welding_line\welding_line__img_02_425507000_00018.jpg,2
welding_line__img_02_425507400_00018,welding_line,train,C:\Users\anmol\OneDrive\Desktop\MobileNetV2\GC10-DET_PREPARED\IMAGES\welding_line\welding_line__img_02_425507400_00018.jpg,2
welding_line__img_02_425613500_00597,welding_line,train,C:\Users\anmol\OneDrive\Desktop\MobileNetV2\GC10-DET_PREPARED\IMAGES\welding_line\welding_line__img_02_425613500_00597.jpg,2
welding_line__img_02_425614400_00001,welding_line,train,C:\Users\anmol\OneDrive\Desktop\MobileNetV2\GC10-DET_PREPARED\IMAGES\welding_line\welding_line__img_02_425614400_00001.jpg,1
welding_line__img_02_425637500_00001,welding_line,train,C:\Users\anmol\OneDrive\Desktop\MobileNetV2\GC10-DET_PREPARED\IMAGES\welding_line\welding_line__img_02_425637500_00001.jpg,1
welding_line__img_02_425638500_00001,welding_line,train,C:\Users\anmol\OneDrive\Desktop\MobileNetV2\GC10-DET_PREPARED\IMAGES\welding_line\welding_line__img_02_425638500_00001.jpg,1
welding_line__img_02_432220200_00001,welding_line,train,C:\Users\anmol\OneDrive\Desktop\MobileNetV2\GC10-DET_PREPARED\IMAGES\welding_line\welding_line__img_02_432220200_00001.jpg,1
welding_line__img_02_436068400_00001,welding_line,train,C:\Users\anmol\OneDrive\Desktop\MobileNetV2\GC10-DET_PREPARED\IMAGES\welding_line\welding_line__img_02_436068400_00001.jpg,4
welding_line__img_02_436150100_00001,welding_line,train,C:\Users\anmol\OneDrive\Desktop\MobileNetV2\GC10-DET_PREPARED\IMAGES\welding_line\welding_line__img_02_436150100_00001.jpg,1
welding_line__img_02_436152900_00001,welding_line,train,C:\Users\anmol\OneDrive\Desktop\MobileNetV2\GC10-DET_PREPARED\IMAGES\welding_line\welding_line__img_02_436152900_00001.jpg,3
welding_line__img_02_436153300_00001,welding_line,train,C:\Users\anmol\OneDrive\Desktop\MobileNetV2\GC10-DET_PREPARED\IMAGES\welding_line\welding_line__img_02_436153300_00001.jpg,3
welding_line__img_02_436153300_01008,welding_line,train,C:\Users\anmol\OneDrive\Desktop\MobileNetV2\GC10-DET_PREPARED\IMAGES\welding_line\welding_line__img_02_436153300_01008.jpg,3
welding_line__img_02_436164000_00006,welding_line,train,C:\Users\anmol\OneDrive\Desktop\MobileNetV2\GC10-DET_PREPARED\IMAGES\welding_line\welding_line__img_02_436164000_00006.jpg,2
welding_line__img_02_436164300_01201,welding_line,train,C:\Users\anmol\OneDrive\Desktop\MobileNetV2\GC10-DET_PREPARED\IMAGES\welding_line\welding_line__img_02_436164300_01201.jpg,1
welding_line__img_02_436185000_00016,welding_line,train,C:\Users\anmol\OneDrive\Desktop\MobileNetV2\GC10-DET_PREPARED\IMAGES\welding_line\welding_line__img_02_436185000_00016.jpg,1
welding_line__img_02_436185500_00005,welding_line,train,C:\Users\anmol\OneDrive\Desktop\MobileNetV2\GC10-DET_PREPARED\IMAGES\welding_line\welding_line__img_02_436185500_00005.jpg,1
welding_line__img_02_436185700_00002,welding_line,train,C:\Users\anmol\OneDrive\Desktop\MobileNetV2\GC10-DET_PREPARED\IMAGES\welding_line\welding_line__img_02_436185700_00002.jpg,2
welding_line__img_02_4402818600_00001,welding_line,train,C:\Users\anmol\OneDrive\Desktop\MobileNetV2\GC10-DET_PREPARED\IMAGES\welding_line\welding_line__img_02_4402818600_00001.jpg,4
welding_line__img_02_4402851700_00985,welding_line,train,C:\Users\anmol\OneDrive\Desktop\MobileNetV2\GC10-DET_PREPARED\IMAGES\welding_line\welding_line__img_02_4402851700_00985.jpg,3
welding_line__img_02_4402852400_00774,welding_line,train,C:\Users\anmol\OneDrive\Desktop\MobileNetV2\GC10-DET_PREPARED\IMAGES\welding_line\welding_line__img_02_4402852400_00774.jpg,3
welding_line__img_02_4403955000_00001,welding_line,train,C:\Users\anmol\OneDrive\Desktop\MobileNetV2\GC10-DET_PREPARED\IMAGES\welding_line\welding_line__img_02_4403955000_00001.jpg,4
welding_line__img_02_4404892700_01142,welding_line,train,C:\Users\anmol\OneDrive\Desktop\MobileNetV2\GC10-DET_PREPARED\IMAGES\welding_line\welding_line__img_02_4404892700_01142.jpg,3
welding_line__img_02_4405356600_00896,welding_line,train,C:\Users\anmol\OneDrive\Desktop\MobileNetV2\GC10-DET_PREPARED\IMAGES\welding_line\welding_line__img_02_4405356600_00896.jpg,3
welding_line__img_02_4405377500_01014,welding_line,train,C:\Users\anmol\OneDrive\Desktop\MobileNetV2\GC10-DET_PREPARED\IMAGES\welding_line\welding_line__img_02_4405377500_01014.jpg,2
welding_line__img_02_4406645900_00002,welding_line,train,C:\Users\anmol\OneDrive\Desktop\MobileNetV2\GC10-DET_PREPARED\IMAGES\welding_line\welding_line__img_02_4406645900_00002.jpg,2
welding_line__img_02_4406743300_00001,welding_line,train,C:\Users\anmol\OneDrive\Desktop\MobileNetV2\GC10-DET_PREPARED\IMAGES\welding_line\welding_line__img_02_4406743300_00001.jpg,3
welding_line__img_02_SIS001533_00008,welding_line,train,C:\Users\anmol\OneDrive\Desktop\MobileNetV2\GC10-DET_PREPARED\IMAGES\welding_line\welding_line__img_02_SIS001533_00008.jpg,1
welding_line__img_02_SIS001574_00003,welding_line,train,C:\Users\anmol\OneDrive\Desktop\MobileNetV2\GC10-DET_PREPARED\IMAGES\welding_line\welding_line__img_02_SIS001574_00003.jpg,1
welding_line__img_02_SIS002356_00001,welding_line,train,C:\Users\anmol\OneDrive\Desktop\MobileNetV2\GC10-DET_PREPARED\IMAGES\welding_line\welding_line__img_02_SIS002356_00001.jpg,1
welding_line__img_03_3402616100_00002,welding_line,train,C:\Users\anmol\OneDrive\Desktop\MobileNetV2\GC10-DET_PREPARED\IMAGES\welding_line\welding_line__img_03_3402616100_00002.jpg,1
welding_line__img_03_3402616900_00001,welding_line,train,C:\Users\anmol\OneDrive\Desktop\MobileNetV2\GC10-DET_PREPARED\IMAGES\welding_line\welding_line__img_03_3402616900_00001.jpg,1
welding_line__img_03_3402617200_00001,welding_line,train,C:\Users\anmol\OneDrive\Desktop\MobileNetV2\GC10-DET_PREPARED\IMAGES\welding_line\welding_line__img_03_3402617200_00001.jpg,1
welding_line__img_03_3402617400_01103,welding_line,train,C:\Users\anmol\OneDrive\Desktop\MobileNetV2\GC10-DET_PREPARED\IMAGES\welding_line\welding_line__img_03_3402617400_01103.jpg,2
welding_line__img_03_3402617500_00787,welding_line,train,C:\Users\anmol\OneDrive\Desktop\MobileNetV2\GC10-DET_PREPARED\IMAGES\welding_line\welding_line__img_03_3402617500_00787.jpg,2
welding_line__img_03_425238500_01207,welding_line,train,C:\Users\anmol\OneDrive\Desktop\MobileNetV2\GC10-DET_PREPARED\IMAGES\welding_line\welding_line__img_03_425238500_01207.jpg,2
welding_line__img_03_425389800_00017,welding_line,train,C:\Users\anmol\OneDrive\Desktop\MobileNetV2\GC10-DET_PREPARED\IMAGES\welding_line\welding_line__img_03_425389800_00017.jpg,2
welding_line__img_03_425391100_00017,welding_line,train,C:\Users\anmol\OneDrive\Desktop\MobileNetV2\GC10-DET_PREPARED\IMAGES\welding_line\welding_line__img_03_425391100_00017.jpg,2
welding_line__img_03_425501100_00018,welding_line,train,C:\Users\anmol\OneDrive\Desktop\MobileNetV2\GC10-DET_PREPARED\IMAGES\welding_line\welding_line__img_03_425501100_00018.jpg,2
welding_line__img_03_425503300_00018,welding_line,train,C:\Users\anmol\OneDrive\Desktop\MobileNetV2\GC10-DET_PREPARED\IMAGES\welding_line\welding_line__img_03_425503300_00018.jpg,1
welding_line__img_03_425505400_00017,welding_line,train,C:\Users\anmol\OneDrive\Desktop\MobileNetV2\GC10-DET_PREPARED\IMAGES\welding_line\welding_line__img_03_425505400_00017.jpg,2
welding_line__img_03_425505700_00018,welding_line,train,C:\Users\anmol\OneDrive\Desktop\MobileNetV2\GC10-DET_PREPARED\IMAGES\welding_line\welding_line__img_03_425505700_00018.jpg,2
welding_line__img_03_425506300_00018,welding_line,train,C:\Users\anmol\OneDrive\Desktop\MobileNetV2\GC10-DET_PREPARED\IMAGES\welding_line\welding_line__img_03_425506300_00018.jpg,2
welding_line__img_03_425507600_00018,welding_line,train,C:\Users\anmol\OneDrive\Desktop\MobileNetV2\GC10-DET_PREPARED\IMAGES\welding_line\welding_line__img_03_425507600_00018.jpg,2
welding_line__img_03_425613500_00597,welding_line,train,C:\Users\anmol\OneDrive\Desktop\MobileNetV2\GC10-DET_PREPARED\IMAGES\welding_line\welding_line__img_03_425613500_00597.jpg,2
welding_line__img_03_425614400_00001,welding_line,train,C:\Users\anmol\OneDrive\Desktop\MobileNetV2\GC10-DET_PREPARED\IMAGES\welding_line\welding_line__img_03_425614400_00001.jpg,2
welding_line__img_03_425614600_00001,welding_line,train,C:\Users\anmol\OneDrive\Desktop\MobileNetV2\GC10-DET_PREPARED\IMAGES\welding_line\welding_line__img_03_425614600_00001.jpg,2
welding_line__img_03_425622400_00001,welding_line,train,C:\Users\anmol\OneDrive\Desktop\MobileNetV2\GC10-DET_PREPARED\IMAGES\welding_line\welding_line__img_03_425622400_00001.jpg,2
welding_line__img_03_436068100_00003,welding_line,train,C:\Users\anmol\OneDrive\Desktop\MobileNetV2\GC10-DET_PREPARED\IMAGES\welding_line\welding_line__img_03_436068100_00003.jpg,2
welding_line__img_03_436153300_01008,welding_line,train,C:\Users\anmol\OneDrive\Desktop\MobileNetV2\GC10-DET_PREPARED\IMAGES\welding_line\welding_line__img_03_436153300_01008.jpg,2
welding_line__img_03_436164700_00001,welding_line,train,C:\Users\anmol\OneDrive\Desktop\MobileNetV2\GC10-DET_PREPARED\IMAGES\welding_line\welding_line__img_03_436164700_00001.jpg,2
welding_line__img_03_436185500_00005,welding_line,train,C:\Users\anmol\OneDrive\Desktop\MobileNetV2\GC10-DET_PREPARED\IMAGES\welding_line\welding_line__img_03_436185500_00005.jpg,1
welding_line__img_03_4404892800_01027,welding_line,train,C:\Users\anmol\OneDrive\Desktop\MobileNetV2\GC10-DET_PREPARED\IMAGES\welding_line\welding_line__img_03_4404892800_01027.jpg,1
welding_line__img_03_4405356500_00897,welding_line,train,C:\Users\anmol\OneDrive\Desktop\MobileNetV2\GC10-DET_PREPARED\IMAGES\welding_line\welding_line__img_03_4405356500_00897.jpg,2
welding_line__img_04_3437009100_00002,welding_line,train,C:\Users\anmol\OneDrive\Desktop\MobileNetV2\GC10-DET_PREPARED\IMAGES\welding_line\welding_line__img_04_3437009100_00002.jpg,1
welding_line__img_04_425382400_00001,welding_line,train,C:\Users\anmol\OneDrive\Desktop\MobileNetV2\GC10-DET_PREPARED\IMAGES\welding_line\welding_line__img_04_425382400_00001.jpg,1
welding_line__img_04_425392200_00018,welding_line,train,C:\Users\anmol\OneDrive\Desktop\MobileNetV2\GC10-DET_PREPARED\IMAGES\welding_line\welding_line__img_04_425392200_00018.jpg,1
welding_line__img_04_425502100_00018,welding_line,train,C:\Users\anmol\OneDrive\Desktop\MobileNetV2\GC10-DET_PREPARED\IMAGES\welding_line\welding_line__img_04_425502100_00018.jpg,1
welding_line__img_04_425503600_00017,welding_line,train,C:\Users\anmol\OneDrive\Desktop\MobileNetV2\GC10-DET_PREPARED\IMAGES\welding_line\welding_line__img_04_425503600_00017.jpg,2
welding_line__img_04_425504800_00018,welding_line,train,C:\Users\anmol\OneDrive\Desktop\MobileNetV2\GC10-DET_PREPARED\IMAGES\welding_line\welding_line__img_04_425504800_00018.jpg,1
welding_line__img_04_425506300_00019,welding_line,train,C:\Users\anmol\OneDrive\Desktop\MobileNetV2\GC10-DET_PREPARED\IMAGES\welding_line\welding_line__img_04_425506300_00019.jpg,1
welding_line__img_04_425508100_00018,welding_line,train,C:\Users\anmol\OneDrive\Desktop\MobileNetV2\GC10-DET_PREPARED\IMAGES\welding_line\welding_line__img_04_425508100_00018.jpg,1
welding_line__img_04_425508400_00018,welding_line,train,C:\Users\anmol\OneDrive\Desktop\MobileNetV2\GC10-DET_PREPARED\IMAGES\welding_line\welding_line__img_04_425508400_00018.jpg,1
welding_line__img_04_425508600_00017,welding_line,train,C:\Users\anmol\OneDrive\Desktop\MobileNetV2\GC10-DET_PREPARED\IMAGES\welding_line\welding_line__img_04_425508600_00017.jpg,1
welding_line__img_04_425614600_00001,welding_line,train,C:\Users\anmol\OneDrive\Desktop\MobileNetV2\GC10-DET_PREPARED\IMAGES\welding_line\welding_line__img_04_425614600_00001.jpg,1
welding_line__img_04_425637500_00653,welding_line,train,C:\Users\anmol\OneDrive\Desktop\MobileNetV2\GC10-DET_PREPARED\IMAGES\welding_line\welding_line__img_04_425637500_00653.jpg,1
welding_line__img_04_432220200_00001,welding_line,train,C:\Users\anmol\OneDrive\Desktop\MobileNetV2\GC10-DET_PREPARED\IMAGES\welding_line\welding_line__img_04_432220200_00001.jpg,1
welding_line__img_04_436068100_00003,welding_line,train,C:\Users\anmol\OneDrive\Desktop\MobileNetV2\GC10-DET_PREPARED\IMAGES\welding_line\welding_line__img_04_436068100_00003.jpg,1
welding_line__img_04_4402117300_00001,welding_line,train,C:\Users\anmol\OneDrive\Desktop\MobileNetV2\GC10-DET_PREPARED\IMAGES\welding_line\welding_line__img_04_4402117300_00001.jpg,1
welding_line__img_04_4402541000_00001,welding_line,train,C:\Users\anmol\OneDrive\Desktop\MobileNetV2\GC10-DET_PREPARED\IMAGES\welding_line\welding_line__img_04_4402541000_00001.jpg,1
welding_line__img_04_4402787600_00001,welding_line,train,C:\Users\anmol\OneDrive\Desktop\MobileNetV2\GC10-DET_PREPARED\IMAGES\welding_line\welding_line__img_04_4402787600_00001.jpg,1
welding_line__img_04_4402818600_00001,welding_line,train,C:\Users\anmol\OneDrive\Desktop\MobileNetV2\GC10-DET_PREPARED\IMAGES\welding_line\welding_line__img_04_4402818600_00001.jpg,1
welding_line__img_04_4402831800_01217,welding_line,train,C:\Users\anmol\OneDrive\Desktop\MobileNetV2\GC10-DET_PREPARED\IMAGES\welding_line\welding_line__img_04_4402831800_01217.jpg,1
welding_line__img_05_3403334500_00811,welding_line,train,C:\Users\anmol\OneDrive\Desktop\MobileNetV2\GC10-DET_PREPARED\IMAGES\welding_line\welding_line__img_05_3403334500_00811.jpg,1
welding_line__img_05_3403334600_00682,welding_line,train,C:\Users\anmol\OneDrive\Desktop\MobileNetV2\GC10-DET_PREPARED\IMAGES\welding_line\welding_line__img_05_3403334600_00682.jpg,1
welding_line__img_05_3403334800_00898,welding_line,train,C:\Users\anmol\OneDrive\Desktop\MobileNetV2\GC10-DET_PREPARED\IMAGES\welding_line\welding_line__img_05_3403334800_00898.jpg,1
welding_line__img_05_3436789300_00961,welding_line,train,C:\Users\anmol\OneDrive\Desktop\MobileNetV2\GC10-DET_PREPARED\IMAGES\welding_line\welding_line__img_05_3436789300_00961.jpg,1
welding_line__img_05_425502100_00053,welding_line,train,C:\Users\anmol\OneDrive\Desktop\MobileNetV2\GC10-DET_PREPARED\IMAGES\welding_line\welding_line__img_05_425502100_00053.jpg,1
welding_line__img_05_425613800_00787,welding_line,train,C:\Users\anmol\OneDrive\Desktop\MobileNetV2\GC10-DET_PREPARED\IMAGES\welding_line\welding_line__img_05_425613800_00787.jpg,1
welding_line__img_05_4402542900_01917,welding_line,train,C:\Users\anmol\OneDrive\Desktop\MobileNetV2\GC10-DET_PREPARED\IMAGES\welding_line\welding_line__img_05_4402542900_01917.jpg,1
welding_line__img_05_4405356600_00896,welding_line,train,C:\Users\anmol\OneDrive\Desktop\MobileNetV2\GC10-DET_PREPARED\IMAGES\welding_line\welding_line__img_05_4405356600_00896.jpg,1
welding_line__img_05_4405356800_00902,welding_line,train,C:\Users\anmol\OneDrive\Desktop\MobileNetV2\GC10-DET_PREPARED\IMAGES\welding_line\welding_line__img_05_4405356800_00902.jpg,1
welding_line__img_05_4406425700_00001,welding_line,train,C:\Users\anmol\OneDrive\Desktop\MobileNetV2\GC10-DET_PREPARED\IMAGES\welding_line\welding_line__img_05_4406425700_00001.jpg,1
welding_line__img_06_3402616100_00001,welding_line,train,C:\Users\anmol\OneDrive\Desktop\MobileNetV2\GC10-DET_PREPARED\IMAGES\welding_line\welding_line__img_06_3402616100_00001.jpg,2
welding_line__img_06_3402617400_01102,welding_line,train,C:\Users\anmol\OneDrive\Desktop\MobileNetV2\GC10-DET_PREPARED\IMAGES\welding_line\welding_line__img_06_3402617400_01102.jpg,2
welding_line__img_06_3403334900_00596,welding_line,train,C:\Users\anmol\OneDrive\Desktop\MobileNetV2\GC10-DET_PREPARED\IMAGES\welding_line\welding_line__img_06_3403334900_00596.jpg,2
welding_line__img_06_3403337800_00766,welding_line,train,C:\Users\anmol\OneDrive\Desktop\MobileNetV2\GC10-DET_PREPARED\IMAGES\welding_line\welding_line__img_06_3403337800_00766.jpg,1
welding_line__img_06_3403338100_00785,welding_line,train,C:\Users\anmol\OneDrive\Desktop\MobileNetV2\GC10-DET_PREPARED\IMAGES\welding_line\welding_line__img_06_3403338100_00785.jpg,2
welding_line__img_06_3403338800_00691,welding_line,train,C:\Users\anmol\OneDrive\Desktop\MobileNetV2\GC10-DET_PREPARED\IMAGES\welding_line\welding_line__img_06_3403338800_00691.jpg,2
welding_line__img_06_3403403800_00911,welding_line,train,C:\Users\anmol\OneDrive\Desktop\MobileNetV2\GC10-DET_PREPARED\IMAGES\welding_line\welding_line__img_06_3403403800_00911.jpg,1
welding_line__img_06_425382900_00001,welding_line,train,C:\Users\anmol\OneDrive\Desktop\MobileNetV2\GC10-DET_PREPARED\IMAGES\welding_line\welding_line__img_06_425382900_00001.jpg,1
welding_line__img_06_425389800_00053,welding_line,train,C:\Users\anmol\OneDrive\Desktop\MobileNetV2\GC10-DET_PREPARED\IMAGES\welding_line\welding_line__img_06_425389800_00053.jpg,2
welding_line__img_06_425502900_00052,welding_line,train,C:\Users\anmol\OneDrive\Desktop\MobileNetV2\GC10-DET_PREPARED\IMAGES\welding_line\welding_line__img_06_425502900_00052.jpg,2
welding_line__img_06_425503000_00053,welding_line,train,C:\Users\anmol\OneDrive\Desktop\MobileNetV2\GC10-DET_PREPARED\IMAGES\welding_line\welding_line__img_06_425503000_00053.jpg,2
welding_line__img_06_425505500_00052,welding_line,train,C:\Users\anmol\OneDrive\Desktop\MobileNetV2\GC10-DET_PREPARED\IMAGES\welding_line\welding_line__img_06_425505500_00052.jpg,1
welding_line__img_06_425613800_00787,welding_line,train,C:\Users\anmol\OneDrive\Desktop\MobileNetV2\GC10-DET_PREPARED\IMAGES\welding_line\welding_line__img_06_425613800_00787.jpg,2
welding_line__img_06_425614600_00459,welding_line,train,C:\Users\anmol\OneDrive\Desktop\MobileNetV2\GC10-DET_PREPARED\IMAGES\welding_line\welding_line__img_06_425614600_00459.jpg,1
welding_line__img_06_425637500_00652,welding_line,train,C:\Users\anmol\OneDrive\Desktop\MobileNetV2\GC10-DET_PREPARED\IMAGES\welding_line\welding_line__img_06_425637500_00652.jpg,2
welding_line__img_06_425646200_00657,welding_line,train,C:\Users\anmol\OneDrive\Desktop\MobileNetV2\GC10-DET_PREPARED\IMAGES\welding_line\welding_line__img_06_425646200_00657.jpg,2
welding_line__img_06_427199900_00001,welding_line,train,C:\Users\anmol\OneDrive\Desktop\MobileNetV2\GC10-DET_PREPARED\IMAGES\welding_line\welding_line__img_06_427199900_00001.jpg,2
welding_line__img_06_432235600_01054,welding_line,train,C:\Users\anmol\OneDrive\Desktop\MobileNetV2\GC10-DET_PREPARED\IMAGES\welding_line\welding_line__img_06_432235600_01054.jpg,2
welding_line__img_06_436153300_01007,welding_line,train,C:\Users\anmol\OneDrive\Desktop\MobileNetV2\GC10-DET_PREPARED\IMAGES\welding_line\welding_line__img_06_436153300_01007.jpg,2
welding_line__img_06_436164000_00005,welding_line,train,C:\Users\anmol\OneDrive\Desktop\MobileNetV2\GC10-DET_PREPARED\IMAGES\welding_line\welding_line__img_06_436164000_00005.jpg,2
welding_line__img_06_436166500_01098,welding_line,train,C:\Users\anmol\OneDrive\Desktop\MobileNetV2\GC10-DET_PREPARED\IMAGES\welding_line\welding_line__img_06_436166500_01098.jpg,2
welding_line__img_06_4402541100_00001,welding_line,train,C:\Users\anmol\OneDrive\Desktop\MobileNetV2\GC10-DET_PREPARED\IMAGES\welding_line\welding_line__img_06_4402541100_00001.jpg,2
welding_line__img_06_4402787700_01015,welding_line,train,C:\Users\anmol\OneDrive\Desktop\MobileNetV2\GC10-DET_PREPARED\IMAGES\welding_line\welding_line__img_06_4402787700_01015.jpg,2
welding_line__img_06_4402852500_01045,welding_line,train,C:\Users\anmol\OneDrive\Desktop\MobileNetV2\GC10-DET_PREPARED\IMAGES\welding_line\welding_line__img_06_4402852500_01045.jpg,2
welding_line__img_06_4403068300_01280,welding_line,train,C:\Users\anmol\OneDrive\Desktop\MobileNetV2\GC10-DET_PREPARED\IMAGES\welding_line\welding_line__img_06_4403068300_01280.jpg,1
welding_line__img_06_4403801500_01282,welding_line,train,C:\Users\anmol\OneDrive\Desktop\MobileNetV2\GC10-DET_PREPARED\IMAGES\welding_line\welding_line__img_06_4403801500_01282.jpg,1
welding_line__img_06_4404612700_01306,welding_line,train,C:\Users\anmol\OneDrive\Desktop\MobileNetV2\GC10-DET_PREPARED\IMAGES\welding_line\welding_line__img_06_4404612700_01306.jpg,1
welding_line__img_06_4404892700_01142,welding_line,train,C:\Users\anmol\OneDrive\Desktop\MobileNetV2\GC10-DET_PREPARED\IMAGES\welding_line\welding_line__img_06_4404892700_01142.jpg,1
welding_line__img_06_4404997500_01006,welding_line,train,C:\Users\anmol\OneDrive\Desktop\MobileNetV2\GC10-DET_PREPARED\IMAGES\welding_line\welding_line__img_06_4404997500_01006.jpg,2
welding_line__img_06_4405228000_01156,welding_line,train,C:\Users\anmol\OneDrive\Desktop\MobileNetV2\GC10-DET_PREPARED\IMAGES\welding_line\welding_line__img_06_4405228000_01156.jpg,1
welding_line__img_06_4406425500_00001,welding_line,train,C:\Users\anmol\OneDrive\Desktop\MobileNetV2\GC10-DET_PREPARED\IMAGES\welding_line\welding_line__img_06_4406425500_00001.jpg,2
welding_line__img_06_4406645900_00001,welding_line,train,C:\Users\anmol\OneDrive\Desktop\MobileNetV2\GC10-DET_PREPARED\IMAGES\welding_line\welding_line__img_06_4406645900_00001.jpg,2
welding_line__img_06_SIS002344_00834,welding_line,train,C:\Users\anmol\OneDrive\Desktop\MobileNetV2\GC10-DET_PREPARED\IMAGES\welding_line\welding_line__img_06_SIS002344_00834.jpg,2
welding_line__img_07_3402616100_00001,welding_line,train,C:\Users\anmol\OneDrive\Desktop\MobileNetV2\GC10-DET_PREPARED\IMAGES\welding_line\welding_line__img_07_3402616100_00001.jpg,1
welding_line__img_07_3402617400_01102,welding_line,train,C:\Users\anmol\OneDrive\Desktop\MobileNetV2\GC10-DET_PREPARED\IMAGES\welding_line\welding_line__img_07_3402617400_01102.jpg,1
welding_line__img_07_3403334600_00682,welding_line,train,C:\Users\anmol\OneDrive\Desktop\MobileNetV2\GC10-DET_PREPARED\IMAGES\welding_line\welding_line__img_07_3403334600_00682.jpg,1
welding_line__img_07_3403334900_00596,welding_line,train,C:\Users\anmol\OneDrive\Desktop\MobileNetV2\GC10-DET_PREPARED\IMAGES\welding_line\welding_line__img_07_3403334900_00596.jpg,1
welding_line__img_07_3403335000_01066,welding_line,train,C:\Users\anmol\OneDrive\Desktop\MobileNetV2\GC10-DET_PREPARED\IMAGES\welding_line\welding_line__img_07_3403335000_01066.jpg,1
welding_line__img_07_3403335100_01063,welding_line,train,C:\Users\anmol\OneDrive\Desktop\MobileNetV2\GC10-DET_PREPARED\IMAGES\welding_line\welding_line__img_07_3403335100_01063.jpg,1
welding_line__img_07_3403335200_00806,welding_line,train,C:\Users\anmol\OneDrive\Desktop\MobileNetV2\GC10-DET_PREPARED\IMAGES\welding_line\welding_line__img_07_3403335200_00806.jpg,1
welding_line__img_07_3403335500_00710,welding_line,train,C:\Users\anmol\OneDrive\Desktop\MobileNetV2\GC10-DET_PREPARED\IMAGES\welding_line\welding_line__img_07_3403335500_00710.jpg,1
welding_line__img_07_3403335600_00795,welding_line,train,C:\Users\anmol\OneDrive\Desktop\MobileNetV2\GC10-DET_PREPARED\IMAGES\welding_line\welding_line__img_07_3403335600_00795.jpg,1
welding_line__img_07_3403335700_01048,welding_line,train,C:\Users\anmol\OneDrive\Desktop\MobileNetV2\GC10-DET_PREPARED\IMAGES\welding_line\welding_line__img_07_3403335700_01048.jpg,1
welding_line__img_07_3403335800_00900,welding_line,train,C:\Users\anmol\OneDrive\Desktop\MobileNetV2\GC10-DET_PREPARED\IMAGES\welding_line\welding_line__img_07_3403335800_00900.jpg,1
welding_line__img_07_3403337700_00899,welding_line,train,C:\Users\anmol\OneDrive\Desktop\MobileNetV2\GC10-DET_PREPARED\IMAGES\welding_line\welding_line__img_07_3403337700_00899.jpg,1
welding_line__img_07_3403337800_00765,welding_line,train,C:\Users\anmol\OneDrive\Desktop\MobileNetV2\GC10-DET_PREPARED\IMAGES\welding_line\welding_line__img_07_3403337800_00765.jpg,1
welding_line__img_07_3403338100_00785,welding_line,train,C:\Users\anmol\OneDrive\Desktop\MobileNetV2\GC10-DET_PREPARED\IMAGES\welding_line\welding_line__img_07_3403338100_00785.jpg,1
welding_line__img_07_3403338900_00683,welding_line,train,C:\Users\anmol\OneDrive\Desktop\MobileNetV2\GC10-DET_PREPARED\IMAGES\welding_line\welding_line__img_07_3403338900_00683.jpg,1
welding_line__img_07_3403403800_00910,welding_line,train,C:\Users\anmol\OneDrive\Desktop\MobileNetV2\GC10-DET_PREPARED\IMAGES\welding_line\welding_line__img_07_3403403800_00910.jpg,2
welding_line__img_07_3403405200_00719,welding_line,train,C:\Users\anmol\OneDrive\Desktop\MobileNetV2\GC10-DET_PREPARED\IMAGES\welding_line\welding_line__img_07_3403405200_00719.jpg,1
welding_line__img_07_3403405400_00930,welding_line,train,C:\Users\anmol\OneDrive\Desktop\MobileNetV2\GC10-DET_PREPARED\IMAGES\welding_line\welding_line__img_07_3403405400_00930.jpg,2
welding_line__img_07_3403405700_00736,welding_line,train,C:\Users\anmol\OneDrive\Desktop\MobileNetV2\GC10-DET_PREPARED\IMAGES\welding_line\welding_line__img_07_3403405700_00736.jpg,2
welding_line__img_07_3403406200_01076,welding_line,train,C:\Users\anmol\OneDrive\Desktop\MobileNetV2\GC10-DET_PREPARED\IMAGES\welding_line\welding_line__img_07_3403406200_01076.jpg,1
welding_line__img_07_3403406400_00797,welding_line,train,C:\Users\anmol\OneDrive\Desktop\MobileNetV2\GC10-DET_PREPARED\IMAGES\welding_line\welding_line__img_07_3403406400_00797.jpg,1
welding_line__img_07_425390100_00053,welding_line,train,C:\Users\anmol\OneDrive\Desktop\MobileNetV2\GC10-DET_PREPARED\IMAGES\welding_line\welding_line__img_07_425390100_00053.jpg,1
welding_line__img_07_425502900_00052,welding_line,train,C:\Users\anmol\OneDrive\Desktop\MobileNetV2\GC10-DET_PREPARED\IMAGES\welding_line\welding_line__img_07_425502900_00052.jpg,2
welding_line__img_07_425613700_00782,welding_line,train,C:\Users\anmol\OneDrive\Desktop\MobileNetV2\GC10-DET_PREPARED\IMAGES\welding_line\welding_line__img_07_425613700_00782.jpg,1
welding_line__img_07_425613800_00786,welding_line,train,C:\Users\anmol\OneDrive\Desktop\MobileNetV2\GC10-DET_PREPARED\IMAGES\welding_line\welding_line__img_07_425613800_00786.jpg,1
welding_line__img_07_425637500_00653,welding_line,train,C:\Users\anmol\OneDrive\Desktop\MobileNetV2\GC10-DET_PREPARED\IMAGES\welding_line\welding_line__img_07_425637500_00653.jpg,1
welding_line__img_07_436163600_01161,welding_line,train,C:\Users\anmol\OneDrive\Desktop\MobileNetV2\GC10-DET_PREPARED\IMAGES\welding_line\welding_line__img_07_436163600_01161.jpg,2
welding_line__img_07_436164700_01555,welding_line,train,C:\Users\anmol\OneDrive\Desktop\MobileNetV2\GC10-DET_PREPARED\IMAGES\welding_line\welding_line__img_07_436164700_01555.jpg,2
welding_line__img_07_436165200_00706,welding_line,train,C:\Users\anmol\OneDrive\Desktop\MobileNetV2\GC10-DET_PREPARED\IMAGES\welding_line\welding_line__img_07_436165200_00706.jpg,2
welding_line__img_07_4404711100_00787,welding_line,train,C:\Users\anmol\OneDrive\Desktop\MobileNetV2\GC10-DET_PREPARED\IMAGES\welding_line\welding_line__img_07_4404711100_00787.jpg,1
welding_line__img_07_4404893200_00890,welding_line,train,C:\Users\anmol\OneDrive\Desktop\MobileNetV2\GC10-DET_PREPARED\IMAGES\welding_line\welding_line__img_07_4404893200_00890.jpg,1
welding_line__img_07_4405227700_00146,welding_line,train,C:\Users\anmol\OneDrive\Desktop\MobileNetV2\GC10-DET_PREPARED\IMAGES\welding_line\welding_line__img_07_4405227700_00146.jpg,1
welding_line__img_07_4405377700_00912,welding_line,train,C:\Users\anmol\OneDrive\Desktop\MobileNetV2\GC10-DET_PREPARED\IMAGES\welding_line\welding_line__img_07_4405377700_00912.jpg,1
welding_line__img_07_4406645900_00001,welding_line,train,C:\Users\anmol\OneDrive\Desktop\MobileNetV2\GC10-DET_PREPARED\IMAGES\welding_line\welding_line__img_07_4406645900_00001.jpg,1
welding_line__img_07_4406743300_00001,welding_line,train,C:\Users\anmol\OneDrive\Desktop\MobileNetV2\GC10-DET_PREPARED\IMAGES\welding_line\welding_line__img_07_4406743300_00001.jpg,2
welding_line__img_07_4406772100_00002,welding_line,train,C:\Users\anmol\OneDrive\Desktop\MobileNetV2\GC10-DET_PREPARED\IMAGES\welding_line\welding_line__img_07_4406772100_00002.jpg,2
welding_line__img_08_3403334300_00853,welding_line,train,C:\Users\anmol\OneDrive\Desktop\MobileNetV2\GC10-DET_PREPARED\IMAGES\welding_line\welding_line__img_08_3403334300_00853.jpg,2
welding_line__img_08_3403334400_00732,welding_line,train,C:\Users\anmol\OneDrive\Desktop\MobileNetV2\GC10-DET_PREPARED\IMAGES\welding_line\welding_line__img_08_3403334400_00732.jpg,1
welding_line__img_08_3403334600_00681,welding_line,train,C:\Users\anmol\OneDrive\Desktop\MobileNetV2\GC10-DET_PREPARED\IMAGES\welding_line\welding_line__img_08_3403334600_00681.jpg,1
welding_line__img_08_3403334700_00670,welding_line,train,C:\Users\anmol\OneDrive\Desktop\MobileNetV2\GC10-DET_PREPARED\IMAGES\welding_line\welding_line__img_08_3403334700_00670.jpg,1
welding_line__img_08_3436789300_00961,welding_line,train,C:\Users\anmol\OneDrive\Desktop\MobileNetV2\GC10-DET_PREPARED\IMAGES\welding_line\welding_line__img_08_3436789300_00961.jpg,1
welding_line__img_08_425382400_00001,welding_line,train,C:\Users\anmol\OneDrive\Desktop\MobileNetV2\GC10-DET_PREPARED\IMAGES\welding_line\welding_line__img_08_425382400_00001.jpg,1
welding_line__img_08_425502100_00053,welding_line,train,C:\Users\anmol\OneDrive\Desktop\MobileNetV2\GC10-DET_PREPARED\IMAGES\welding_line\welding_line__img_08_425502100_00053.jpg,1
welding_line__img_08_425502200_00054,welding_line,train,C:\Users\anmol\OneDrive\Desktop\MobileNetV2\GC10-DET_PREPARED\IMAGES\welding_line\welding_line__img_08_425502200_00054.jpg,1
welding_line__img_08_425503000_00053,welding_line,train,C:\Users\anmol\OneDrive\Desktop\MobileNetV2\GC10-DET_PREPARED\IMAGES\welding_line\welding_line__img_08_425503000_00053.jpg,1
welding_line__img_08_425613700_00782,welding_line,train,C:\Users\anmol\OneDrive\Desktop\MobileNetV2\GC10-DET_PREPARED\IMAGES\welding_line\welding_line__img_08_425613700_00782.jpg,1
welding_line__img_08_4405134000_01043,welding_line,train,C:\Users\anmol\OneDrive\Desktop\MobileNetV2\GC10-DET_PREPARED\IMAGES\welding_line\welding_line__img_08_4405134000_01043.jpg,1
welding_line__img_08_4405229800_01204,welding_line,train,C:\Users\anmol\OneDrive\Desktop\MobileNetV2\GC10-DET_PREPARED\IMAGES\welding_line\welding_line__img_08_4405229800_01204.jpg,1
welding_line__img_08_4405230600_00994,welding_line,train,C:\Users\anmol\OneDrive\Desktop\MobileNetV2\GC10-DET_PREPARED\IMAGES\welding_line\welding_line__img_08_4405230600_00994.jpg,1
welding_line__img_08_4406424900_00001,welding_line,train,C:\Users\anmol\OneDrive\Desktop\MobileNetV2\GC10-DET_PREPARED\IMAGES\welding_line\welding_line__img_08_4406424900_00001.jpg,1
crease__img_03_4402270500_00004,crease,val,C:\Users\anmol\OneDrive\Desktop\MobileNetV2\GC10-DET_PREPARED\IMAGES\crease\crease__img_03_4402270500_00004.jpg,1
crease__img_03_SIS001559_00006,crease,val,C:\Users\anmol\OneDrive\Desktop\MobileNetV2\GC10-DET_PREPARED\IMAGES\crease\crease__img_03_SIS001559_00006.jpg,2
crease__img_06_3436814000_00687,crease,val,C:\Users\anmol\OneDrive\Desktop\MobileNetV2\GC10-DET_PREPARED\IMAGES\crease\crease__img_06_3436814000_00687.jpg,1
crease__img_06_427199900_01016,crease,val,C:\Users\anmol\OneDrive\Desktop\MobileNetV2\GC10-DET_PREPARED\IMAGES\crease\crease__img_06_427199900_01016.jpg,1
crease__img_07_4405381400_00773,crease,val,C:\Users\anmol\OneDrive\Desktop\MobileNetV2\GC10-DET_PREPARED\IMAGES\crease\crease__img_07_4405381400_00773.jpg,1
crescent_gap__img_01_425503100_00017,crescent_gap,val,C:\Users\anmol\OneDrive\Desktop\MobileNetV2\GC10-DET_PREPARED\IMAGES\crescent_gap\crescent_gap__img_01_425503100_00017.jpg,2
crescent_gap__img_01_425609500_00001,crescent_gap,val,C:\Users\anmol\OneDrive\Desktop\MobileNetV2\GC10-DET_PREPARED\IMAGES\crescent_gap\crescent_gap__img_01_425609500_00001.jpg,1
crescent_gap__img_01_425622400_00001,crescent_gap,val,C:\Users\anmol\OneDrive\Desktop\MobileNetV2\GC10-DET_PREPARED\IMAGES\crescent_gap\crescent_gap__img_01_425622400_00001.jpg,1
crescent_gap__img_01_425639800_00874,crescent_gap,val,C:\Users\anmol\OneDrive\Desktop\MobileNetV2\GC10-DET_PREPARED\IMAGES\crescent_gap\crescent_gap__img_01_425639800_00874.jpg,2
crescent_gap__img_04_425003700_00002,crescent_gap,val,C:\Users\anmol\OneDrive\Desktop\MobileNetV2\GC10-DET_PREPARED\IMAGES\crescent_gap\crescent_gap__img_04_425003700_00002.jpg,1
crescent_gap__img_04_425501700_00017,crescent_gap,val,C:\Users\anmol\OneDrive\Desktop\MobileNetV2\GC10-DET_PREPARED\IMAGES\crescent_gap\crescent_gap__img_04_425501700_00017.jpg,1
crescent_gap__img_04_425501800_00017,crescent_gap,val,C:\Users\anmol\OneDrive\Desktop\MobileNetV2\GC10-DET_PREPARED\IMAGES\crescent_gap\crescent_gap__img_04_425501800_00017.jpg,1
crescent_gap__img_04_425502300_00018,crescent_gap,val,C:\Users\anmol\OneDrive\Desktop\MobileNetV2\GC10-DET_PREPARED\IMAGES\crescent_gap\crescent_gap__img_04_425502300_00018.jpg,2
crescent_gap__img_04_425622400_00001,crescent_gap,val,C:\Users\anmol\OneDrive\Desktop\MobileNetV2\GC10-DET_PREPARED\IMAGES\crescent_gap\crescent_gap__img_04_425622400_00001.jpg,2
crescent_gap__img_04_4406645900_00002,crescent_gap,val,C:\Users\anmol\OneDrive\Desktop\MobileNetV2\GC10-DET_PREPARED\IMAGES\crescent_gap\crescent_gap__img_04_4406645900_00002.jpg,1
crescent_gap__img_05_425502300_00053,crescent_gap,val,C:\Users\anmol\OneDrive\Desktop\MobileNetV2\GC10-DET_PREPARED\IMAGES\crescent_gap\crescent_gap__img_05_425502300_00053.jpg,2
crescent_gap__img_05_425608200_00814,crescent_gap,val,C:\Users\anmol\OneDrive\Desktop\MobileNetV2\GC10-DET_PREPARED\IMAGES\crescent_gap\crescent_gap__img_05_425608200_00814.jpg,2
crescent_gap__img_05_425609500_00001,crescent_gap,val,C:\Users\anmol\OneDrive\Desktop\MobileNetV2\GC10-DET_PREPARED\IMAGES\crescent_gap\crescent_gap__img_05_425609500_00001.jpg,2
crescent_gap__img_05_425614700_00001,crescent_gap,val,C:\Users\anmol\OneDrive\Desktop\MobileNetV2\GC10-DET_PREPARED\IMAGES\crescent_gap\crescent_gap__img_05_425614700_00001.jpg,2
crescent_gap__img_05_425637500_00652,crescent_gap,val,C:\Users\anmol\OneDrive\Desktop\MobileNetV2\GC10-DET_PREPARED\IMAGES\crescent_gap\crescent_gap__img_05_425637500_00652.jpg,2
crescent_gap__img_05_4406645900_00001,crescent_gap,val,C:\Users\anmol\OneDrive\Desktop\MobileNetV2\GC10-DET_PREPARED\IMAGES\crescent_gap\crescent_gap__img_05_4406645900_00001.jpg,1
crescent_gap__img_08_425008000_00823,crescent_gap,val,C:\Users\anmol\OneDrive\Desktop\MobileNetV2\GC10-DET_PREPARED\IMAGES\crescent_gap\crescent_gap__img_08_425008000_00823.jpg,2
crescent_gap__img_08_425503300_00053,crescent_gap,val,C:\Users\anmol\OneDrive\Desktop\MobileNetV2\GC10-DET_PREPARED\IMAGES\crescent_gap\crescent_gap__img_08_425503300_00053.jpg,2
crescent_gap__img_08_425503800_00053,crescent_gap,val,C:\Users\anmol\OneDrive\Desktop\MobileNetV2\GC10-DET_PREPARED\IMAGES\crescent_gap\crescent_gap__img_08_425503800_00053.jpg,1
crescent_gap__img_08_425505100_00052,crescent_gap,val,C:\Users\anmol\OneDrive\Desktop\MobileNetV2\GC10-DET_PREPARED\IMAGES\crescent_gap\crescent_gap__img_08_425505100_00052.jpg,1
crescent_gap__img_08_425613500_00596,crescent_gap,val,C:\Users\anmol\OneDrive\Desktop\MobileNetV2\GC10-DET_PREPARED\IMAGES\crescent_gap\crescent_gap__img_08_425613500_00596.jpg,2
crescent_gap__img_08_425614700_00001,crescent_gap,val,C:\Users\anmol\OneDrive\Desktop\MobileNetV2\GC10-DET_PREPARED\IMAGES\crescent_gap\crescent_gap__img_08_425614700_00001.jpg,1
crescent_gap__img_08_425640100_00874,crescent_gap,val,C:\Users\anmol\OneDrive\Desktop\MobileNetV2\GC10-DET_PREPARED\IMAGES\crescent_gap\crescent_gap__img_08_425640100_00874.jpg,2
inclusion__img_01_425392100_00886,inclusion,val,C:\Users\anmol\OneDrive\Desktop\MobileNetV2\GC10-DET_PREPARED\IMAGES\inclusion\inclusion__img_01_425392100_00886.jpg,1
inclusion__img_01_4406743300_00935,inclusion,val,C:\Users\anmol\OneDrive\Desktop\MobileNetV2\GC10-DET_PREPARED\IMAGES\inclusion\inclusion__img_01_4406743300_00935.jpg,3
inclusion__img_02_424799300_00850,inclusion,val,C:\Users\anmol\OneDrive\Desktop\MobileNetV2\GC10-DET_PREPARED\IMAGES\inclusion\inclusion__img_02_424799300_00850.jpg,1
inclusion__img_02_425508400_00141,inclusion,val,C:\Users\anmol\OneDrive\Desktop\MobileNetV2\GC10-DET_PREPARED\IMAGES\inclusion\inclusion__img_02_425508400_00141.jpg,1
inclusion__img_02_4406446600_00073,inclusion,val,C:\Users\anmol\OneDrive\Desktop\MobileNetV2\GC10-DET_PREPARED\IMAGES\inclusion\inclusion__img_02_4406446600_00073.jpg,2
inclusion__img_03_424799300_00861,inclusion,val,C:\Users\anmol\OneDrive\Desktop\MobileNetV2\GC10-DET_PREPARED\IMAGES\inclusion\inclusion__img_03_424799300_00861.jpg,1
inclusion__img_03_425501800_01100,inclusion,val,C:\Users\anmol\OneDrive\Desktop\MobileNetV2\GC10-DET_PREPARED\IMAGES\inclusion\inclusion__img_03_425501800_01100.jpg,2
inclusion__img_03_425501800_01142,inclusion,val,C:\Users\anmol\OneDrive\Desktop\MobileNetV2\GC10-DET_PREPARED\IMAGES\inclusion\inclusion__img_03_425501800_01142.jpg,2
inclusion__img_03_425503100_00022,inclusion,val,C:\Users\anmol\OneDrive\Desktop\MobileNetV2\GC10-DET_PREPARED\IMAGES\inclusion\inclusion__img_03_425503100_00022.jpg,3
inclusion__img_04_4406742400_00645,inclusion,val,C:\Users\anmol\OneDrive\Desktop\MobileNetV2\GC10-DET_PREPARED\IMAGES\inclusion\inclusion__img_04_4406742400_00645.jpg,1
inclusion__img_04_4406742400_00684,inclusion,val,C:\Users\anmol\OneDrive\Desktop\MobileNetV2\GC10-DET_PREPARED\IMAGES\inclusion\inclusion__img_04_4406742400_00684.jpg,1
inclusion__img_05_425243500_01098,inclusion,val,C:\Users\anmol\OneDrive\Desktop\MobileNetV2\GC10-DET_PREPARED\IMAGES\inclusion\inclusion__img_05_425243500_01098.jpg,1
inclusion__img_05_425244400_00881,inclusion,val,C:\Users\anmol\OneDrive\Desktop\MobileNetV2\GC10-DET_PREPARED\IMAGES\inclusion\inclusion__img_05_425244400_00881.jpg,1
inclusion__img_06_425391700_00039,inclusion,val,C:\Users\anmol\OneDrive\Desktop\MobileNetV2\GC10-DET_PREPARED\IMAGES\inclusion\inclusion__img_06_425391700_00039.jpg,7
inclusion__img_06_425506300_01027,inclusion,val,C:\Users\anmol\OneDrive\Desktop\MobileNetV2\GC10-DET_PREPARED\IMAGES\inclusion\inclusion__img_06_425506300_01027.jpg,1
inclusion__img_06_4402625300_00104,inclusion,val,C:\Users\anmol\OneDrive\Desktop\MobileNetV2\GC10-DET_PREPARED\IMAGES\inclusion\inclusion__img_06_4402625300_00104.jpg,7
inclusion__img_06_4402625300_01262,inclusion,val,C:\Users\anmol\OneDrive\Desktop\MobileNetV2\GC10-DET_PREPARED\IMAGES\inclusion\inclusion__img_06_4402625300_01262.jpg,4
inclusion__img_07_425508300_00926,inclusion,val,C:\Users\anmol\OneDrive\Desktop\MobileNetV2\GC10-DET_PREPARED\IMAGES\inclusion\inclusion__img_07_425508300_00926.jpg,4
inclusion__img_07_425508300_00928,inclusion,val,C:\Users\anmol\OneDrive\Desktop\MobileNetV2\GC10-DET_PREPARED\IMAGES\inclusion\inclusion__img_07_425508300_00928.jpg,3
inclusion__img_07_4402625300_01262,inclusion,val,C:\Users\anmol\OneDrive\Desktop\MobileNetV2\GC10-DET_PREPARED\IMAGES\inclusion\inclusion__img_07_4402625300_01262.jpg,3
inclusion__img_07_4406645900_00339,inclusion,val,C:\Users\anmol\OneDrive\Desktop\MobileNetV2\GC10-DET_PREPARED\IMAGES\inclusion\inclusion__img_07_4406645900_00339.jpg,1
inclusion__img_08_425508200_00375,inclusion,val,C:\Users\anmol\OneDrive\Desktop\MobileNetV2\GC10-DET_PREPARED\IMAGES\inclusion\inclusion__img_08_425508200_00375.jpg,4
oil_spot__img_01_425503000_00872,oil_spot,val,C:\Users\anmol\OneDrive\Desktop\MobileNetV2\GC10-DET_PREPARED\IMAGES\oil_spot\oil_spot__img_01_425503000_00872.jpg,2
oil_spot__img_02_424799200_00250,oil_spot,val,C:\Users\anmol\OneDrive\Desktop\MobileNetV2\GC10-DET_PREPARED\IMAGES\oil_spot\oil_spot__img_02_424799200_00250.jpg,1
oil_spot__img_02_425507000_00900,oil_spot,val,C:\Users\anmol\OneDrive\Desktop\MobileNetV2\GC10-DET_PREPARED\IMAGES\oil_spot\oil_spot__img_02_425507000_00900.jpg,1
oil_spot__img_02_425616200_00030,oil_spot,val,C:\Users\anmol\OneDrive\Desktop\MobileNetV2\GC10-DET_PREPARED\IMAGES\oil_spot\oil_spot__img_02_425616200_00030.jpg,3
oil_spot__img_02_425646200_00062,oil_spot,val,C:\Users\anmol\OneDrive\Desktop\MobileNetV2\GC10-DET_PREPARED\IMAGES\oil_spot\oil_spot__img_02_425646200_00062.jpg,1
oil_spot__img_03_425390000_00022,oil_spot,val,C:\Users\anmol\OneDrive\Desktop\MobileNetV2\GC10-DET_PREPARED\IMAGES\oil_spot\oil_spot__img_03_425390000_00022.jpg,4
oil_spot__img_03_425502900_00018,oil_spot,val,C:\Users\anmol\OneDrive\Desktop\MobileNetV2\GC10-DET_PREPARED\IMAGES\oil_spot\oil_spot__img_03_425502900_00018.jpg,3
oil_spot__img_04_3402617700_00395,oil_spot,val,C:\Users\anmol\OneDrive\Desktop\MobileNetV2\GC10-DET_PREPARED\IMAGES\oil_spot\oil_spot__img_04_3402617700_00395.jpg,1
oil_spot__img_06_425502300_01395,oil_spot,val,C:\Users\anmol\OneDrive\Desktop\MobileNetV2\GC10-DET_PREPARED\IMAGES\oil_spot\oil_spot__img_06_425502300_01395.jpg,2
oil_spot__img_06_425506100_00177,oil_spot,val,C:\Users\anmol\OneDrive\Desktop\MobileNetV2\GC10-DET_PREPARED\IMAGES\oil_spot\oil_spot__img_06_425506100_00177.jpg,1
oil_spot__img_07_3437011100_00688,oil_spot,val,C:\Users\anmol\OneDrive\Desktop\MobileNetV2\GC10-DET_PREPARED\IMAGES\oil_spot\oil_spot__img_07_3437011100_00688.jpg,3
oil_spot__img_07_425100400_00100,oil_spot,val,C:\Users\anmol\OneDrive\Desktop\MobileNetV2\GC10-DET_PREPARED\IMAGES\oil_spot\oil_spot__img_07_425100400_00100.jpg,1
oil_spot__img_07_425390800_00009,oil_spot,val,C:\Users\anmol\OneDrive\Desktop\MobileNetV2\GC10-DET_PREPARED\IMAGES\oil_spot\oil_spot__img_07_425390800_00009.jpg,3
oil_spot__img_07_425390900_00063,oil_spot,val,C:\Users\anmol\OneDrive\Desktop\MobileNetV2\GC10-DET_PREPARED\IMAGES\oil_spot\oil_spot__img_07_425390900_00063.jpg,3
oil_spot__img_07_435974600_00214,oil_spot,val,C:\Users\anmol\OneDrive\Desktop\MobileNetV2\GC10-DET_PREPARED\IMAGES\oil_spot\oil_spot__img_07_435974600_00214.jpg,2
oil_spot__img_07_4405168700_00711,oil_spot,val,C:\Users\anmol\OneDrive\Desktop\MobileNetV2\GC10-DET_PREPARED\IMAGES\oil_spot\oil_spot__img_07_4405168700_00711.jpg,2
oil_spot__img_08_3437011100_00685,oil_spot,val,C:\Users\anmol\OneDrive\Desktop\MobileNetV2\GC10-DET_PREPARED\IMAGES\oil_spot\oil_spot__img_08_3437011100_00685.jpg,1
oil_spot__img_08_3437011100_00694,oil_spot,val,C:\Users\anmol\OneDrive\Desktop\MobileNetV2\GC10-DET_PREPARED\IMAGES\oil_spot\oil_spot__img_08_3437011100_00694.jpg,3
oil_spot__img_08_425507600_00361,oil_spot,val,C:\Users\anmol\OneDrive\Desktop\MobileNetV2\GC10-DET_PREPARED\IMAGES\oil_spot\oil_spot__img_08_425507600_00361.jpg,2
oil_spot__img_08_425508200_00046,oil_spot,val,C:\Users\anmol\OneDrive\Desktop\MobileNetV2\GC10-DET_PREPARED\IMAGES\oil_spot\oil_spot__img_08_425508200_00046.jpg,2
punching_hole__img_02_425637700_00001,punching_hole,val,C:\Users\anmol\OneDrive\Desktop\MobileNetV2\GC10-DET_PREPARED\IMAGES\punching_hole\punching_hole__img_02_425637700_00001.jpg,2
punching_hole__img_02_425644600_00001,punching_hole,val,C:\Users\anmol\OneDrive\Desktop\MobileNetV2\GC10-DET_PREPARED\IMAGES\punching_hole\punching_hole__img_02_425644600_00001.jpg,3
punching_hole__img_03_3403392100_00870,punching_hole,val,C:\Users\anmol\OneDrive\Desktop\MobileNetV2\GC10-DET_PREPARED\IMAGES\punching_hole\punching_hole__img_03_3403392100_00870.jpg,1
punching_hole__img_03_3403394100_01319,punching_hole,val,C:\Users\anmol\OneDrive\Desktop\MobileNetV2\GC10-DET_PREPARED\IMAGES\punching_hole\punching_hole__img_03_3403394100_01319.jpg,2
punching_hole__img_03_3403399500_00888,punching_hole,val,C:\Users\anmol\OneDrive\Desktop\MobileNetV2\GC10-DET_PREPARED\IMAGES\punching_hole\punching_hole__img_03_3403399500_00888.jpg,1
punching_hole__img_03_424798200_00001,punching_hole,val,C:\Users\anmol\OneDrive\Desktop\MobileNetV2\GC10-DET_PREPARED\IMAGES\punching_hole\punching_hole__img_03_424798200_00001.jpg,2
punching_hole__img_03_425503300_00017,punching_hole,val,C:\Users\anmol\OneDrive\Desktop\MobileNetV2\GC10-DET_PREPARED\IMAGES\punching_hole\punching_hole__img_03_425503300_00017.jpg,1
punching_hole__img_03_425505900_00018,punching_hole,val,C:\Users\anmol\OneDrive\Desktop\MobileNetV2\GC10-DET_PREPARED\IMAGES\punching_hole\punching_hole__img_03_425505900_00018.jpg,1
punching_hole__img_03_425613800_00786,punching_hole,val,C:\Users\anmol\OneDrive\Desktop\MobileNetV2\GC10-DET_PREPARED\IMAGES\punching_hole\punching_hole__img_03_425613800_00786.jpg,1
punching_hole__img_03_425616200_00001,punching_hole,val,C:\Users\anmol\OneDrive\Desktop\MobileNetV2\GC10-DET_PREPARED\IMAGES\punching_hole\punching_hole__img_03_425616200_00001.jpg,2
punching_hole__img_03_425616500_00769,punching_hole,val,C:\Users\anmol\OneDrive\Desktop\MobileNetV2\GC10-DET_PREPARED\IMAGES\punching_hole\punching_hole__img_03_425616500_00769.jpg,1
punching_hole__img_03_425638500_00001,punching_hole,val,C:\Users\anmol\OneDrive\Desktop\MobileNetV2\GC10-DET_PREPARED\IMAGES\punching_hole\punching_hole__img_03_425638500_00001.jpg,2
punching_hole__img_03_425638500_00716,punching_hole,val,C:\Users\anmol\OneDrive\Desktop\MobileNetV2\GC10-DET_PREPARED\IMAGES\punching_hole\punching_hole__img_03_425638500_00716.jpg,1
punching_hole__img_06_3403331500_01351,punching_hole,val,C:\Users\anmol\OneDrive\Desktop\MobileNetV2\GC10-DET_PREPARED\IMAGES\punching_hole\punching_hole__img_06_3403331500_01351.jpg,3
punching_hole__img_06_3403398200_01043,punching_hole,val,C:\Users\anmol\OneDrive\Desktop\MobileNetV2\GC10-DET_PREPARED\IMAGES\punching_hole\punching_hole__img_06_3403398200_01043.jpg,1
punching_hole__img_06_3403399500_00887,punching_hole,val,C:\Users\anmol\OneDrive\Desktop\MobileNetV2\GC10-DET_PREPARED\IMAGES\punching_hole\punching_hole__img_06_3403399500_00887.jpg,1
punching_hole__img_06_3403401000_00864,punching_hole,val,C:\Users\anmol\OneDrive\Desktop\MobileNetV2\GC10-DET_PREPARED\IMAGES\punching_hole\punching_hole__img_06_3403401000_00864.jpg,1
punching_hole__img_06_424799400_01079,punching_hole,val,C:\Users\anmol\OneDrive\Desktop\MobileNetV2\GC10-DET_PREPARED\IMAGES\punching_hole\punching_hole__img_06_424799400_01079.jpg,2
punching_hole__img_06_425507600_00053,punching_hole,val,C:\Users\anmol\OneDrive\Desktop\MobileNetV2\GC10-DET_PREPARED\IMAGES\punching_hole\punching_hole__img_06_425507600_00053.jpg,2
punching_hole__img_06_425608200_00007,punching_hole,val,C:\Users\anmol\OneDrive\Desktop\MobileNetV2\GC10-DET_PREPARED\IMAGES\punching_hole\punching_hole__img_06_425608200_00007.jpg,2
punching_hole__img_06_425614700_00001,punching_hole,val,C:\Users\anmol\OneDrive\Desktop\MobileNetV2\GC10-DET_PREPARED\IMAGES\punching_hole\punching_hole__img_06_425614700_00001.jpg,4
punching_hole__img_06_425640000_00633,punching_hole,val,C:\Users\anmol\OneDrive\Desktop\MobileNetV2\GC10-DET_PREPARED\IMAGES\punching_hole\punching_hole__img_06_425640000_00633.jpg,2
rolled_pit__img_02_425392400_00020,rolled_pit,val,C:\Users\anmol\OneDrive\Desktop\MobileNetV2\GC10-DET_PREPARED\IMAGES\rolled_pit\rolled_pit__img_02_425392400_00020.jpg,1
rolled_pit__img_03_4402624500_00002,rolled_pit,val,C:\Users\anmol\OneDrive\Desktop\MobileNetV2\GC10-DET_PREPARED\IMAGES\rolled_pit\rolled_pit__img_03_4402624500_00002.jpg,3
rolled_pit__img_06_425505500_00052,rolled_pit,val,C:\Users\anmol\OneDrive\Desktop\MobileNetV2\GC10-DET_PREPARED\IMAGES\rolled_pit\rolled_pit__img_06_425505500_00052.jpg,1
silk_spot__img_01_3436815300_00473,silk_spot,val,C:\Users\anmol\OneDrive\Desktop\MobileNetV2\GC10-DET_PREPARED\IMAGES\silk_spot\silk_spot__img_01_3436815300_00473.jpg,1
silk_spot__img_01_425005700_00158,silk_spot,val,C:\Users\anmol\OneDrive\Desktop\MobileNetV2\GC10-DET_PREPARED\IMAGES\silk_spot\silk_spot__img_01_425005700_00158.jpg,1
silk_spot__img_01_425005700_00163,silk_spot,val,C:\Users\anmol\OneDrive\Desktop\MobileNetV2\GC10-DET_PREPARED\IMAGES\silk_spot\silk_spot__img_01_425005700_00163.jpg,1
silk_spot__img_01_425005700_00172,silk_spot,val,C:\Users\anmol\OneDrive\Desktop\MobileNetV2\GC10-DET_PREPARED\IMAGES\silk_spot\silk_spot__img_01_425005700_00172.jpg,1
silk_spot__img_01_425005700_00199,silk_spot,val,C:\Users\anmol\OneDrive\Desktop\MobileNetV2\GC10-DET_PREPARED\IMAGES\silk_spot\silk_spot__img_01_425005700_00199.jpg,1
silk_spot__img_01_425005700_00212,silk_spot,val,C:\Users\anmol\OneDrive\Desktop\MobileNetV2\GC10-DET_PREPARED\IMAGES\silk_spot\silk_spot__img_01_425005700_00212.jpg,1
silk_spot__img_01_425005700_00285,silk_spot,val,C:\Users\anmol\OneDrive\Desktop\MobileNetV2\GC10-DET_PREPARED\IMAGES\silk_spot\silk_spot__img_01_425005700_00285.jpg,1
silk_spot__img_01_425005700_00291,silk_spot,val,C:\Users\anmol\OneDrive\Desktop\MobileNetV2\GC10-DET_PREPARED\IMAGES\silk_spot\silk_spot__img_01_425005700_00291.jpg,1
silk_spot__img_01_425005700_00300,silk_spot,val,C:\Users\anmol\OneDrive\Desktop\MobileNetV2\GC10-DET_PREPARED\IMAGES\silk_spot\silk_spot__img_01_425005700_00300.jpg,1
silk_spot__img_01_425005700_00301,silk_spot,val,C:\Users\anmol\OneDrive\Desktop\MobileNetV2\GC10-DET_PREPARED\IMAGES\silk_spot\silk_spot__img_01_425005700_00301.jpg,1
silk_spot__img_01_425005700_00313,silk_spot,val,C:\Users\anmol\OneDrive\Desktop\MobileNetV2\GC10-DET_PREPARED\IMAGES\silk_spot\silk_spot__img_01_425005700_00313.jpg,1
silk_spot__img_01_425005700_00343,silk_spot,val,C:\Users\anmol\OneDrive\Desktop\MobileNetV2\GC10-DET_PREPARED\IMAGES\silk_spot\silk_spot__img_01_425005700_00343.jpg,1
silk_spot__img_01_425005700_00375,silk_spot,val,C:\Users\anmol\OneDrive\Desktop\MobileNetV2\GC10-DET_PREPARED\IMAGES\silk_spot\silk_spot__img_01_425005700_00375.jpg,1
silk_spot__img_01_425005700_00406,silk_spot,val,C:\Users\anmol\OneDrive\Desktop\MobileNetV2\GC10-DET_PREPARED\IMAGES\silk_spot\silk_spot__img_01_425005700_00406.jpg,1
silk_spot__img_01_425005700_00409,silk_spot,val,C:\Users\anmol\OneDrive\Desktop\MobileNetV2\GC10-DET_PREPARED\IMAGES\silk_spot\silk_spot__img_01_425005700_00409.jpg,1
silk_spot__img_01_425005700_00466,silk_spot,val,C:\Users\anmol\OneDrive\Desktop\MobileNetV2\GC10-DET_PREPARED\IMAGES\silk_spot\silk_spot__img_01_425005700_00466.jpg,1
silk_spot__img_01_425005700_00469,silk_spot,val,C:\Users\anmol\OneDrive\Desktop\MobileNetV2\GC10-DET_PREPARED\IMAGES\silk_spot\silk_spot__img_01_425005700_00469.jpg,1
silk_spot__img_01_425005700_00470,silk_spot,val,C:\Users\anmol\OneDrive\Desktop\MobileNetV2\GC10-DET_PREPARED\IMAGES\silk_spot\silk_spot__img_01_425005700_00470.jpg,1
silk_spot__img_01_425005700_00485,silk_spot,val,C:\Users\anmol\OneDrive\Desktop\MobileNetV2\GC10-DET_PREPARED\IMAGES\silk_spot\silk_spot__img_01_425005700_00485.jpg,1
silk_spot__img_01_425243300_00296,silk_spot,val,C:\Users\anmol\OneDrive\Desktop\MobileNetV2\GC10-DET_PREPARED\IMAGES\silk_spot\silk_spot__img_01_425243300_00296.jpg,1
silk_spot__img_01_4406743300_00649,silk_spot,val,C:\Users\anmol\OneDrive\Desktop\MobileNetV2\GC10-DET_PREPARED\IMAGES\silk_spot\silk_spot__img_01_4406743300_00649.jpg,1
silk_spot__img_01_4406743300_00823,silk_spot,val,C:\Users\anmol\OneDrive\Desktop\MobileNetV2\GC10-DET_PREPARED\IMAGES\silk_spot\silk_spot__img_01_4406743300_00823.jpg,1
silk_spot__img_02_3436786500_00137,silk_spot,val,C:\Users\anmol\OneDrive\Desktop\MobileNetV2\GC10-DET_PREPARED\IMAGES\silk_spot\silk_spot__img_02_3436786500_00137.jpg,1
silk_spot__img_02_436153600_00666,silk_spot,val,C:\Users\anmol\OneDrive\Desktop\MobileNetV2\GC10-DET_PREPARED\IMAGES\silk_spot\silk_spot__img_02_436153600_00666.jpg,1
silk_spot__img_02_SIS001577_00067,silk_spot,val,C:\Users\anmol\OneDrive\Desktop\MobileNetV2\GC10-DET_PREPARED\IMAGES\silk_spot\silk_spot__img_02_SIS001577_00067.jpg,2
silk_spot__img_03_425505400_01021,silk_spot,val,C:\Users\anmol\OneDrive\Desktop\MobileNetV2\GC10-DET_PREPARED\IMAGES\silk_spot\silk_spot__img_03_425505400_01021.jpg,3
silk_spot__img_03_425505400_01033,silk_spot,val,C:\Users\anmol\OneDrive\Desktop\MobileNetV2\GC10-DET_PREPARED\IMAGES\silk_spot\silk_spot__img_03_425505400_01033.jpg,4
silk_spot__img_03_436150300_00320,silk_spot,val,C:\Users\anmol\OneDrive\Desktop\MobileNetV2\GC10-DET_PREPARED\IMAGES\silk_spot\silk_spot__img_03_436150300_00320.jpg,1
silk_spot__img_03_436152900_00526,silk_spot,val,C:\Users\anmol\OneDrive\Desktop\MobileNetV2\GC10-DET_PREPARED\IMAGES\silk_spot\silk_spot__img_03_436152900_00526.jpg,4
silk_spot__img_03_436152900_00529,silk_spot,val,C:\Users\anmol\OneDrive\Desktop\MobileNetV2\GC10-DET_PREPARED\IMAGES\silk_spot\silk_spot__img_03_436152900_00529.jpg,3
silk_spot__img_03_436152900_00545,silk_spot,val,C:\Users\anmol\OneDrive\Desktop\MobileNetV2\GC10-DET_PREPARED\IMAGES\silk_spot\silk_spot__img_03_436152900_00545.jpg,2
silk_spot__img_03_4404580600_00513,silk_spot,val,C:\Users\anmol\OneDrive\Desktop\MobileNetV2\GC10-DET_PREPARED\IMAGES\silk_spot\silk_spot__img_03_4404580600_00513.jpg,4
silk_spot__img_03_4404580600_00527,silk_spot,val,C:\Users\anmol\OneDrive\Desktop\MobileNetV2\GC10-DET_PREPARED\IMAGES\silk_spot\silk_spot__img_03_4404580600_00527.jpg,2
silk_spot__img_03_SIS001491_00285,silk_spot,val,C:\Users\anmol\OneDrive\Desktop\MobileNetV2\GC10-DET_PREPARED\IMAGES\silk_spot\silk_spot__img_03_SIS001491_00285.jpg,1
silk_spot__img_05_4406743300_00377,silk_spot,val,C:\Users\anmol\OneDrive\Desktop\MobileNetV2\GC10-DET_PREPARED\IMAGES\silk_spot\silk_spot__img_05_4406743300_00377.jpg,1
silk_spot__img_05_4406743300_00400,silk_spot,val,C:\Users\anmol\OneDrive\Desktop\MobileNetV2\GC10-DET_PREPARED\IMAGES\silk_spot\silk_spot__img_05_4406743300_00400.jpg,1
silk_spot__img_05_4406743300_00420,silk_spot,val,C:\Users\anmol\OneDrive\Desktop\MobileNetV2\GC10-DET_PREPARED\IMAGES\silk_spot\silk_spot__img_05_4406743300_00420.jpg,1
silk_spot__img_05_4406743300_00423,silk_spot,val,C:\Users\anmol\OneDrive\Desktop\MobileNetV2\GC10-DET_PREPARED\IMAGES\silk_spot\silk_spot__img_05_4406743300_00423.jpg,1
silk_spot__img_05_4406743300_00436,silk_spot,val,C:\Users\anmol\OneDrive\Desktop\MobileNetV2\GC10-DET_PREPARED\IMAGES\silk_spot\silk_spot__img_05_4406743300_00436.jpg,1
silk_spot__img_05_4406743300_00447,silk_spot,val,C:\Users\anmol\OneDrive\Desktop\MobileNetV2\GC10-DET_PREPARED\IMAGES\silk_spot\silk_spot__img_05_4406743300_00447.jpg,1
silk_spot__img_05_4406743300_00480,silk_spot,val,C:\Users\anmol\OneDrive\Desktop\MobileNetV2\GC10-DET_PREPARED\IMAGES\silk_spot\silk_spot__img_05_4406743300_00480.jpg,1
silk_spot__img_05_4406743300_00687,silk_spot,val,C:\Users\anmol\OneDrive\Desktop\MobileNetV2\GC10-DET_PREPARED\IMAGES\silk_spot\silk_spot__img_05_4406743300_00687.jpg,1
silk_spot__img_06_3436814300_00056,silk_spot,val,C:\Users\anmol\OneDrive\Desktop\MobileNetV2\GC10-DET_PREPARED\IMAGES\silk_spot\silk_spot__img_06_3436814300_00056.jpg,3
silk_spot__img_06_4404580600_01173,silk_spot,val,C:\Users\anmol\OneDrive\Desktop\MobileNetV2\GC10-DET_PREPARED\IMAGES\silk_spot\silk_spot__img_06_4404580600_01173.jpg,3
silk_spot__img_06_4406645900_00493,silk_spot,val,C:\Users\anmol\OneDrive\Desktop\MobileNetV2\GC10-DET_PREPARED\IMAGES\silk_spot\silk_spot__img_06_4406645900_00493.jpg,1
silk_spot__img_06_4406743300_00066,silk_spot,val,C:\Users\anmol\OneDrive\Desktop\MobileNetV2\GC10-DET_PREPARED\IMAGES\silk_spot\silk_spot__img_06_4406743300_00066.jpg,1
silk_spot__img_07_424714400_00009,silk_spot,val,C:\Users\anmol\OneDrive\Desktop\MobileNetV2\GC10-DET_PREPARED\IMAGES\silk_spot\silk_spot__img_07_424714400_00009.jpg,3
silk_spot__img_07_4406645900_00200,silk_spot,val,C:\Users\anmol\OneDrive\Desktop\MobileNetV2\GC10-DET_PREPARED\IMAGES\silk_spot\silk_spot__img_07_4406645900_00200.jpg,1
silk_spot__img_07_4406645900_00639,silk_spot,val,C:\Users\anmol\OneDrive\Desktop\MobileNetV2\GC10-DET_PREPARED\IMAGES\silk_spot\silk_spot__img_07_4406645900_00639.jpg,1
silk_spot__img_07_4406645900_00655,silk_spot,val,C:\Users\anmol\OneDrive\Desktop\MobileNetV2\GC10-DET_PREPARED\IMAGES\silk_spot\silk_spot__img_07_4406645900_00655.jpg,1
silk_spot__img_07_4406645900_00659,silk_spot,val,C:\Users\anmol\OneDrive\Desktop\MobileNetV2\GC10-DET_PREPARED\IMAGES\silk_spot\silk_spot__img_07_4406645900_00659.jpg,1
silk_spot__img_07_4406645900_00774,silk_spot,val,C:\Users\anmol\OneDrive\Desktop\MobileNetV2\GC10-DET_PREPARED\IMAGES\silk_spot\silk_spot__img_07_4406645900_00774.jpg,2
silk_spot__img_07_4406645900_00824,silk_spot,val,C:\Users\anmol\OneDrive\Desktop\MobileNetV2\GC10-DET_PREPARED\IMAGES\silk_spot\silk_spot__img_07_4406645900_00824.jpg,1
silk_spot__img_07_4406645900_00842,silk_spot,val,C:\Users\anmol\OneDrive\Desktop\MobileNetV2\GC10-DET_PREPARED\IMAGES\silk_spot\silk_spot__img_07_4406645900_00842.jpg,1
silk_spot__img_07_4406645900_00877,silk_spot,val,C:\Users\anmol\OneDrive\Desktop\MobileNetV2\GC10-DET_PREPARED\IMAGES\silk_spot\silk_spot__img_07_4406645900_00877.jpg,1
silk_spot__img_07_4406743300_00037,silk_spot,val,C:\Users\anmol\OneDrive\Desktop\MobileNetV2\GC10-DET_PREPARED\IMAGES\silk_spot\silk_spot__img_07_4406743300_00037.jpg,1
silk_spot__img_07_4406743300_00112,silk_spot,val,C:\Users\anmol\OneDrive\Desktop\MobileNetV2\GC10-DET_PREPARED\IMAGES\silk_spot\silk_spot__img_07_4406743300_00112.jpg,1
silk_spot__img_08_4406743300_00069,silk_spot,val,C:\Users\anmol\OneDrive\Desktop\MobileNetV2\GC10-DET_PREPARED\IMAGES\silk_spot\silk_spot__img_08_4406743300_00069.jpg,1
silk_spot__img_08_4406743300_00405,silk_spot,val,C:\Users\anmol\OneDrive\Desktop\MobileNetV2\GC10-DET_PREPARED\IMAGES\silk_spot\silk_spot__img_08_4406743300_00405.jpg,1
silk_spot__img_08_4406743300_00411,silk_spot,val,C:\Users\anmol\OneDrive\Desktop\MobileNetV2\GC10-DET_PREPARED\IMAGES\silk_spot\silk_spot__img_08_4406743300_00411.jpg,1
silk_spot__img_08_4406743300_00414,silk_spot,val,C:\Users\anmol\OneDrive\Desktop\MobileNetV2\GC10-DET_PREPARED\IMAGES\silk_spot\silk_spot__img_08_4406743300_00414.jpg,1
silk_spot__img_08_4406743300_00424,silk_spot,val,C:\Users\anmol\OneDrive\Desktop\MobileNetV2\GC10-DET_PREPARED\IMAGES\silk_spot\silk_spot__img_08_4406743300_00424.jpg,1
silk_spot__img_08_4406743300_00425,silk_spot,val,C:\Users\anmol\OneDrive\Desktop\MobileNetV2\GC10-DET_PREPARED\IMAGES\silk_spot\silk_spot__img_08_4406743300_00425.jpg,1
silk_spot__img_08_4406743300_00427,silk_spot,val,C:\Users\anmol\OneDrive\Desktop\MobileNetV2\GC10-DET_PREPARED\IMAGES\silk_spot\silk_spot__img_08_4406743300_00427.jpg,1
silk_spot__img_08_4406743300_00459,silk_spot,val,C:\Users\anmol\OneDrive\Desktop\MobileNetV2\GC10-DET_PREPARED\IMAGES\silk_spot\silk_spot__img_08_4406743300_00459.jpg,1
waist_folding__img_05_436164700_01553,waist_folding,val,C:\Users\anmol\OneDrive\Desktop\MobileNetV2\GC10-DET_PREPARED\IMAGES\waist_folding\waist_folding__img_05_436164700_01553.jpg,1
waist_folding__img_06_3436786500_00565,waist_folding,val,C:\Users\anmol\OneDrive\Desktop\MobileNetV2\GC10-DET_PREPARED\IMAGES\waist_folding\waist_folding__img_06_3436786500_00565.jpg,1
waist_folding__img_06_3436814000_00007,waist_folding,val,C:\Users\anmol\OneDrive\Desktop\MobileNetV2\GC10-DET_PREPARED\IMAGES\waist_folding\waist_folding__img_06_3436814000_00007.jpg,1
waist_folding__img_06_3436814000_00009,waist_folding,val,C:\Users\anmol\OneDrive\Desktop\MobileNetV2\GC10-DET_PREPARED\IMAGES\waist_folding\waist_folding__img_06_3436814000_00009.jpg,1
waist_folding__img_06_424826800_00488,waist_folding,val,C:\Users\anmol\OneDrive\Desktop\MobileNetV2\GC10-DET_PREPARED\IMAGES\waist_folding\waist_folding__img_06_424826800_00488.jpg,1
waist_folding__img_06_424826800_00493,waist_folding,val,C:\Users\anmol\OneDrive\Desktop\MobileNetV2\GC10-DET_PREPARED\IMAGES\waist_folding\waist_folding__img_06_424826800_00493.jpg,1
waist_folding__img_06_436164300_00003,waist_folding,val,C:\Users\anmol\OneDrive\Desktop\MobileNetV2\GC10-DET_PREPARED\IMAGES\waist_folding\waist_folding__img_06_436164300_00003.jpg,1
waist_folding__img_06_436185800_00723,waist_folding,val,C:\Users\anmol\OneDrive\Desktop\MobileNetV2\GC10-DET_PREPARED\IMAGES\waist_folding\waist_folding__img_06_436185800_00723.jpg,1
waist_folding__img_06_436185800_00731,waist_folding,val,C:\Users\anmol\OneDrive\Desktop\MobileNetV2\GC10-DET_PREPARED\IMAGES\waist_folding\waist_folding__img_06_436185800_00731.jpg,1
waist_folding__img_06_4402830700_01162,waist_folding,val,C:\Users\anmol\OneDrive\Desktop\MobileNetV2\GC10-DET_PREPARED\IMAGES\waist_folding\waist_folding__img_06_4402830700_01162.jpg,1
waist_folding__img_06_4404374100_01306,waist_folding,val,C:\Users\anmol\OneDrive\Desktop\MobileNetV2\GC10-DET_PREPARED\IMAGES\waist_folding\waist_folding__img_06_4404374100_01306.jpg,1
waist_folding__img_06_4405133600_00034,waist_folding,val,C:\Users\anmol\OneDrive\Desktop\MobileNetV2\GC10-DET_PREPARED\IMAGES\waist_folding\waist_folding__img_06_4405133600_00034.jpg,1
waist_folding__img_06_4405133600_00921,waist_folding,val,C:\Users\anmol\OneDrive\Desktop\MobileNetV2\GC10-DET_PREPARED\IMAGES\waist_folding\waist_folding__img_06_4405133600_00921.jpg,1
waist_folding__img_07_424826800_00502,waist_folding,val,C:\Users\anmol\OneDrive\Desktop\MobileNetV2\GC10-DET_PREPARED\IMAGES\waist_folding\waist_folding__img_07_424826800_00502.jpg,1
waist_folding__img_07_4404712100_01000,waist_folding,val,C:\Users\anmol\OneDrive\Desktop\MobileNetV2\GC10-DET_PREPARED\IMAGES\waist_folding\waist_folding__img_07_4404712100_01000.jpg,1
water_spot__img_01_425007600_00854,water_spot,val,C:\Users\anmol\OneDrive\Desktop\MobileNetV2\GC10-DET_PREPARED\IMAGES\water_spot\water_spot__img_01_425007600_00854.jpg,1
water_spot__img_01_425008500_00183,water_spot,val,C:\Users\anmol\OneDrive\Desktop\MobileNetV2\GC10-DET_PREPARED\IMAGES\water_spot\water_spot__img_01_425008500_00183.jpg,1
water_spot__img_01_425008500_00532,water_spot,val,C:\Users\anmol\OneDrive\Desktop\MobileNetV2\GC10-DET_PREPARED\IMAGES\water_spot\water_spot__img_01_425008500_00532.jpg,1
water_spot__img_01_425241600_00649,water_spot,val,C:\Users\anmol\OneDrive\Desktop\MobileNetV2\GC10-DET_PREPARED\IMAGES\water_spot\water_spot__img_01_425241600_00649.jpg,2
water_spot__img_01_425243600_01071,water_spot,val,C:\Users\anmol\OneDrive\Desktop\MobileNetV2\GC10-DET_PREPARED\IMAGES\water_spot\water_spot__img_01_425243600_01071.jpg,2
water_spot__img_01_425244100_00158,water_spot,val,C:\Users\anmol\OneDrive\Desktop\MobileNetV2\GC10-DET_PREPARED\IMAGES\water_spot\water_spot__img_01_425244100_00158.jpg,1
water_spot__img_01_4403565100_00020,water_spot,val,C:\Users\anmol\OneDrive\Desktop\MobileNetV2\GC10-DET_PREPARED\IMAGES\water_spot\water_spot__img_01_4403565100_00020.jpg,1
water_spot__img_02_3436813700_00276,water_spot,val,C:\Users\anmol\OneDrive\Desktop\MobileNetV2\GC10-DET_PREPARED\IMAGES\water_spot\water_spot__img_02_3436813700_00276.jpg,1
water_spot__img_02_3436813700_00335,water_spot,val,C:\Users\anmol\OneDrive\Desktop\MobileNetV2\GC10-DET_PREPARED\IMAGES\water_spot\water_spot__img_02_3436813700_00335.jpg,1
water_spot__img_02_3436813700_00790,water_spot,val,C:\Users\anmol\OneDrive\Desktop\MobileNetV2\GC10-DET_PREPARED\IMAGES\water_spot\water_spot__img_02_3436813700_00790.jpg,1
water_spot__img_02_424799300_00072,water_spot,val,C:\Users\anmol\OneDrive\Desktop\MobileNetV2\GC10-DET_PREPARED\IMAGES\water_spot\water_spot__img_02_424799300_00072.jpg,1
water_spot__img_02_425237000_00520,water_spot,val,C:\Users\anmol\OneDrive\Desktop\MobileNetV2\GC10-DET_PREPARED\IMAGES\water_spot\water_spot__img_02_425237000_00520.jpg,1
water_spot__img_02_425614600_00432,water_spot,val,C:\Users\anmol\OneDrive\Desktop\MobileNetV2\GC10-DET_PREPARED\IMAGES\water_spot\water_spot__img_02_425614600_00432.jpg,1
water_spot__img_02_425621800_00916,water_spot,val,C:\Users\anmol\OneDrive\Desktop\MobileNetV2\GC10-DET_PREPARED\IMAGES\water_spot\water_spot__img_02_425621800_00916.jpg,1
water_spot__img_02_436183700_00098,water_spot,val,C:\Users\anmol\OneDrive\Desktop\MobileNetV2\GC10-DET_PREPARED\IMAGES\water_spot\water_spot__img_02_436183700_00098.jpg,1
water_spot__img_02_4403465900_00043,water_spot,val,C:\Users\anmol\OneDrive\Desktop\MobileNetV2\GC10-DET_PREPARED\IMAGES\water_spot\water_spot__img_02_4403465900_00043.jpg,1
water_spot__img_02_4403466600_00004,water_spot,val,C:\Users\anmol\OneDrive\Desktop\MobileNetV2\GC10-DET_PREPARED\IMAGES\water_spot\water_spot__img_02_4403466600_00004.jpg,1
water_spot__img_02_4403466900_00012,water_spot,val,C:\Users\anmol\OneDrive\Desktop\MobileNetV2\GC10-DET_PREPARED\IMAGES\water_spot\water_spot__img_02_4403466900_00012.jpg,3
water_spot__img_02_4406446700_00001,water_spot,val,C:\Users\anmol\OneDrive\Desktop\MobileNetV2\GC10-DET_PREPARED\IMAGES\water_spot\water_spot__img_02_4406446700_00001.jpg,1
water_spot__img_02_4406772100_00243,water_spot,val,C:\Users\anmol\OneDrive\Desktop\MobileNetV2\GC10-DET_PREPARED\IMAGES\water_spot\water_spot__img_02_4406772100_00243.jpg,1
water_spot__img_02_4406772100_00887,water_spot,val,C:\Users\anmol\OneDrive\Desktop\MobileNetV2\GC10-DET_PREPARED\IMAGES\water_spot\water_spot__img_02_4406772100_00887.jpg,1
water_spot__img_03_3402617700_00053,water_spot,val,C:\Users\anmol\OneDrive\Desktop\MobileNetV2\GC10-DET_PREPARED\IMAGES\water_spot\water_spot__img_03_3402617700_00053.jpg,1
water_spot__img_03_424799600_00800,water_spot,val,C:\Users\anmol\OneDrive\Desktop\MobileNetV2\GC10-DET_PREPARED\IMAGES\water_spot\water_spot__img_03_424799600_00800.jpg,1
water_spot__img_03_424992300_00274,water_spot,val,C:\Users\anmol\OneDrive\Desktop\MobileNetV2\GC10-DET_PREPARED\IMAGES\water_spot\water_spot__img_03_424992300_00274.jpg,1
water_spot__img_03_424992300_00311,water_spot,val,C:\Users\anmol\OneDrive\Desktop\MobileNetV2\GC10-DET_PREPARED\IMAGES\water_spot\water_spot__img_03_424992300_00311.jpg,1
water_spot__img_03_424992500_00437,water_spot,val,C:\Users\anmol\OneDrive\Desktop\MobileNetV2\GC10-DET_PREPARED\IMAGES\water_spot\water_spot__img_03_424992500_00437.jpg,1
water_spot__img_03_424992500_01102,water_spot,val,C:\Users\anmol\OneDrive\Desktop\MobileNetV2\GC10-DET_PREPARED\IMAGES\water_spot\water_spot__img_03_424992500_01102.jpg,1
water_spot__img_03_4404376300_00098,water_spot,val,C:\Users\anmol\OneDrive\Desktop\MobileNetV2\GC10-DET_PREPARED\IMAGES\water_spot\water_spot__img_03_4404376300_00098.jpg,1
water_spot__img_04_425237600_00360,water_spot,val,C:\Users\anmol\OneDrive\Desktop\MobileNetV2\GC10-DET_PREPARED\IMAGES\water_spot\water_spot__img_04_425237600_00360.jpg,1
welding_line__img_01_425614600_00001,welding_line,val,C:\Users\anmol\OneDrive\Desktop\MobileNetV2\GC10-DET_PREPARED\IMAGES\welding_line\welding_line__img_01_425614600_00001.jpg,1
welding_line__img_01_4402818600_00001,welding_line,val,C:\Users\anmol\OneDrive\Desktop\MobileNetV2\GC10-DET_PREPARED\IMAGES\welding_line\welding_line__img_01_4402818600_00001.jpg,2
welding_line__img_02_3402616900_00001,welding_line,val,C:\Users\anmol\OneDrive\Desktop\MobileNetV2\GC10-DET_PREPARED\IMAGES\welding_line\welding_line__img_02_3402616900_00001.jpg,3
welding_line__img_02_425391700_00019,welding_line,val,C:\Users\anmol\OneDrive\Desktop\MobileNetV2\GC10-DET_PREPARED\IMAGES\welding_line\welding_line__img_02_425391700_00019.jpg,2
welding_line__img_02_425506800_00019,welding_line,val,C:\Users\anmol\OneDrive\Desktop\MobileNetV2\GC10-DET_PREPARED\IMAGES\welding_line\welding_line__img_02_425506800_00019.jpg,2
welding_line__img_02_425613800_00786,welding_line,val,C:\Users\anmol\OneDrive\Desktop\MobileNetV2\GC10-DET_PREPARED\IMAGES\welding_line\welding_line__img_02_425613800_00786.jpg,2
welding_line__img_02_436149500_00939,welding_line,val,C:\Users\anmol\OneDrive\Desktop\MobileNetV2\GC10-DET_PREPARED\IMAGES\welding_line\welding_line__img_02_436149500_00939.jpg,1
welding_line__img_02_436164000_00029,welding_line,val,C:\Users\anmol\OneDrive\Desktop\MobileNetV2\GC10-DET_PREPARED\IMAGES\welding_line\welding_line__img_02_436164000_00029.jpg,2
welding_line__img_02_4402852500_01045,welding_line,val,C:\Users\anmol\OneDrive\Desktop\MobileNetV2\GC10-DET_PREPARED\IMAGES\welding_line\welding_line__img_02_4402852500_01045.jpg,3
welding_line__img_03_436068400_00001,welding_line,val,C:\Users\anmol\OneDrive\Desktop\MobileNetV2\GC10-DET_PREPARED\IMAGES\welding_line\welding_line__img_03_436068400_00001.jpg,1
welding_line__img_03_4402766600_00002,welding_line,val,C:\Users\anmol\OneDrive\Desktop\MobileNetV2\GC10-DET_PREPARED\IMAGES\welding_line\welding_line__img_03_4402766600_00002.jpg,2
welding_line__img_03_4402785000_00001,welding_line,val,C:\Users\anmol\OneDrive\Desktop\MobileNetV2\GC10-DET_PREPARED\IMAGES\welding_line\welding_line__img_03_4402785000_00001.jpg,1
welding_line__img_03_4406743300_00001,welding_line,val,C:\Users\anmol\OneDrive\Desktop\MobileNetV2\GC10-DET_PREPARED\IMAGES\welding_line\welding_line__img_03_4406743300_00001.jpg,2
welding_line__img_04_425391100_00017,welding_line,val,C:\Users\anmol\OneDrive\Desktop\MobileNetV2\GC10-DET_PREPARED\IMAGES\welding_line\welding_line__img_04_425391100_00017.jpg,1
welding_line__img_04_425391600_00018,welding_line,val,C:\Users\anmol\OneDrive\Desktop\MobileNetV2\GC10-DET_PREPARED\IMAGES\welding_line\welding_line__img_04_425391600_00018.jpg,1
welding_line__img_04_436164000_00006,welding_line,val,C:\Users\anmol\OneDrive\Desktop\MobileNetV2\GC10-DET_PREPARED\IMAGES\welding_line\welding_line__img_04_436164000_00006.jpg,1
welding_line__img_04_436165600_00004,welding_line,val,C:\Users\anmol\OneDrive\Desktop\MobileNetV2\GC10-DET_PREPARED\IMAGES\welding_line\welding_line__img_04_436165600_00004.jpg,1
welding_line__img_04_4402540800_01484,welding_line,val,C:\Users\anmol\OneDrive\Desktop\MobileNetV2\GC10-DET_PREPARED\IMAGES\welding_line\welding_line__img_04_4402540800_01484.jpg,1
welding_line__img_06_3403405900_00857,welding_line,val,C:\Users\anmol\OneDrive\Desktop\MobileNetV2\GC10-DET_PREPARED\IMAGES\welding_line\welding_line__img_06_3403405900_00857.jpg,1
welding_line__img_06_4403068400_01288,welding_line,val,C:\Users\anmol\OneDrive\Desktop\MobileNetV2\GC10-DET_PREPARED\IMAGES\welding_line\welding_line__img_06_4403068400_01288.jpg,2
welding_line__img_07_3403404600_01001,welding_line,val,C:\Users\anmol\OneDrive\Desktop\MobileNetV2\GC10-DET_PREPARED\IMAGES\welding_line\welding_line__img_07_3403404600_01001.jpg,2
welding_line__img_07_3403405800_00821,welding_line,val,C:\Users\anmol\OneDrive\Desktop\MobileNetV2\GC10-DET_PREPARED\IMAGES\welding_line\welding_line__img_07_3403405800_00821.jpg,2
welding_line__img_07_3403406000_00825,welding_line,val,C:\Users\anmol\OneDrive\Desktop\MobileNetV2\GC10-DET_PREPARED\IMAGES\welding_line\welding_line__img_07_3403406000_00825.jpg,1
welding_line__img_07_425644600_00785,welding_line,val,C:\Users\anmol\OneDrive\Desktop\MobileNetV2\GC10-DET_PREPARED\IMAGES\welding_line\welding_line__img_07_425644600_00785.jpg,1
welding_line__img_07_4404615700_01264,welding_line,val,C:\Users\anmol\OneDrive\Desktop\MobileNetV2\GC10-DET_PREPARED\IMAGES\welding_line\welding_line__img_07_4404615700_01264.jpg,1
welding_line__img_07_4404710300_00877,welding_line,val,C:\Users\anmol\OneDrive\Desktop\MobileNetV2\GC10-DET_PREPARED\IMAGES\welding_line\welding_line__img_07_4404710300_00877.jpg,1
welding_line__img_08_4402851700_00985,welding_line,val,C:\Users\anmol\OneDrive\Desktop\MobileNetV2\GC10-DET_PREPARED\IMAGES\welding_line\welding_line__img_08_4402851700_00985.jpg,1
